author_url,avatar_url,author_name,author_handle,badge,post_time,tweet_text,replies,retweets,likes,tweet_url,analytics_url,cleaned_text,lemmatized_text,sentiment
https://x.com/ProudSocialist,https://pbs.twimg.com/profile_images/1712129275879407616/UehnD0bo_normal.jpg,Power to the People ☭,@ProudSocialist,Follow,Click to Follow ProudSocialist,"Rubio: “Imagine if instead of spending billions on weapons, Iran spent that money on its people. They’d have a much different country.”

Imagine if instead of spending TRILLIONS on war the US spent that money on its people. We’d have a better country & the world would have peace.",0:13,"5:22 AM · Mar 31, 2026",·,https://x.com/ProudSocialist/status/2038728611889328346/analytics,https://x.com/HororPotong,rubio imagine if instead of spending billions on weapons iran spent that money on its people theyd have a much different country imagine if instead of spending trillions on war the __united_states__ spent that money on its people wed have a better country the world would have peace,rubio imagine instead spending billion weapon iran spent money people theyd much different country imagine instead spending trillion war united_states spent money people wed better country world would peace,Positive
https://x.com/noodleandeggrol,https://pbs.twimg.com/profile_images/1418053089244848129/OIx_BnYW_normal.jpg,H** S**,@noodleandeggrol,·,18h,"Not sure if he's really that stupid, or is this some psychological operation.",20,29,1.1K,https://x.com/noodleandeggrol/status/2038729312405520798,https://x.com/noodleandeggrol/status/2038729312405520798/analytics,not sure if hes really that stupid or is this some psychological operation,sure he really stupid psychological operation,Negative
https://x.com/ProudSocialist,https://pbs.twimg.com/profile_images/1712129275879407616/UehnD0bo_normal.jpg,Power to the People ☭,@ProudSocialist,·,18h,Oh they know what they are doing. They are blatantly spitting in our faces.,8,24,788,https://x.com/ProudSocialist/status/2038729527040360519,https://x.com/ProudSocialist/status/2038729527040360519/analytics,oh they know what they are doing they are blatantly spitting in our faces,oh know blatantly spitting face,Neutral
,,Show replies,,,,,,,,,,,,Neutral
https://x.com/Iran_Watch_,https://pbs.twimg.com/profile_images/2038632128972292096/AVvq9bvW_normal.jpg,Iran Unfiltered,@Iran_Watch_,·,20m,The borders are closed and the missiles are aimed. Let the Orange Pig try to open the path!,30,,,https://x.com/Iran_Watch_/status/2038998670108922114,https://x.com/Iran_Watch_/status/2038998670108922114/analytics,the borders are closed and the missiles are aimed let the orange pig try to open the path,border closed missile aimed let orange pig try open path,Neutral
https://x.com/Foo_Olitics,https://pbs.twimg.com/profile_images/2002188606203691008/RJl2uyGS_normal.jpg,FOO_OLITICS,@Foo_Olitics,·,15h,"There’s no way he said that when America is suffering also, This administration is a joke",234,,,https://x.com/Foo_Olitics/status/2038767796646219835,https://x.com/Foo_Olitics/status/2038767796646219835/analytics,theres no way he said that when america is suffering also this administration is a joke,there way said america suffering also administration joke,Positive
https://x.com/JennyWilliamshe,https://pbs.twimg.com/profile_images/1966283952898912256/tBF1I2-p_normal.jpg,Shellz,@JennyWilliamshe,·,14h,This guy has the nerve to say this when our Country is in the very exact situation.,36,1,1,https://x.com/JennyWilliamshe/status/2038779771325395192,https://x.com/JennyWilliamshe/status/2038779771325395192/analytics,this guy has the nerve to say this when our country is in the very exact situation,guy nerve say country exact situation,Neutral
https://x.com/dali0729,https://pbs.twimg.com/profile_images/2036729858135584769/ihqU1FAc_normal.jpg,Dali,@dali0729,·,9h,"Also, no sanctions for over 40 years would have helped.",751,,,https://x.com/dali0729/status/2038856991872020857,https://x.com/dali0729/status/2038856991872020857/analytics,also no sanctions for over years would have helped,also sanction year would helped,Positive
https://x.com/adeodatus313,https://pbs.twimg.com/profile_images/2022890025013125120/Xk7daYtC_normal.jpg,"Si Deus pro nobis est, quis contra nos esse potest",@adeodatus313,·,17h,"Imagine spending trillions on Universal Health care, food for the 40% Americans who can barely get by, free advanced education and skills training (not subject to Jew usury!!), organic pesticide free food, beautiful architecture, instead of money for Israel, wars, psy op programs",4.7K,2,26,https://x.com/adeodatus313/status/2038746404936433802,https://x.com/adeodatus313/status/2038746404936433802/analytics,imagine spending trillions on universal health care food for the americans who can barely get by free advanced education and skills training not subject to jew usury organic pesticide free food beautiful architecture instead of money for israel wars psy op programs,imagine spending trillion universal health care food american barely get free advanced education skill training subject jew usury organic pesticide free food beautiful architecture instead money israel war psy op program,Positive
https://x.com/omgyallrhaterz,https://pbs.twimg.com/profile_images/1870135820499218432/n-K0Aoor_normal.jpg,G’sdon’tbreak,@omgyallrhaterz,·,15h,"Imagine if those spineless beta male cucks like Elon, Rubio, Ted Cruz etc didn’t stay on their knees swallowing Trump juice. Imagine if this fn child predator, convicted felon, sexual assaulting dumbass hadn’t stupidly gotten into this war with Iran & allowed Iran to call his",3.8K,2,9,https://x.com/omgyallrhaterz/status/2038775538500653293,https://x.com/omgyallrhaterz/status/2038775538500653293/analytics,imagine if those spineless beta male cucks like elon rubio ted cruz etc didnt stay on their knees swallowing trump juice imagine if this fn child predator convicted felon sexual assaulting dumbass hadnt stupidly gotten into this war with iran allowed iran to call his,imagine spineless beta male cucks like elon rubio ted cruz etc didnt stay knee swallowing trump juice imagine fn child predator convicted felon sexual assaulting dumbass hadnt stupidly gotten war iran allowed iran call,Neutral
https://x.com/kenoconnor18,https://pbs.twimg.com/profile_images/1972561443741634560/H21U2rzF_normal.jpg,ken o’connor,@kenoconnor18,·,13h,He’s a dangerous clown,499,10,32,https://x.com/kenoconnor18/status/2038804291939639399,https://x.com/kenoconnor18/status/2038804291939639399/analytics,hes a dangerous clown,he dangerous clown,Negative
https://x.com/brijoyce,https://pbs.twimg.com/profile_images/2031575516344627206/PEEwcXcn_normal.jpg,Brian Joyce,@brijoyce,·,17h,Iran's national debt is under 200bn the US's is 40 trillion and there are no cities in Iran that look like this,11K,19,120,https://x.com/brijoyce/status/2038740244757901767,https://x.com/brijoyce/status/2038740244757901767/analytics,irans national debt is under bn the __united_states__s is trillion and there are no cities in iran that look like this,iran national debt bn united_statess trillion city iran look like,Neutral
https://x.com/shaikmukram,https://pbs.twimg.com/profile_images/1391281854204956674/N2oDMRx2_normal.jpg,Shaik Mukram | شیخ مکرم,@shaikmukram,·,14h,Then how would Israel benefit from US taxpayers money?,458,,,https://x.com/shaikmukram/status/2038786341253923028,https://x.com/shaikmukram/status/2038786341253923028/analytics,then how would israel benefit from __united_states__ taxpayers money,would israel benefit united_states taxpayer money,Positive
https://x.com/RealPrincessJas,https://pbs.twimg.com/profile_images/2000781393077600256/OMPhZN_m_normal.jpg,Eye of the Sun,@RealPrincessJas,·,16h,"Wait a minute!! This is coming from a a government which spends around $900 billion on the military while allocating only about $90 billion federally to education. 

It’s no surprise then the USA relies heavily on importing engineers and doctors from other countries—including",3.6K,2,23,https://x.com/RealPrincessJas/status/2038755864044318867,https://x.com/RealPrincessJas/status/2038755864044318867/analytics,wait a minute this is coming from a a government which spends around billion on the military while allocating only about billion federally to education its no surprise then the usa relies heavily on importing engineers and doctors from other countriesincluding,wait minute coming government spends around billion military allocating billion federally education surprise usa relies heavily importing engineer doctor countriesincluding,Neutral
https://x.com/rodwlatstetter,https://pbs.twimg.com/profile_images/2013759789117865985/-LkhDFZ1_normal.jpg,Rodney Latstetter,@rodwlatstetter,·,3h,"DOES YOUR BRAIN HEAR WHAT YOUR MOUTH SAYS? THE US DEBT IS $39,000,000,000,000 AND 99.99999999% IS SPENT ON",45,,,https://x.com/rodwlatstetter/status/2038944419999617146,https://x.com/rodwlatstetter/status/2038944419999617146/analytics,does your brain hear what your mouth says the __united_states__ debt is and is spent on,brain hear mouth say united_states debt spent,Neutral
https://x.com/bitcoinaioalert,https://pbs.twimg.com/profile_images/1993490348971077632/OZqwFctE_normal.jpg,BitcoinAioAlert,@bitcoinaioalert,·,16h,This was 6 years ago. We are over $1 Trillion in National Defense spending now. #2 highest spender is China at $297 Billion. We SPEND $2 Trillion more than we GENERATE per YEAR as a country (deficit). Citizens should be pissed!,1.4K,1,2,https://x.com/bitcoinaioalert/status/2038758822085292034,https://x.com/bitcoinaioalert/status/2038758822085292034/analytics,this was years ago we are over trillion in national defense spending now highest spender is china at billion we spend trillion more than we generate per year as a country deficit citizens should be pissed,year ago trillion national defense spending highest spender china billion spend trillion generate per year country deficit citizen pissed,Neutral
https://x.com/PkrBum,https://pbs.twimg.com/profile_images/1261788754655707137/zzTRL6lF_normal.jpg,PkrBum,@PkrBum,·,18h,"Iran is sponsoring terrorism.

It's not the same.",1.4K,45,1,https://x.com/PkrBum/status/2038729777159475435,https://x.com/PkrBum/status/2038729777159475435/analytics,iran is sponsoring terrorism its not the same,iran sponsoring terrorism,Neutral
https://x.com/burns195593,https://pbs.twimg.com/profile_images/1873311721902796800/0BCxlsdB_normal.jpg,BUNNY,@burns195593,·,11h,"For fuck sake 
How much more of this pish do we need to listen to
What happened to journalism",5,,,https://x.com/burns195593/status/2038837219880747057,https://x.com/burns195593/status/2038837219880747057/analytics,for fuck sake how much more of this pish do we need to listen to what happened to journalism,fuck sake much pish need listen happened journalism,Neutral
https://x.com/sbp81,https://pbs.twimg.com/profile_images/2718313790/e5f40d3d9777a0b4eab2e15f5a21355f_normal.jpeg,SBP,@sbp81,·,4h,A dip shit what if the American government spent money on its people in veterans instead of wars?,38,,,https://x.com/sbp81/status/2038930857776345163,https://x.com/sbp81/status/2038930857776345163/analytics,a dip shit what if the american government spent money on its people in veterans instead of wars,dip shit american government spent money people veteran instead war,Neutral
https://x.com/Adam639689,https://abs.twimg.com/sticky/default_profile_images/default_profile_normal.png,Adam,@Adam639689,·,2h,I imagine if we don’t spend our taxes money on Israel endless wars and we spend the money on our kids and our healthcare system,17,1,,https://x.com/Adam639689/status/2038962096218534169,https://x.com/Adam639689/status/2038962096218534169/analytics,i imagine if we dont spend our taxes money on israel endless wars and we spend the money on our kids and our healthcare system,imagine dont spend tax money israel endless war spend money kid healthcare system,Positive
https://x.com/khar_bozorg,https://pbs.twimg.com/profile_images/1833729832724971520/CDdgrWgD_normal.jpg,Khar Fahm,@khar_bozorg,·,11h,"If the Iranians didn’t spend that money on weapons, they would not have a country by now.",98,,,https://x.com/khar_bozorg/status/2038832347773374554,https://x.com/khar_bozorg/status/2038832347773374554/analytics,if the iranians didnt spend that money on weapons they would not have a country by now,iranian didnt spend money weapon would country,Neutral
https://x.com/TomO85613447,https://pbs.twimg.com/profile_images/1870994820350844928/Ord2ZRp-_normal.jpg,Tom’s On Fire,@TomO85613447,·,11h,"We already DO spend trillions on our people, you fucking moron. The federal budget is $6-7 TRILLION every year. Look at this chart, idiot.",203,2,,https://x.com/TomO85613447/status/2038827246937379235,https://x.com/TomO85613447/status/2038827246937379235/analytics,we already do spend trillions on our people you fucking moron the federal budget is trillion every year look at this chart idiot,already spend trillion people fucking moron federal budget trillion every year look chart idiot,Neutral
https://x.com/FREEtheWordsnow,https://pbs.twimg.com/profile_images/2008017614144995328/nQcchdI-_normal.png,FREE the Words,@FREEtheWordsnow,·,1h,"If the Americans did the same, they might even reach the educational level of the Iranians.",10,,,https://x.com/FREEtheWordsnow/status/2038977761235103816,https://x.com/FREEtheWordsnow/status/2038977761235103816/analytics,if the americans did the same they might even reach the educational level of the iranians,american might even reach educational level iranian,Neutral
https://x.com/ma71133277,https://pbs.twimg.com/profile_images/1192641566176886784/p7HtKpck_normal.jpg,NameMeNot10,@ma71133277,·,14h,RUBIO IS PART OF WHAT'S WRONG IN WASHINGTON. HE DOESN'T BELONG IN THE WH IRCLE AND NEITHER DO THE REST OF TRUMP'S INADEQUATE ADVISERS. THEY ARE SREERING HIM DOWN THE WRONG PATHS.,1.8K,,,https://x.com/ma71133277/status/2038791309322789107,https://x.com/ma71133277/status/2038791309322789107/analytics,rubio is part of whats wrong in washington he doesnt belong in the wh ircle and neither do the rest of trumps inadequate advisers they are sreering him down the wrong paths,rubio part whats wrong washington doesnt belong wh ircle neither rest trump inadequate adviser sreering wrong path,Negative
https://x.com/lagenie24,https://pbs.twimg.com/profile_images/2003582553626910720/Bmc7zcXn_normal.jpg,LAGenie,@lagenie24,·,13h,I use to think it was hubris. Now I think it’s LSD,73,1,,https://x.com/lagenie24/status/2038795531863089308,https://x.com/lagenie24/status/2038795531863089308/analytics,i use to think it was hubris now i think its lsd,use think hubris think lsd,Negative
https://x.com/CHRISTI12512382,https://pbs.twimg.com/profile_images/1638223299967582208/CZ_p98Rs_normal.jpg,CHRISTIE KERR,@CHRISTI12512382,·,12h,"YOU STUPID BASTARD RUBIO!
AS EVIL AS THE AYATOLLAH KHAMENEI WAS, HE WAS COMPARABLE TO WHAT TRUMP HAS RELEASED ON THE WORLD! 
BY KILLING HIM, TRUMP & THIS RECKLESS REGIME HAVE OPENED A HORNETS NEST OF TERRORISM ON THE WORLD THAT THEY HAVE NO FUCKING IDEA  HOW TO DEAL WITH OR STOP!",270,1,1,https://x.com/CHRISTI12512382/status/2038813051323867494,https://x.com/CHRISTI12512382/status/2038813051323867494/analytics,you stupid bastard rubio as evil as the ayatollah khamenei was he was comparable to what trump has released on the world by killing him trump this reckless regime have opened a hornets nest of terrorism on the world that they have no fucking idea how to deal with or stop,stupid bastard rubio evil ayatollah khamenei comparable trump released world killing trump reckless regime opened hornet nest terrorism world fucking idea deal stop,Negative
https://x.com/guy_mfg,https://pbs.twimg.com/profile_images/1612900747586199552/O5kyFLen_normal.jpg,Mfg Guy,@guy_mfg,·,16h,You really need to hire someone to stop you from saying stupid stuff. The US spends 126x as much as Iran on military spending. That's 50% more when compared to GDP and 33.7x more when on a per capita basis.,476,1,13,https://x.com/guy_mfg/status/2038758530807644486,https://x.com/guy_mfg/status/2038758530807644486/analytics,you really need to hire someone to stop you from saying stupid stuff the __united_states__ spends x as much as iran on military spending thats more when compared to gdp and x more when on a per capita basis,really need hire someone stop saying stupid stuff united_states spends x much iran military spending thats compared gdp x per caput basis,Neutral
https://x.com/Bill_of_Rightss,https://pbs.twimg.com/profile_images/2013077139600310272/8VwCjSND_normal.jpg,21st Century Feudalism,@Bill_of_Rightss,·,13h,The ludicrous and hypocritical trash that comes  out of their mouths is getting unbearable. This idiot is representing USA. Every US American should be devastated and those that voted for Trump a 3rd time? Fool me once....,1.1K,3,,https://x.com/Bill_of_Rightss/status/2038803969901052234,https://x.com/Bill_of_Rightss/status/2038803969901052234/analytics,the ludicrous and hypocritical trash that comes out of their mouths is getting unbearable this idiot is representing usa every __united_states__ american should be devastated and those that voted for trump a rd time fool me once,ludicrous hypocritical trash come mouth getting unbearable idiot representing usa every united_states american devastated voted trump rd time fool,Neutral
https://x.com/saavedrakorinna,https://pbs.twimg.com/profile_images/860668819496329216/L6P7rTmk_normal.jpg,Pia Saavedra_Personally,@saavedrakorinna,·,13h,"Imagine if you thought of THAT for your own citizens? You know, reliable healthcare, safe public learning spaces, and trustworthy police, for starters?",947,,,https://x.com/saavedrakorinna/status/2038800050047033720,https://x.com/saavedrakorinna/status/2038800050047033720/analytics,imagine if you thought of that for your own citizens you know reliable healthcare safe public learning spaces and trustworthy police for starters,imagine thought citizen know reliable healthcare safe public learning space trustworthy police starter,Positive
https://x.com/grralph,https://abs.twimg.com/sticky/default_profile_images/default_profile_normal.png,Gary Ralph,@grralph,·,11h,"Ah these hollow men.

Never realising that their criticisms are circular projections of their own failures and faults.",105,1,,https://x.com/grralph/status/2038823585113145363,https://x.com/grralph/status/2038823585113145363/analytics,ah these hollow men never realising that their criticisms are circular projections of their own failures and faults,ah hollow men never realising criticism circular projection failure fault,Negative
https://x.com/BjGilger,https://pbs.twimg.com/profile_images/1754292023509819392/YKGPoWkp_normal.jpg,BJ Gilger,@BjGilger,·,9h,How about they didn’t steal it from the workers of America and let them spend the money?,8,,,https://x.com/BjGilger/status/2038864229135183915,https://x.com/BjGilger/status/2038864229135183915/analytics,how about they didnt steal it from the workers of america and let them spend the money,didnt steal worker america let spend money,Positive
https://x.com/miscellany101,https://pbs.twimg.com/profile_images/1965385327079460865/Lxl561ih_normal.jpg,miscellany101,@miscellany101,·,3h,Gas prices in a purple state at the beginning of the war and gas prices yesterday at the same pump. How is this war that America started in Americans' interest?,112,2,,https://x.com/miscellany101/status/2038946302143127712,https://x.com/miscellany101/status/2038946302143127712/analytics,gas prices in a purple state at the beginning of the war and gas prices yesterday at the same pump how is this war that america started in americans interest,gas price purple state beginning war gas price yesterday pump war america started american interest,Neutral
https://x.com/badoudi98567755,https://pbs.twimg.com/profile_images/1808591186543747072/Hz4Ptp6S_normal.jpg,GBI NEWS,@badoudi98567755,·,7h,True US trillions on wars could transform lives at home. Peace dividend needed.,51,,,https://x.com/badoudi98567755/status/2038897323418304797,https://x.com/badoudi98567755/status/2038897323418304797/analytics,true __united_states__ trillions on wars could transform lives at home peace dividend needed,true united_states trillion war could transform life home peace dividend needed,Neutral
https://x.com/VanceElean12934,https://abs.twimg.com/sticky/default_profile_images/default_profile_normal.png,Eleanor Vance,@VanceElean12934,·,13h,Whose idea was the US's current war?,642,,,https://x.com/VanceElean12934/status/2038803619282342296,https://x.com/VanceElean12934/status/2038803619282342296/analytics,whose idea was the __united_states__s current war,whose idea united_statess current war,Neutral
https://x.com/LezTonny,https://pbs.twimg.com/profile_images/1721755837654552576/kaC-C-4v_normal.jpg,Tonny Lez,@LezTonny,·,15h,"according to MAGA america need to spend money for wars.. Trilions of it, its called ""Peace through Strength""

The Strength...",1.9K,1,9,https://x.com/LezTonny/status/2038773230518050897,https://x.com/LezTonny/status/2038773230518050897/analytics,according to maga america need to spend money for wars trilions of it its called peace through strength the strength,according maga america need spend money war trilions called peace strength strength,Positive
https://x.com/Davizzy77,https://pbs.twimg.com/profile_images/1597681843985436676/WF3Nj_RU_normal.jpg,Davizzy_CFC,@Davizzy77,·,18h,"That argument cuts both ways—if governments prioritized people over war, everyone would be better off.",731,5,4,https://x.com/Davizzy77/status/2038728855867863128,https://x.com/Davizzy77/status/2038728855867863128/analytics,that argument cuts both waysif governments prioritized people over war everyone would be better off,argument cut waysif government prioritized people war everyone would better,Positive
https://x.com/kawaiibsfr,https://pbs.twimg.com/profile_images/2025619165910851584/sflr7JTb_normal.jpg,Kawaii 🫆,@kawaiibsfr,·,8h,They are same on that regard,142,1,,https://x.com/kawaiibsfr/status/2038874831039656148,https://x.com/kawaiibsfr/status/2038874831039656148/analytics,they are same on that regard,regard,Neutral
https://x.com/catalinamike47,https://abs.twimg.com/sticky/default_profile_images/default_profile_normal.png,catalinamike47,@catalinamike47,·,13h,Imagine not spending on technology and defense.  We would be speaking German and Japanese!,64,,,https://x.com/catalinamike47/status/2038795967655481475,https://x.com/catalinamike47/status/2038795967655481475/analytics,imagine not spending on technology and defense we would be speaking german and japanese,imagine spending technology defense would speaking german japanese,Positive
https://x.com/ParalaxView,https://pbs.twimg.com/profile_images/2021850986977824769/REhMZsD-_normal.jpg,E.D. Kelley,@ParalaxView,·,14h,"Dude, do you even hear yourself? $919B · American Defense spending (FY 2025)",568,,,https://x.com/ParalaxView/status/2038779519625019521,https://x.com/ParalaxView/status/2038779519625019521/analytics,dude do you even hear yourself b american defense spending fy,dude even hear b american defense spending fy,Neutral
https://x.com/HamishMilmine,https://abs.twimg.com/sticky/default_profile_images/default_profile_normal.png,Hamish Milmine,@HamishMilmine,·,9h,"Oh so simple Proud socialist. Or, in another scenario the USA would have been nuked already if it didnt have a military to protect it",257,,,https://x.com/HamishMilmine/status/2038866705838211280,https://x.com/HamishMilmine/status/2038866705838211280/analytics,oh so simple proud socialist or in another scenario the usa would have been nuked already if it didnt have a military to protect it,oh simple proud socialist another scenario usa would nuked already didnt military protect,Neutral
https://x.com/BahIdiouthierno,https://pbs.twimg.com/profile_images/2003912193168023552/R1QGh3Bf_normal.png,IDIOUTHIERNO BAH,@BahIdiouthierno,·,11h,"Allahu Akbar media war for loose, US should spend American taxpayers money on health care instead of endless wars",92,1,,https://x.com/BahIdiouthierno/status/2038837604729188773,https://x.com/BahIdiouthierno/status/2038837604729188773/analytics,allahu akbar media war for loose __united_states__ should spend american taxpayers money on health care instead of endless wars,allahu akbar medium war loose united_states spend american taxpayer money health care instead endless war,Positive
https://x.com/Amososime,https://pbs.twimg.com/profile_images/2027721772443811840/TuWbXn3-_normal.jpg,Official Osime,@Amososime,·,4h,"The same should be said about the US too. We have got a lot of people in need of housing, healthcare, shelter. Imagine what $2 billion daily of war fund can do",200,1,7,https://x.com/Amososime/status/2038935883206762990,https://x.com/Amososime/status/2038935883206762990/analytics,the same should be said about the __united_states__ too we have got a lot of people in need of housing healthcare shelter imagine what billion daily of war fund can do,said united_states got lot people need housing healthcare shelter imagine billion daily war fund,Neutral
https://x.com/FormlessEntity,https://pbs.twimg.com/profile_images/1767044816574230528/pKIv4B6E_normal.jpg,Jack Flak,@FormlessEntity,·,10h,The world would have peace if the US disarmed?,133,1,,https://x.com/FormlessEntity/status/2038842268552163437,https://x.com/FormlessEntity/status/2038842268552163437/analytics,the world would have peace if the __united_states__ disarmed,world would peace united_states disarmed,Negative
https://x.com/toghrol1975,https://pbs.twimg.com/profile_images/2038510760180187137/tFa4oTdb_normal.jpg,Toghrol,@toghrol1975,·,7h,"The United States has a military budget 60 times more than Iran, yet it sees no threat to itself, while Iran is constantly threatened by Israel and the United States.",206,1,,https://x.com/toghrol1975/status/2038888221241946135,https://x.com/toghrol1975/status/2038888221241946135/analytics,the __united_states__ __united_states__ has a military budget times more than iran yet it sees no threat to itself while iran is constantly threatened by israel and the __united_states__ __united_states__,united_states united_states military budget time iran yet see threat iran constantly threatened israel united_states united_states,Neutral
https://x.com/BoydBischke,https://pbs.twimg.com/profile_images/1997017927233757184/z7HOlwfX_normal.jpg,Boyd Bischke,@BoydBischke,·,15h,"Imagine if instead of spending $800b on defense we spent over $4tn per year on entitlements.

Ohh wait we do spent over $4tn per year on entitlements.",494,1,,https://x.com/BoydBischke/status/2038764477211082861,https://x.com/BoydBischke/status/2038764477211082861/analytics,imagine if instead of spending b on defense we spent over tn per year on entitlements ohh wait we do spent over tn per year on entitlements,imagine instead spending b defense spent tn per year entitlement ohh wait spent tn per year entitlement,Neutral
https://x.com/envoisier,https://pbs.twimg.com/profile_images/1168168871053971458/uV8nDMCz_normal.jpg,LESLIE VAIZEY,@envoisier,·,10h,But they would’´t be to defend themselves or kick the arse of terrorist nations like the USA and Israël. And how much does the USA spend on terrorist wars ? And what about the suffering poor and sick in the USA ? You are all lying louts.,49,,,https://x.com/envoisier/status/2038843140665151587,https://x.com/envoisier/status/2038843140665151587/analytics,but they wouldt be to defend themselves or kick the arse of terrorist nations like the usa and isral and how much does the usa spend on terrorist wars and what about the suffering poor and sick in the usa you are all lying louts,wouldt defend kick arse terrorist nation like usa isral much usa spend terrorist war suffering poor sick usa lying lout,Negative
https://x.com/1Ark4humanity,https://pbs.twimg.com/profile_images/2038641928510877696/yDwLMqF9_normal.jpg,Creations HQ's,@1Ark4humanity,·,58s,"The lack of self-awareness is astounding.

“Imagine if they spent that money on their people.”

We should.

Trillions poured into war
while our own people struggle to live.

And they say it with a straight face.

Either they don’t see it
or they do, and they don’t care.",2,,,https://x.com/1Ark4humanity/status/2039003966747623925,https://x.com/1Ark4humanity/status/2039003966747623925/analytics,the lack of selfawareness is astounding imagine if they spent that money on their people we should trillions poured into war while our own people struggle to live and they say it with a straight face either they dont see it or they do and they dont care,lack selfawareness astounding imagine spent money people trillion poured war people struggle live say straight face either dont see dont care,Neutral
https://x.com/justjimsopinion,https://pbs.twimg.com/profile_images/1935678332797947904/fs-fpL8__normal.jpg,JustJimsOpinion,@justjimsopinion,·,13h,"CONGRATULATIONS TRUMP ADMINISTRATION!
(With a shoutout to Congress as well!)

You’ve made America Israel’s little bitch. Taken the greatest military in the world & made them a proxy army for a country that today said THEIR troops will NOT be sent onto the battlefield. 

Let me",223,,,https://x.com/justjimsopinion/status/2038805564847731051,https://x.com/justjimsopinion/status/2038805564847731051/analytics,congratulations trump administration with a shoutout to congress as well youve made america israels little bitch taken the greatest military in the world made them a proxy army for a country that today said their troops will not be sent onto the battlefield let me,congratulation trump administration shoutout congress well youve made america israel little bitch taken greatest military world made proxy army country today said troop sent onto battlefield let,Neutral
https://x.com/SapphoDe,https://pbs.twimg.com/profile_images/1623015472/Sappho_normal.jpg,Sappho de Miranda,@SapphoDe,·,14h,Has your lamestream media and their lamestream reporters challenged him on that rather explosive claim?,77,,,https://x.com/SapphoDe/status/2038780357806530974,https://x.com/SapphoDe/status/2038780357806530974/analytics,has your lamestream media and their lamestream reporters challenged him on that rather explosive claim,lamestream medium lamestream reporter challenged rather explosive claim,Neutral
https://x.com/isaiah_tunga,https://pbs.twimg.com/profile_images/2002589492633296897/B2Wc-FrE_normal.jpg,Isaiah T,@isaiah_tunga,·,15h,Who are you to tell Iranians what to do with their money?,35,2,,https://x.com/isaiah_tunga/status/2038764489793745368,https://x.com/isaiah_tunga/status/2038764489793745368/analytics,who are you to tell iranians what to do with their money,tell iranian money,Neutral
https://x.com/travissidelinge,https://pbs.twimg.com/profile_images/1613447914394640384/S3044br2_normal.jpg,Travis Sidelinger,@travissidelinge,·,5h,"Imagine if the United States spent trillions on it's own people and infrastructure instead of spending it on war.

You really screwed up starting this war.",47,,,https://x.com/travissidelinge/status/2038923299921567778,https://x.com/travissidelinge/status/2038923299921567778/analytics,imagine if the __united_states__ __united_states__ spent trillions on its own people and infrastructure instead of spending it on war you really screwed up starting this war,imagine united_states united_states spent trillion people infrastructure instead spending war really screwed starting war,Positive
https://x.com/wan721,https://pbs.twimg.com/profile_images/1979509692444377088/ZNy_UMEo_normal.jpg,Aaron Lin,@wan721,·,10h,"Which is a pretty damn good idea. Good thinking, Iran. These Israeli and US terrorists could attack you at any moment.",30,,,https://x.com/wan721/status/2038844704243249494,https://x.com/wan721/status/2038844704243249494/analytics,which is a pretty damn good idea good thinking iran these israeli and __united_states__ terrorists could attack you at any moment,pretty damn good idea good thinking iran israeli united_states terrorist could attack moment,Positive
https://x.com/AndySmithAtkins,https://pbs.twimg.com/profile_images/1793228348237185025/6S_BiEgR_normal.jpg,Andy Smith,@AndySmithAtkins,·,14h,Imagin a U.S. president that focused on making US citizens lives better instead of making Billionaire Oligarchs more billions.,47,1,,https://x.com/AndySmithAtkins/status/2038790195156574701,https://x.com/AndySmithAtkins/status/2038790195156574701/analytics,imagin a us president that focused on making __united_states__ citizens lives better instead of making billionaire oligarchs more billions,imagin u president focused making united_states citizen life better instead making billionaire oligarch billion,Positive
https://x.com/Nimikumar2,https://pbs.twimg.com/profile_images/1913071429362577408/x0omlXx0_normal.jpg,NiMi the soothsayer,@Nimikumar2,·,14h,"Seems to be he is  the only leader projecting a credible face of America. but ground war could become a Waterloo for Trump. Iran’s confidence suggests it may be receiving possibly munitions  from Russia, China, and nuclear support from North Korea.",586,2,,https://x.com/Nimikumar2/status/2038791338075021334,https://x.com/Nimikumar2/status/2038791338075021334/analytics,seems to be he is the only leader projecting a credible face of america but ground war could become a waterloo for trump irans confidence suggests it may be receiving possibly munitions from russia china and nuclear support from north korea,seems leader projecting credible face america ground war could become waterloo trump iran confidence suggests may receiving possibly munition russia china nuclear support north korea,Neutral
https://x.com/PeterBrunelliLj,https://pbs.twimg.com/profile_images/1969197175293808640/kEsfRtfV_normal.jpg,Peter Brunelli,@PeterBrunelliLj,·,13h,"So we got Tail (Israel) wagging the dog with the shit head statement by Rubio.”We knew about an Israel action”so Israel may have been thinking, “crap! T is too close to a deal and that also happened in June.T close to a deal and Israel goes and kills the negotiators. We fucked it",1K,,,https://x.com/PeterBrunelliLj/status/2038805374946419166,https://x.com/PeterBrunelliLj/status/2038805374946419166/analytics,so we got tail israel wagging the dog with the shit head statement by rubiowe knew about an israel actionso israel may have been thinking crap t is too close to a deal and that also happened in junet close to a deal and israel goes and kills the negotiators we fucked it,got tail israel wagging dog shit head statement rubiowe knew israel actionso israel may thinking crap close deal also happened junet close deal israel go kill negotiator fucked,Neutral
https://x.com/PalisadesBasset,https://pbs.twimg.com/profile_images/1842777452122173440/xPwxxK-S_normal.jpg,Palisades Basset,@PalisadesBasset,·,16h,Now do America,20,,,https://x.com/PalisadesBasset/status/2038756133406659053,https://x.com/PalisadesBasset/status/2038756133406659053/analytics,now do america,america,Neutral
https://x.com/JosiahiUche,https://pbs.twimg.com/profile_images/1835006390449963009/nTPKHQSI_normal.jpg,Josiah Uche,@JosiahiUche,·,16h,"Imagine if the US hadn't imposed 47 years of sanctions on Iran?

Iran would have been one of the best countries in the world.",1.6K,3,13,https://x.com/JosiahiUche/status/2038754314194153705,https://x.com/JosiahiUche/status/2038754314194153705/analytics,imagine if the __united_states__ hadnt imposed years of sanctions on iran iran would have been one of the best countries in the world,imagine united_states hadnt imposed year sanction iran iran would one best country world,Positive
https://x.com/Simulacra333,https://pbs.twimg.com/profile_images/1950404446489374720/5G-iL5Oq_normal.jpg,Nico,@Simulacra333,·,4h,"Ever studied ancient history and wondered “how and why did all the peasants just conform to live on breadcrumbs under the dictatorship of evil kings that stole all the riches?” 

Look at us, we are all doing the same thing 1000 years later.

Irani or American, doesn’t matter. You",13,,,https://x.com/Simulacra333/status/2038936506824282276,https://x.com/Simulacra333/status/2038936506824282276/analytics,ever studied ancient history and wondered how and why did all the peasants just conform to live on breadcrumbs under the dictatorship of evil kings that stole all the riches look at us we are all doing the same thing years later irani or american doesnt matter you,ever studied ancient history wondered peasant conform live breadcrumb dictatorship evil king stole rich look u thing year later irani american doesnt matter,Negative
https://x.com/NimmoKurt,https://pbs.twimg.com/profile_images/2038792156794761216/mxekOmnN_normal.jpg,Kurt Nimmo,@NimmoKurt,·,17h,"What a hypocrite. Hey, Cuban anchor baby, imagine spending that trillion and a half dollars you want to spend on so called defense spent on the American people instead of a little shitty country full of psychopaths.",238,1,4,https://x.com/NimmoKurt/status/2038743716823736451,https://x.com/NimmoKurt/status/2038743716823736451/analytics,what a hypocrite hey cuban anchor baby imagine spending that trillion and a half dollars you want to spend on so called defense spent on the american people instead of a little shitty country full of psychopaths,hypocrite hey cuban anchor baby imagine spending trillion half dollar want spend called defense spent american people instead little shitty country full psychopath,Neutral
https://x.com/Placidopv,https://pbs.twimg.com/profile_images/1445415353484468232/ytpxg8k1_normal.jpg,꧁,@Placidopv,·,16h,He sees the world upside down,475,3,9,https://x.com/Placidopv/status/2038749624564109315,https://x.com/Placidopv/status/2038749624564109315/analytics,he sees the world upside down,see world upside,Neutral
https://x.com/Jjimm,https://pbs.twimg.com/profile_images/378800000185048262/cf9d5516242b2d46b41e69abf5f2506b_normal.jpeg,jjimm,@Jjimm,·,11h,Imagine if Rubio has the brains of a marshmallow and realized that what he just said proves without question that the Trumptrain jumped the tracks and doesn’t even know it…,16,,,https://x.com/Jjimm/status/2038830519732109725,https://x.com/Jjimm/status/2038830519732109725/analytics,imagine if rubio has the brains of a marshmallow and realized that what he just said proves without question that the trumptrain jumped the tracks and doesnt even know it,imagine rubio brain marshmallow realized said prof without question trumptrain jumped track doesnt even know,Neutral
https://x.com/GNorthgate35413,https://pbs.twimg.com/profile_images/1805700840994336768/t9UWw0RG_normal.jpg,Gareth Northgate,@GNorthgate35413,·,16h,"I Imagine there's no countries
It isn't hard to do
Nothing to kill or die for
And no religion, too",21,,,https://x.com/GNorthgate35413/status/2038758174187008132,https://x.com/GNorthgate35413/status/2038758174187008132/analytics,i imagine theres no countries it isnt hard to do nothing to kill or die for and no religion too,imagine there country isnt hard nothing kill die religion,Negative
https://x.com/itskhled,https://pbs.twimg.com/profile_images/2014344835298185216/lCZmYl41_normal.jpg,Chris Khaled,@itskhled,·,15h,"Imagine… whole team just out here talking without thinking, couldn’t he hear himself",148,2,,https://x.com/itskhled/status/2038765734633918545,https://x.com/itskhled/status/2038765734633918545/analytics,imagine whole team just out here talking without thinking couldnt he hear himself,imagine whole team talking without thinking couldnt hear,Neutral
https://x.com/rogueducknet,https://pbs.twimg.com/profile_images/1785500460440510464/mjDA2Tvs_normal.jpg,Rogue Duck Interactive,@rogueducknet,Ad,From steampowered.com,"Make the perfect stew in our witch-themed deckbuilding roguelike!
Play Free Demo on Steam!",17,78,1.5K,https://store.steampowered.com/app/3330210/Kinny_and_the_Cosmic_Cauldron/?utm_source=rdi_x_vid_post&twclid=2bh6yfitmdgokeizc1w9zcqbos,https://x.com/rogueducknet/status/2037202478249501040/analytics,make the perfect stew in our witchthemed deckbuilding roguelike play free demo on steam,make perfect stew witchthemed deckbuilding roguelike play free demo steam,Positive
https://x.com/MacroBombastic,https://pbs.twimg.com/profile_images/1998039880278888448/ywABI93K_normal.jpg,Macro Bombastic,@MacroBombastic,·,17h,"Mate, this coming from a guy who's been profiting off war and intervention for years.",467,1,16,https://x.com/MacroBombastic/status/2038744675213820107,https://x.com/MacroBombastic/status/2038744675213820107/analytics,mate this coming from a guy whos been profiting off war and intervention for years,mate coming guy who profiting war intervention year,Positive
https://x.com/biogradbooth,https://pbs.twimg.com/profile_images/378800000791393522/3ac46df32c46471ae1b77bccbc5f546b_normal.jpeg,Ryan Max Booth,@biogradbooth,·,14h,Not while Iran chants death to America and builds weapons to kill us.,62,,,https://x.com/biogradbooth/status/2038780178051002865,https://x.com/biogradbooth/status/2038780178051002865/analytics,not while iran chants death to america and builds weapons to kill us,iran chant death america build weapon kill u,Neutral
https://x.com/JTChatworth,https://pbs.twimg.com/profile_images/1852513655151079424/S953lac9_normal.jpg,Thrushcross,@JTChatworth,·,4h,"“Imagine a US that instead of spending its wealth - 100s of BILLIONS of dollars supporting the Israeli terrorists and weapons, had spent that money helping the people of the USA, you’d have a much different country.”

There, I fixed it for you.",54,1,,https://x.com/JTChatworth/status/2038929911033786758,https://x.com/JTChatworth/status/2038929911033786758/analytics,imagine a __united_states__ that instead of spending its wealth s of billions of dollars supporting the israeli terrorists and weapons had spent that money helping the people of the usa youd have a much different country there i fixed it for you,imagine united_states instead spending wealth billion dollar supporting israeli terrorist weapon spent money helping people usa youd much different country fixed,Positive
https://x.com/mysticl,https://pbs.twimg.com/profile_images/794217853738041344/NstqWeuw_normal.jpg,Impenitent Atheist,@mysticl,·,15h,you spend TRILLIONS on your military and your people live without healthcare ... yoiur country is a shitty place ... when you lose the petrodollar it will be even shittier ... thoughts and prayers,77,1,1,https://x.com/mysticl/status/2038764938798522483,https://x.com/mysticl/status/2038764938798522483/analytics,you spend trillions on your military and your people live without healthcare yoiur country is a shitty place when you lose the petrodollar it will be even shittier thoughts and prayers,spend trillion military people live without healthcare yoiur country shitty place lose petrodollar even shittier thought prayer,Negative
https://x.com/WesMont54512580,https://pbs.twimg.com/profile_images/1393373943973650435/Vq91y_9e_normal.jpg,W. Montgomery,@WesMont54512580,·,16h,"Lying Marco-Oh, look, it’s the current Secretary of State gleefully posing with the pardoned-from-a-long-prison sentence leader of The Proud Boys, the domestic terrorist group who led the beating and killing of cops during the attempted overthrow of our government on 01/06/21.",271,1,5,https://x.com/WesMont54512580/status/2038762367438434602,https://x.com/WesMont54512580/status/2038762367438434602/analytics,lying marcooh look its the current secretary of state gleefully posing with the pardonedfromalongprison sentence leader of the proud boys the domestic terrorist group who led the beating and killing of cops during the attempted overthrow of our government on,lying marcooh look current secretary state gleefully posing pardonedfromalongprison sentence leader proud boy domestic terrorist group led beating killing cop attempted overthrow government,Neutral
https://x.com/i_am_Rawkstarr,https://pbs.twimg.com/profile_images/1994487967428014080/OeXAJHIq_normal.jpg,Rawkstarr,@i_am_Rawkstarr,·,1h,"IMAGINE instead of sending taxpayer money to foreign countries, actually fixing America and making sure the sons and daughters, who actually made it back alive from your bankers wars, have homes and financial stability, instead of being forgotten and homeless.",19,1,,https://x.com/i_am_Rawkstarr/status/2038985909253648799,https://x.com/i_am_Rawkstarr/status/2038985909253648799/analytics,imagine instead of sending taxpayer money to foreign countries actually fixing america and making sure the sons and daughters who actually made it back alive from your bankers wars have homes and financial stability instead of being forgotten and homeless,imagine instead sending taxpayer money foreign country actually fixing america making sure son daughter actually made back alive banker war home financial stability instead forgotten homeless,Neutral
https://x.com/defacto__,https://pbs.twimg.com/profile_images/2033651017003503616/XDQhtMm1_normal.jpg,De-Facto,@defacto__,·,7h,Top 10 Middle East Defense Budgets (Latest Estimates),627,3,Iran — $10B,https://x.com/defacto__/status/2038893234982887528,https://x.com/defacto__/status/2038893234982887528/analytics,top middle east defense budgets latest estimates,top middle east defense budget latest estimate,Neutral
https://x.com/hugoadame01,https://pbs.twimg.com/profile_images/1915043155319152640/w5spGCVi_normal.jpg,Hugo Adame,@hugoadame01,·,12h,Is this guy fucking retarded,64,1,,https://x.com/hugoadame01/status/2038813057795629357,https://x.com/hugoadame01/status/2038813057795629357/analytics,is this guy fucking retarded,guy fucking retarded,Neutral
https://x.com/josephrukara,https://pbs.twimg.com/profile_images/2034511615832264704/-C-oEZjy_normal.jpg,Joseph sall,@josephrukara,·,8h,"Imagine if instead of lecturing others, the U.S. took its own advice. Billions of dollar’s burned on wars, bases, and weapons while Americans struggle with healthcare, housing, and basic living costs. You can’t sell peace abroad while funding endless conflict and calling it",396,,,https://x.com/josephrukara/status/2038879279048458317,https://x.com/josephrukara/status/2038879279048458317/analytics,imagine if instead of lecturing others the us took its own advice billions of dollars burned on wars bases and weapons while americans struggle with healthcare housing and basic living costs you cant sell peace abroad while funding endless conflict and calling it,imagine instead lecturing others u took advice billion dollar burned war base weapon american struggle healthcare housing basic living cost cant sell peace abroad funding endless conflict calling,Neutral
https://x.com/JonLesterReal,https://pbs.twimg.com/profile_images/1909061113951424512/A-E4HRAo_normal.jpg,Jon Lester,@JonLesterReal,·,15h,"Mr. T once said, ""it takes a smart man to play dumb,"" but Marco's really not a great thespian!",91,,,https://x.com/JonLesterReal/status/2038774155336622518,https://x.com/JonLesterReal/status/2038774155336622518/analytics,mr t once said it takes a smart man to play dumb but marcos really not a great thespian,mr said take smart man play dumb marcos really great thespian,Positive
https://x.com/GeneSchwar39191,https://pbs.twimg.com/profile_images/1935878537699119104/g_pxV-pY_normal.jpg,Nelson Baboon,@GeneSchwar39191,·,15h,"the smartest person in the trump administration would probably be the dumbest in the Iranian 'regime'. good god, we are governed by imbeciles.",13,,,https://x.com/GeneSchwar39191/status/2038768840373613022,https://x.com/GeneSchwar39191/status/2038768840373613022/analytics,the smartest person in the trump administration would probably be the dumbest in the iranian regime good god we are governed by imbeciles,smartest person trump administration would probably dumbest iranian regime good god governed imbecile,Positive
https://x.com/SheabiaForever,https://pbs.twimg.com/profile_images/1985916543562108928/D3G1RfUj_normal.jpg,Sheabia ሻዕብያ,@SheabiaForever,·,14h,"History is a brutal teacher. The fate of Libya showed what happens when a nation trades its defense for promises of diplomacy. North Korea is the blueprint: the only way to ensure national sovereignty in the face of US/Israeli pressure isn't through treaties, but having nukes.",94,2,2,https://x.com/SheabiaForever/status/2038785990932775218,https://x.com/SheabiaForever/status/2038785990932775218/analytics,history is a brutal teacher the fate of libya showed what happens when a nation trades its defense for promises of diplomacy north korea is the blueprint the only way to ensure national sovereignty in the face of __united_states__israeli pressure isnt through treaties but having nukes,history brutal teacher fate libya showed happens nation trade defense promise diplomacy north korea blueprint way ensure national sovereignty face united_statesisraeli pressure isnt treaty nuke,Neutral
https://x.com/DdayIsHere2026,https://pbs.twimg.com/profile_images/2009715146646523905/0B6D7O_5_normal.jpg,NormandyJoe,@DdayIsHere2026,·,12h,"Little Marco is a little smarter than the rest of the MAGA dingdongs on the White House!!

So dumb!!",42,1,,https://x.com/DdayIsHere2026/status/2038818460063473801,https://x.com/DdayIsHere2026/status/2038818460063473801/analytics,little marco is a little smarter than the rest of the maga dingdongs on the white house so dumb,little marco little smarter rest maga dingdongs white house dumb,Negative
https://x.com/TruthDesignated,https://pbs.twimg.com/profile_images/1819142278620807169/pmigC0uR_normal.jpg,Designated Truth,@TruthDesignated,·,15h,"This is purposeful and sort of like paltering. In the way Americans have been screaming it from the rooftops, this is a clear offload of pressure onto another country as seen many times before. Blaming South Africa for genocide while the biggest threat isn’t told a peep.",389,,,https://x.com/TruthDesignated/status/2038766959714595209,https://x.com/TruthDesignated/status/2038766959714595209/analytics,this is purposeful and sort of like paltering in the way americans have been screaming it from the rooftops this is a clear offload of pressure onto another country as seen many times before blaming south africa for genocide while the biggest threat isnt told a peep,purposeful sort like paltering way american screaming rooftop clear offload pressure onto another country seen many time blaming south africa genocide biggest threat isnt told peep,Neutral
https://x.com/bkrayder,https://pbs.twimg.com/profile_images/2031196632230834176/PUI-1gmf_normal.jpg,BklynRayder,@bkrayder,·,14h,Hey,110,1,1,https://x.com/bkrayder/status/2038790806908117403,https://x.com/bkrayder/status/2038790806908117403/analytics,hey,hey,Neutral
https://x.com/mattaniahsherif,https://pbs.twimg.com/profile_images/1825448915/1776_normal.jpg,matt s,@mattaniahsherif,·,15h,"How about Narco Rubio deporting himself back to Cuba? His parents were illegal aliens when he was born. Yet he claims birthright citizenship. 

He acts like he's white. Why is a Cuban deporting non Cuban Latinos? Why is he claiming Venezuela is running drugs to the US when he",410,1,2,https://x.com/mattaniahsherif/status/2038770819971620872,https://x.com/mattaniahsherif/status/2038770819971620872/analytics,how about narco rubio deporting himself back to cuba his parents were illegal aliens when he was born yet he claims birthright citizenship he acts like hes white why is a cuban deporting non cuban latinos why is he claiming venezuela is running drugs to the __united_states__ when he,narco rubio deporting back cuba parent illegal alien born yet claim birthright citizenship act like he white cuban deporting non cuban latino claiming venezuela running drug united_states,Neutral
https://x.com/wedemandareply,https://pbs.twimg.com/profile_images/1511103654421417984/7okPY3FK_normal.jpg,M,@wedemandareply,·,15h,needs to take his own advice. The war Rubio Trump and Hegseth started with Iran was based on a lie and it’s costing US citizens trillions and US Soldiers lives including a school with little girls innocent as they come dead because of these 3 men and their lies,234,1,1,https://x.com/wedemandareply/status/2038767982667792491,https://x.com/wedemandareply/status/2038767982667792491/analytics,needs to take his own advice the war rubio trump and hegseth started with iran was based on a lie and its costing __united_states__ citizens trillions and __united_states__ soldiers lives including a school with little girls innocent as they come dead because of these men and their lies,need take advice war rubio trump hegseth started iran based lie costing united_states citizen trillion united_states soldier life including school little girl innocent come dead men lie,Neutral
https://x.com/PSAFMophiring,https://pbs.twimg.com/profile_images/1565473263576285184/WFxhYBkG_normal.jpg,Mophiring,@PSAFMophiring,·,10h,Such arrogance,12,,,https://x.com/PSAFMophiring/status/2038842450958032934,https://x.com/PSAFMophiring/status/2038842450958032934/analytics,such arrogance,arrogance,Positive
https://x.com/PeterBrunelliLj,https://pbs.twimg.com/profile_images/1969197175293808640/kEsfRtfV_normal.jpg,Peter Brunelli,@PeterBrunelliLj,·,13h,"We had a deal with Obama. Trump di not like it. But with thst deal ..it held and Iran took out almost all, virtually just a tiny bit .. not enough for a bomb. Watched it leave the country. We monitored it,24/7 with cameras. On site inspections..2018-T rips it and here we are",223,1,,https://x.com/PeterBrunelliLj/status/2038793997716512967,https://x.com/PeterBrunelliLj/status/2038793997716512967/analytics,we had a deal with obama trump di not like it but with thst deal it held and iran took out almost all virtually just a tiny bit not enough for a bomb watched it leave the country we monitored it with cameras on site inspectionst rips it and here we are,deal obama trump di like thst deal held iran took almost virtually tiny bit enough bomb watched leave country monitored camera site inspectionst rip,Neutral
https://x.com/GogoBobo33,https://pbs.twimg.com/profile_images/1824028989465214976/-yyKJror_normal.jpg,Babbe,@GogoBobo33,·,16h,Imagine if the people of the US are that stupid to believe in the horseshit by Rubio and don’t realize that he’s talking about the US in third person.,241,6,17,https://x.com/GogoBobo33/status/2038760403438649716,https://x.com/GogoBobo33/status/2038760403438649716/analytics,imagine if the people of the __united_states__ are that stupid to believe in the horseshit by rubio and dont realize that hes talking about the __united_states__ in third person,imagine people united_states stupid believe horseshit rubio dont realize he talking united_states third person,Negative
https://x.com/BobbyMDMPH,https://pbs.twimg.com/profile_images/1600504599508652035/go14vXlv_normal.jpg,"Bobby, MD, MPH",@BobbyMDMPH,·,15h,"Dumb Lil Marco. 
Your Government doesn't have money for American's healthcare or food stamps or economic assistance. 
We are burning billions per day to protect a genocidal regime in Israel and committing war crimes by blowing up schools with kids and universities and water",304,1,1,https://x.com/BobbyMDMPH/status/2038770571270603204,https://x.com/BobbyMDMPH/status/2038770571270603204/analytics,dumb lil marco your government doesnt have money for americans healthcare or food stamps or economic assistance we are burning billions per day to protect a genocidal regime in israel and committing war crimes by blowing up schools with kids and universities and water,dumb lil marco government doesnt money american healthcare food stamp economic assistance burning billion per day protect genocidal regime israel committing war crime blowing school kid university water,Neutral
https://x.com/Claudetothemoon,https://pbs.twimg.com/profile_images/1953792618527113217/9v51abSO_normal.jpg,Charlie Moon,@Claudetothemoon,·,14h,Imagine US not sending billions to a country that has free education and healthcare,12,,,https://x.com/Claudetothemoon/status/2038790725437890918,https://x.com/Claudetothemoon/status/2038790725437890918/analytics,imagine __united_states__ not sending billions to a country that has free education and healthcare,imagine united_states sending billion country free education healthcare,Positive
https://x.com/zeebigbear,https://pbs.twimg.com/profile_images/2027818482319167488/zGTG3mz8_normal.jpg,zip,@zeebigbear,·,15h,"If the U.S. didn't spend this money on weapons, you wouldn't even be able to comment on X. By then, you’d either be a dictator or a dictator’s slave.",69,,,https://x.com/zeebigbear/status/2038776727451889727,https://x.com/zeebigbear/status/2038776727451889727/analytics,if the us didnt spend this money on weapons you wouldnt even be able to comment on x by then youd either be a dictator or a dictators slave,u didnt spend money weapon wouldnt even able comment x youd either dictator dictator slave,Neutral
https://x.com/Fievel131,https://pbs.twimg.com/profile_images/1590206384968241152/SHw_rhTb_normal.jpg,@Fievel131.,@Fievel131,·,15h,"Yea, let's imagine.",225,3,6,https://x.com/Fievel131/status/2038766569841414550,https://x.com/Fievel131/status/2038766569841414550/analytics,yea lets imagine,yea let imagine,Negative
https://x.com/SamK1956,https://pbs.twimg.com/profile_images/1769491629306691584/PJ-hm_8X_normal.jpg,Eyes-Wide-Open,@SamK1956,·,6h,Rubio is a politician so out of touch he can’t even recognize the hypocrisy in his own words. That kind of ignorance says everything.,22,1,,https://x.com/SamK1956/status/2038907933220888980,https://x.com/SamK1956/status/2038907933220888980/analytics,rubio is a politician so out of touch he cant even recognize the hypocrisy in his own words that kind of ignorance says everything,rubio politician touch cant even recognize hypocrisy word kind ignorance say everything,Positive
https://x.com/StardustPixieL,https://pbs.twimg.com/profile_images/2020824293035094016/Ecmif-RV_normal.jpg,Stardust Glitter Pixie,@StardustPixieL,·,13h,...look in the mirror while you say that,100,5,,https://x.com/StardustPixieL/status/2038793332453753270,https://x.com/StardustPixieL/status/2038793332453753270/analytics,look in the mirror while you say that,look mirror say,Neutral
https://x.com/joelynbeach,https://pbs.twimg.com/profile_images/1557519791518359557/eZvh8Cvl_normal.jpg,Oh Happy Day!!!,@joelynbeach,·,16h,Lil Marco didn’t think that one through.,84,1,3,https://x.com/joelynbeach/status/2038761355084267819,https://x.com/joelynbeach/status/2038761355084267819/analytics,lil marco didnt think that one through,lil marco didnt think one,Neutral
https://x.com/PeterBrunelliLj,https://pbs.twimg.com/profile_images/1969197175293808640/kEsfRtfV_normal.jpg,Peter Brunelli,@PeterBrunelliLj,·,13h,"Understand , there was a deal on the table Feb 27 day before bombing “ an offer from Iran for a better deal than Obama. Not perfect,wants some minor enrichment. But T ‘s got a choice that Friday. Go and work the deal. Instead we regime change.",608,,,https://x.com/PeterBrunelliLj/status/2038802934704542097,https://x.com/PeterBrunelliLj/status/2038802934704542097/analytics,understand there was a deal on the table feb day before bombing an offer from iran for a better deal than obama not perfectwants some minor enrichment but t s got a choice that friday go and work the deal instead we regime change,understand deal table feb day bombing offer iran better deal obama perfectwants minor enrichment got choice friday go work deal instead regime change,Neutral
https://x.com/xtreme_novice,https://pbs.twimg.com/profile_images/1935546481534287872/9aFoiark_normal.jpg,EG,@xtreme_novice,·,12h,"You don’t even really have to imagine. Look at China’s cities. There is no perfect nation, and I’m not saying China has no problems, but when you look at how clean their cities are, the level of innovation, and how they are building the future, you have to consider how little",148,2,,https://x.com/xtreme_novice/status/2038815466844774571,https://x.com/xtreme_novice/status/2038815466844774571/analytics,you dont even really have to imagine look at chinas cities there is no perfect nation and im not saying china has no problems but when you look at how clean their cities are the level of innovation and how they are building the future you have to consider how little,dont even really imagine look china city perfect nation im saying china problem look clean city level innovation building future consider little,Neutral
https://x.com/CoachMDeLancey,https://pbs.twimg.com/profile_images/2034509534538993664/aJ2r-sit_normal.jpg,Matthew DeLancey,@CoachMDeLancey,·,13h,"We have the largest military budget in the world and we can’t take care of affordable healthcare, higher education, and infrastructure.",65,,,https://x.com/CoachMDeLancey/status/2038799103337930823,https://x.com/CoachMDeLancey/status/2038799103337930823/analytics,we have the largest military budget in the world and we cant take care of affordable healthcare higher education and infrastructure,largest military budget world cant take care affordable healthcare higher education infrastructure,Positive
https://x.com/redpilledmax,https://pbs.twimg.com/profile_images/1959643906758291456/SEWL-cQi_normal.jpg,MAX,@redpilledmax,·,16h,How about America spending trillions on Americans and universal healthcare instead Israel and its war machine?,184,1,4,https://x.com/redpilledmax/status/2038760152501821634,https://x.com/redpilledmax/status/2038760152501821634/analytics,how about america spending trillions on americans and universal healthcare instead israel and its war machine,america spending trillion american universal healthcare instead israel war machine,Neutral
https://x.com/TheChefTrevor,https://pbs.twimg.com/profile_images/1975384691675889664/y_Mp_ie6_normal.jpg,TheChefTrevor,@TheChefTrevor,·,16h,Yep! This one skates! Well said!,125,1,1,https://x.com/TheChefTrevor/status/2038762312069202157,https://x.com/TheChefTrevor/status/2038762312069202157/analytics,yep this one skates well said,yep one skate well said,Neutral
https://x.com/DanielResc47376,https://pbs.twimg.com/profile_images/1739764145350647809/eqTYKlpD_normal.jpg,Daniel Reschke,@DanielResc47376,·,15h,We would have a much better country if all the 1.5 trillion in fraud over the last 5 years was found in predominantly demoncrat cities.,26,,,https://x.com/DanielResc47376/status/2038770649162768615,https://x.com/DanielResc47376/status/2038770649162768615/analytics,we would have a much better country if all the trillion in fraud over the last years was found in predominantly demoncrat cities,would much better country trillion fraud last year found predominantly demoncrat city,Positive
https://x.com/julianmarin6485,https://pbs.twimg.com/profile_images/983138583698587648/ZFlssA1M_normal.jpg,Julian Garcia Marin,@julianmarin6485,·,15h,IMAGINE ...not sending trillions to Israel! Israhell has healthcare from craddle to the grave! whereas US citizens have to decide between paying for treatment for diseases such as diabetes & going bankrupt and ending homeless or just dying! diseases which treatment in countries,182,2,,https://x.com/julianmarin6485/status/2038763925286592705,https://x.com/julianmarin6485/status/2038763925286592705/analytics,imagine not sending trillions to israel israhell has healthcare from craddle to the grave whereas __united_states__ citizens have to decide between paying for treatment for diseases such as diabetes going bankrupt and ending homeless or just dying diseases which treatment in countries,imagine sending trillion israel israhell healthcare craddle grave whereas united_states citizen decide paying treatment disease diabetes going bankrupt ending homeless dying disease treatment country,Negative
https://x.com/bethkelleybak,https://pbs.twimg.com/profile_images/1724860119937142784/qkXtCjq2_normal.jpg,Beth Kelley,@bethkelleybak,·,17h,Joke lol right?  Is that goddamn bullshit coming from the US?,114,1,2,https://x.com/bethkelleybak/status/2038736058892849520,https://x.com/bethkelleybak/status/2038736058892849520/analytics,joke lol right is that goddamn bullshit coming from the __united_states__,joke laugh loud right goddamn bullshit coming united_states,Neutral
https://x.com/theloyaloppUSA,https://pbs.twimg.com/profile_images/1548357604866281475/1uI8DSB-_normal.jpg,The Loyal Opposition,@theloyaloppUSA,·,12h,These nut jobs don’t hear themselves and or have absolutely no self awareness. Or they just parrot what they’re told. Brutal either way.,16,1,1,https://x.com/theloyaloppUSA/status/2038819709823361341,https://x.com/theloyaloppUSA/status/2038819709823361341/analytics,these nut jobs dont hear themselves and or have absolutely no self awareness or they just parrot what theyre told brutal either way,nut job dont hear absolutely self awareness parrot theyre told brutal either way,Neutral
https://x.com/SteveYassine,https://pbs.twimg.com/profile_images/1719446733753622528/OvEg-HV7_normal.jpg,Steve Yassine,@SteveYassine,·,13h,Imagine if America did that . Speak for yourself to yourself.  Thank God for those weapons otherwise you will have taken Iran just like Venezuela and this is our last chance for humanity to survive zionism .,25,1,,https://x.com/SteveYassine/status/2038808079899238490,https://x.com/SteveYassine/status/2038808079899238490/analytics,imagine if america did that speak for yourself to yourself thank god for those weapons otherwise you will have taken iran just like venezuela and this is our last chance for humanity to survive zionism,imagine america speak thank god weapon otherwise taken iran like venezuela last chance humanity survive zionism,Positive
https://x.com/NftyNinja,https://pbs.twimg.com/profile_images/2000617173635760128/TbykBO-8_normal.jpg,NftyNinja,@NftyNinja,·,14h,"Change ""Iran"" to ""US"" then repeat",37,,,https://x.com/NftyNinja/status/2038792144635474359,https://x.com/NftyNinja/status/2038792144635474359/analytics,change iran to __united_states__ then repeat,change iran united_states repeat,Neutral
https://x.com/Jordan_Rivers_1,https://pbs.twimg.com/profile_images/1777101422951272448/CqOkdOhE_normal.jpg,Ulysses Everett McGill,@Jordan_Rivers_1,·,12h,We spend trillions on BS social programs. Defense is 13 % of the budget. Interest expense on 39 Trillion in debt is more. Doesn’t even account for the actual debt.  Just imagine if Marxists actually understood economics…,17,1,,https://x.com/Jordan_Rivers_1/status/2038819621760037007,https://x.com/Jordan_Rivers_1/status/2038819621760037007/analytics,we spend trillions on bs social programs defense is of the budget interest expense on trillion in debt is more doesnt even account for the actual debt just imagine if marxists actually understood economics,spend trillion b social program defense budget interest expense trillion debt doesnt even account actual debt imagine marxist actually understood economics,Neutral
https://x.com/realVirusMedia,https://pbs.twimg.com/profile_images/1886850207427477504/HZHE6_JT_normal.jpg,DNA,@realVirusMedia,·,13h,Imagine the 6billion per day America is spending on Iran war on his own people,26,,,https://x.com/realVirusMedia/status/2038802300068647325,https://x.com/realVirusMedia/status/2038802300068647325/analytics,imagine the billion per day america is spending on iran war on his own people,imagine billion per day america spending iran war people,Neutral
https://x.com/cats3108,https://pbs.twimg.com/profile_images/1853069818985152512/c3ewXYCc_normal.jpg,cats.rfun,@cats3108,·,16h,The hypocrisy is stunning.,49,2,,https://x.com/cats3108/status/2038753283079086276,https://x.com/cats3108/status/2038753283079086276/analytics,the hypocrisy is stunning,hypocrisy stunning,Neutral
https://x.com/CasmelOne,https://pbs.twimg.com/profile_images/1955068040548139008/p0_sKxfA_normal.jpg,CarGam,@CasmelOne,·,14h,"I guess your theory can be measured by the success of the War on Poverty, enacted in 1964. Since then, there’s no precise accounting of total spending, only rough estimates of $35+ trillion (and likely much higher). Yet Democrats still claim poverty persists. Sixty-two years",97,3,,https://x.com/CasmelOne/status/2038787917976354901,https://x.com/CasmelOne/status/2038787917976354901/analytics,i guess your theory can be measured by the success of the war on poverty enacted in since then theres no precise accounting of total spending only rough estimates of trillion and likely much higher yet democrats still claim poverty persists sixtytwo years,guess theory measured success war poverty enacted since there precise accounting total spending rough estimate trillion likely much higher yet democrat still claim poverty persists sixtytwo year,Neutral
https://x.com/jetrimble277,https://pbs.twimg.com/profile_images/1625310206480482307/Gi75vFhO_normal.jpg,Jason Trimble FinsUp!,@jetrimble277,·,14h,His argument destroys our entire government model.,19,,,https://x.com/jetrimble277/status/2038780519492526168,https://x.com/jetrimble277/status/2038780519492526168/analytics,his argument destroys our entire government model,argument destroys entire government model,Neutral
https://x.com/Brutilful,https://pbs.twimg.com/profile_images/1881348409480671232/5f98hpTP_normal.jpg,Good Jew and Bad Jews,@Brutilful,·,14h,If they spent it on infrastructure or whatever helps the people of Iran America or Israel will bomb it why we lying to the world?,314,1,,https://x.com/Brutilful/status/2038788525428969901,https://x.com/Brutilful/status/2038788525428969901/analytics,if they spent it on infrastructure or whatever helps the people of iran america or israel will bomb it why we lying to the world,spent infrastructure whatever help people iran america israel bomb lying world,Positive
https://x.com/BrigMahalingam,https://pbs.twimg.com/profile_images/509178194675523584/hIb71v7y_normal.jpeg,Brig V Mahalingam,@BrigMahalingam,·,11h,"Rubio seems to have forgotten the wars that the US has started without any logic. Did Iran start any war? 

Unfortunately he assumes that the people of the world are fools. Not at all. On the other hand, people think Americans political leaders and bureaucrats are war mongers and",207,2,,https://x.com/BrigMahalingam/status/2038829639809065216,https://x.com/BrigMahalingam/status/2038829639809065216/analytics,rubio seems to have forgotten the wars that the __united_states__ has started without any logic did iran start any war unfortunately he assumes that the people of the world are fools not at all on the other hand people think americans political leaders and bureaucrats are war mongers and,rubio seems forgotten war united_states started without logic iran start war unfortunately assumes people world fool hand people think american political leader bureaucrat war monger,Neutral
https://x.com/chadashtonbrown,https://pbs.twimg.com/profile_images/2021583722840223744/d93BCWv4_normal.jpg,Chad Ashton Brown,@chadashtonbrown,·,14h,Imagine if they didn’t take the trillions from its ppl in the first place!,32,1,,https://x.com/chadashtonbrown/status/2038784491632595263,https://x.com/chadashtonbrown/status/2038784491632595263/analytics,imagine if they didnt take the trillions from its ppl in the first place,imagine didnt take trillion people first place,Neutral
https://x.com/corptocracy,https://pbs.twimg.com/profile_images/1889378051/239c5156dca310f15f45701498b37ce8_normal.jpg,emily jane squires,@corptocracy,·,16h,Sounds like he could also be describing the United States government also?,137,2,,https://x.com/corptocracy/status/2038756143863103647,https://x.com/corptocracy/status/2038756143863103647/analytics,sounds like he could also be describing the __united_states__ __united_states__ government also,sound like could also describing united_states united_states government also,Neutral
https://x.com/jaimefr77519918,https://pbs.twimg.com/profile_images/1564786229543022593/BpkbVq6a_normal.png,jaime francis,@jaimefr77519918,·,16h,This guy is the most obnoxious pos of all times . He lies more than Trump and is full of hate.,24,1,,https://x.com/jaimefr77519918/status/2038760267514085883,https://x.com/jaimefr77519918/status/2038760267514085883/analytics,this guy is the most obnoxious pos of all times he lies more than trump and is full of hate,guy obnoxious po time lie trump full hate,Negative
https://x.com/emad_amg63,https://pbs.twimg.com/profile_images/1326632177795293184/bFxkK-QE_normal.jpg,emad amg63,@emad_amg63,·,16h,All of it is psycho zio bullshit! Iran « was going » to attack so,38,2,,https://x.com/emad_amg63/status/2038758701381673095,https://x.com/emad_amg63/status/2038758701381673095/analytics,all of it is psycho zio bullshit iran was going to attack so,psycho zio bullshit iran going attack,Negative
https://x.com/Highsidelivin1,https://pbs.twimg.com/profile_images/1969299668514586625/0iJnulLi_normal.jpg,Raymond Molina,@Highsidelivin1,·,14h,Imagine if the American government did the same thing and prioritized its people. The hypocrisy is so obvious nobody believes what these clowns spew out their delusional mouths.,123,1,,https://x.com/Highsidelivin1/status/2038785976177500649,https://x.com/Highsidelivin1/status/2038785976177500649/analytics,imagine if the american government did the same thing and prioritized its people the hypocrisy is so obvious nobody believes what these clowns spew out their delusional mouths,imagine american government thing prioritized people hypocrisy obvious nobody belief clown spew delusional mouth,Positive
https://x.com/ElPasoScout,https://pbs.twimg.com/profile_images/1560806976115834881/WppdOjo8_normal.jpg,El Paso Scout,@ElPasoScout,·,15h,If Iran hadn't built up their defensive weapons yesterday there would be no Iran today. Still Iran can close the Strait of Hormuz permanently any time they want. They have donned their vests and planned for this day for decades.,369,1,7,https://x.com/ElPasoScout/status/2038763290558439825,https://x.com/ElPasoScout/status/2038763290558439825/analytics,if iran hadnt built up their defensive weapons yesterday there would be no iran today still iran can close the strait of hormuz permanently any time they want they have donned their vests and planned for this day for decades,iran hadnt built defensive weapon yesterday would iran today still iran close strait hormuz permanently time want donned vest planned day decade,Neutral
https://x.com/yamBoree777,https://pbs.twimg.com/profile_images/1587899287723278336/lt4v09zj_normal.png,Goirgio,@yamBoree777,·,10h,May Rubio's dream of conquering the world die a slow death. Day of reckoning is coming.,14,1,,https://x.com/yamBoree777/status/2038846766129262623,https://x.com/yamBoree777/status/2038846766129262623/analytics,may rubios dream of conquering the world die a slow death day of reckoning is coming,may rubios dream conquering world die slow death day reckoning coming,Neutral
https://x.com/PrinceMalose,https://pbs.twimg.com/profile_images/1877117263679025152/wv4ckJAC_normal.jpg,Malome Prince,@PrinceMalose,·,11h,"Not many have the balls to ever say America is wrong publicly, it's always about those defending themselves, cowards",18,,,https://x.com/PrinceMalose/status/2038829746469978255,https://x.com/PrinceMalose/status/2038829746469978255/analytics,not many have the balls to ever say america is wrong publicly its always about those defending themselves cowards,many ball ever say america wrong publicly always defending coward,Negative
https://x.com/TerenceTaoSA,https://pbs.twimg.com/profile_images/1983294421744431104/CTBa6ZKV_normal.jpg,Terence Tao,@TerenceTaoSA,·,15h,"You sanction them, try to suffocate their economy and starve its people. Then turn around and give advice on what they should spend their money on ? Money you tried to make certain they dont have?",435,3,,https://x.com/TerenceTaoSA/status/2038769356742566338,https://x.com/TerenceTaoSA/status/2038769356742566338/analytics,you sanction them try to suffocate their economy and starve its people then turn around and give advice on what they should spend their money on money you tried to make certain they dont have,sanction try suffocate economy starve people turn around give advice spend money money tried make certain dont,Neutral
https://x.com/stepbystepnomad,https://pbs.twimg.com/profile_images/1637457309474656257/rAPF_u9L_normal.jpg,Danny Hallwood,@stepbystepnomad,·,15h,"is this irony or is he being serious? **checks notes on what USA borrows trillions to spend on --- nope, not its people, education, or health -- all arms",530,1,,https://x.com/stepbystepnomad/status/2038763204730589388,https://x.com/stepbystepnomad/status/2038763204730589388/analytics,is this irony or is he being serious checks notes on what usa borrows trillions to spend on nope not its people education or health all arms,irony serious check note usa borrows trillion spend nope people education health arm,Positive
https://x.com/timperceval,https://pbs.twimg.com/profile_images/1554062480158199809/cTqW_mpK_normal.jpg,Tim Perceval,@timperceval,·,14h,"Imagine a world without zionists.

The US would not need to pursue forever wars in the name of an imaginary Judeo-Christianity supremacist agenda.",17,1,,https://x.com/timperceval/status/2038788542445326490,https://x.com/timperceval/status/2038788542445326490/analytics,imagine a world without zionists the __united_states__ would not need to pursue forever wars in the name of an imaginary judeochristianity supremacist agenda,imagine world without zionist united_states would need pursue forever war name imaginary judeochristianity supremacist agenda,Negative
https://x.com/eyingus,https://pbs.twimg.com/profile_images/1724801001826525184/LBA4DJti_normal.png,Edmond Ying,@eyingus,·,16h,"""Imagine if instead of spending TRILLIONS on war the US spent that money on its people. We’d have a better country & the world would have peace.""

We did that.  Trillions went to scammers from Somalia, Africa, NGOs, politicians, etc... It didn't do the country any good.

What's",95,1,3,https://x.com/eyingus/status/2038759986470248923,https://x.com/eyingus/status/2038759986470248923/analytics,imagine if instead of spending trillions on war the __united_states__ spent that money on its people wed have a better country the world would have peace we did that trillions went to scammers from somalia africa ngos politicians etc it didnt do the country any good whats,imagine instead spending trillion war united_states spent money people wed better country world would peace trillion went scammer somalia africa ngo politician etc didnt country good whats,Positive
https://x.com/SelloSamuel14,https://pbs.twimg.com/profile_images/1206202711131209729/fDfVEFcX_normal.jpg,Sello Samuel,@SelloSamuel14,·,12h,This man is a fool. Meanwhile in America.,43,1,2,https://x.com/SelloSamuel14/status/2038812569641607493,https://x.com/SelloSamuel14/status/2038812569641607493/analytics,this man is a fool meanwhile in america,man fool meanwhile america,Positive
https://x.com/Hasiburina,https://pbs.twimg.com/profile_images/2038389997292965888/g7_3kBsF_normal.jpg,H.,@Hasiburina,·,16h,"Imagine if instead of spending billions on fighting Iran, we fixed our roads, healthcare, and focused on minding our own business and all the issues we have in our own country.",172,1,4,https://x.com/Hasiburina/status/2038753383671070951,https://x.com/Hasiburina/status/2038753383671070951/analytics,imagine if instead of spending billions on fighting iran we fixed our roads healthcare and focused on minding our own business and all the issues we have in our own country,imagine instead spending billion fighting iran fixed road healthcare focused minding business issue country,Neutral
https://x.com/TrueNewsFeed,https://pbs.twimg.com/profile_images/1956252167255547904/2qNi_BLt_normal.jpg,True News,@TrueNewsFeed,·,11h,"did he REALLY say that? 
i need to know it is true before i chew the carpet.",6,,,https://x.com/TrueNewsFeed/status/2038824421381800428,https://x.com/TrueNewsFeed/status/2038824421381800428/analytics,did he really say that i need to know it is true before i chew the carpet,really say need know true chew carpet,Positive
https://x.com/CJ1917m,https://pbs.twimg.com/profile_images/2006257443643289600/pEtOGrDM_normal.jpg,Comrade Jose,@CJ1917m,·,16h,Iran (despite has being heavily sanctioned and now bombed by the US.) has universal free healthcare while US doesn’t and is spending billions on war in Iran.,179,2,7,https://x.com/CJ1917m/status/2038754807607877953,https://x.com/CJ1917m/status/2038754807607877953/analytics,iran despite has being heavily sanctioned and now bombed by the __united_states__ has universal free healthcare while __united_states__ doesnt and is spending billions on war in iran,iran despite heavily sanctioned bombed united_states universal free healthcare united_states doesnt spending billion war iran,Positive
https://x.com/smbrcoley,https://abs.twimg.com/sticky/default_profile_images/default_profile_normal.png,Sombria Coley,@smbrcoley,·,15h,"I have not been disappointed yet. Every time a Repugnant open his/her mouth to condemn someone else he/she just ends up making a complete ass of themselves. The word of God: ""Before you can see the splinter in someone else's eye, first remove the log from your own.""",29,2,,https://x.com/smbrcoley/status/2038771880740401442,https://x.com/smbrcoley/status/2038771880740401442/analytics,i have not been disappointed yet every time a repugnant open hisher mouth to condemn someone else heshe just ends up making a complete ass of themselves the word of god before you can see the splinter in someone elses eye first remove the log from your own,disappointed yet every time repugnant open hisher mouth condemn someone else heshe end making complete as word god see splinter someone elses eye first remove log,Negative
https://x.com/Gaudd,https://pbs.twimg.com/profile_images/1618679779053473799/Mn__Zi9M_normal.jpg,Steve Clarke,@Gaudd,·,7h,"You have at this point to conclude that Rubio is a moron, or he thinks everyone else is.",38,4,,https://x.com/Gaudd/status/2038896874808021391,https://x.com/Gaudd/status/2038896874808021391/analytics,you have at this point to conclude that rubio is a moron or he thinks everyone else is,point conclude rubio moron think everyone else,Neutral
https://x.com/kulturdesken,https://pbs.twimg.com/profile_images/1315774484599668736/DQjVqMaB_normal.jpg,kulturdesken,@kulturdesken,·,7h,"Insane projections from the US camp. 
They are using 1984 as an instruction manual.",109,,,https://x.com/kulturdesken/status/2038892936209817804,https://x.com/kulturdesken/status/2038892936209817804/analytics,insane projections from the __united_states__ camp they are using as an instruction manual,insane projection united_states camp using instruction manual,Neutral
https://x.com/m2221970,https://pbs.twimg.com/profile_images/1702804853175484416/G4zgke7d_normal.jpg,mahmod222,@m2221970,·,16h,"Don't try to play with words! What about Cuba, Denmark, Venezuela, and Mexico?! This is some of the gold you stole from Iraq! Were children and women carrying weapons?!",83,1,3,https://x.com/m2221970/status/2038761598110617976,https://x.com/m2221970/status/2038761598110617976/analytics,dont try to play with words what about cuba denmark venezuela and mexico this is some of the gold you stole from iraq were children and women carrying weapons,dont try play word cuba denmark venezuela mexico gold stole iraq child woman carrying weapon,Neutral
https://x.com/Patel_Arvind,https://pbs.twimg.com/profile_images/1947253109597913088/nhOUBi24_normal.jpg,AP Thinks (Arvind P),@Patel_Arvind,·,15h,"He says this with a straight face, while America keeps pouring billions into a war that was never theirs.

This is hypocrisy. Plain and simple.

Preaching is easy. Doing is not.",192,2,4,https://x.com/Patel_Arvind/status/2038776700054675887,https://x.com/Patel_Arvind/status/2038776700054675887/analytics,he says this with a straight face while america keeps pouring billions into a war that was never theirs this is hypocrisy plain and simple preaching is easy doing is not,say straight face america keep pouring billion war never hypocrisy plain simple preaching easy,Neutral
https://x.com/mikeklonsky,https://pbs.twimg.com/profile_images/1352744400867225602/3Uw23ozS_normal.jpg,Mike Klonsky,@mikeklonsky,·,9h,"At first, I thought this was satire. But no, Rubio really had the nerve to say this.",9,,,https://x.com/mikeklonsky/status/2038865243384742313,https://x.com/mikeklonsky/status/2038865243384742313/analytics,at first i thought this was satire but no rubio really had the nerve to say this,first thought satire rubio really nerve say,Positive
https://x.com/BOllenburger,https://pbs.twimg.com/profile_images/378800000536288480/539eac03052c5b0c24c324bd165a47a9_normal.jpeg,Ben Ollenburger,@BOllenburger,·,12h,He spoke with no sense of irony.,14,1,,https://x.com/BOllenburger/status/2038817741704925281,https://x.com/BOllenburger/status/2038817741704925281/analytics,he spoke with no sense of irony,spoke sense irony,Positive
https://x.com/aimtiaz,https://pbs.twimg.com/profile_images/1852485157950763008/zuBhrVo8_normal.jpg,Adnan Imtiaz,@aimtiaz,·,17h,"Wow!

Iranians and Americans have the same enemies.

While Iranians are fighting for their existence, Americans don’t even realize they are in one even when their kids are being raped and eaten by these very monsters.",404,1,1,https://x.com/aimtiaz/status/2038746268168851580,https://x.com/aimtiaz/status/2038746268168851580/analytics,wow iranians and americans have the same enemies while iranians are fighting for their existence americans dont even realize they are in one even when their kids are being raped and eaten by these very monsters,wow iranian american enemy iranian fighting existence american dont even realize one even kid raped eaten monster,Neutral
https://x.com/forallbirdsongs,https://pbs.twimg.com/profile_images/2033998149686358016/rciAbcG7_normal.jpg,• forallbirdsongs •,@forallbirdsongs,·,16h,The only thing missing at this point is them talking in front of a stand‑up‑comedy brick wall showcasing a live ticker of the current U.S. cost of the war they started.,927,1,22,https://x.com/forallbirdsongs/status/2038755667075363312,https://x.com/forallbirdsongs/status/2038755667075363312/analytics,the only thing missing at this point is them talking in front of a standupcomedy brick wall showcasing a live ticker of the current us cost of the war they started,thing missing point talking front standupcomedy brick wall showcasing live ticker current u cost war started,Neutral
https://x.com/MagpieKnuckle,https://pbs.twimg.com/profile_images/2033867533384921088/-ptTvcqW_normal.jpg,MagpieSpirit,@MagpieKnuckle,·,15h,Spock,8,1,1,https://x.com/MagpieKnuckle/status/2038770399685890432,https://x.com/MagpieKnuckle/status/2038770399685890432/analytics,spock,spock,Neutral
https://x.com/kingmills11,https://pbs.twimg.com/profile_images/2034110506139803648/9SgDfxeS_normal.jpg,interesting places,@kingmills11,·,16h,Right and Americans can get affordable healthcare care and affordable cost of living!! Imagine,172,4,,https://x.com/kingmills11/status/2038753711149744155,https://x.com/kingmills11/status/2038753711149744155/analytics,right and americans can get affordable healthcare care and affordable cost of living imagine,right american get affordable healthcare care affordable cost living imagine,Neutral
https://x.com/MirzaMahan,https://pbs.twimg.com/profile_images/1990931756141162496/6oB1C48s_normal.jpg,Poli-tea,@MirzaMahan,·,15h,"I agree with the spirit of this post. What I wonder about is whether it's the wars, in large part, which is what keeps America rich: cheap oil, strong dollar, powerful military. US would not have this much money were it not for all the wars.",119,1,,https://x.com/MirzaMahan/status/2038767048025686506,https://x.com/MirzaMahan/status/2038767048025686506/analytics,i agree with the spirit of this post what i wonder about is whether its the wars in large part which is what keeps america rich cheap oil strong dollar powerful military __united_states__ would not have this much money were it not for all the wars,agree spirit post wonder whether war large part keep america rich cheap oil strong dollar powerful military united_states would much money war,Neutral
https://x.com/TomTHEDogiecoin,https://pbs.twimg.com/profile_images/1670274653036888064/FTpNMcQu_normal.jpg,Tom Eh,@TomTHEDogiecoin,·,1h,"Imagine, instead of this illegal war the money would be used to pay for all Americans health care.",3,1,1,https://x.com/TomTHEDogiecoin/status/2038974821879722361,https://x.com/TomTHEDogiecoin/status/2038974821879722361/analytics,imagine instead of this illegal war the money would be used to pay for all americans health care,imagine instead illegal war money would used pay american health care,Positive
https://x.com/Anna98831,https://pbs.twimg.com/profile_images/1227965517970857985/C26ub2hy_normal.jpg,Anna - Now $7t/yr fossil fuel subsidies,@Anna98831,·,10h,"The US hypocrisy is mind bending.
Iran built their country, & their military strength, despite the oppression from decades of US sanctions!!
The US had achieved neither of those things.
Most destructive & immoral hypocrites in the world.",47,1,,https://x.com/Anna98831/status/2038852805017125265,https://x.com/Anna98831/status/2038852805017125265/analytics,the __united_states__ hypocrisy is mind bending iran built their country their military strength despite the oppression from decades of __united_states__ sanctions the __united_states__ had achieved neither of those things most destructive immoral hypocrites in the world,united_states hypocrisy mind bending iran built country military strength despite oppression decade united_states sanction united_states achieved neither thing destructive immoral hypocrite world,Neutral
https://x.com/EnkianL,https://pbs.twimg.com/profile_images/1479712645888589824/Jd5myftX_normal.jpg,Enkian Latif,@EnkianL,·,15h,"Why don't USA do it? 
Irán didn't start wars or invade other countries. They spend in defense because US. 
80% of it's citizents men and wonen are profesionals, doctors, Masters. 
They have Centuries spending in culture.",108,1,8,https://x.com/EnkianL/status/2038773579219681362,https://x.com/EnkianL/status/2038773579219681362/analytics,why dont usa do it irn didnt start wars or invade other countries they spend in defense because __united_states__ of its citizents men and wonen are profesionals doctors masters they have centuries spending in culture,dont usa irn didnt start war invade country spend defense united_states citizents men wonen profesionals doctor master century spending culture,Neutral
https://x.com/NephilimWatcher,https://pbs.twimg.com/profile_images/732670618877861888/IRROw1BQ_normal.jpg,The White Lady,@NephilimWatcher,·,16h,The thing about HYPOCRITES and VIPERS.. like Rubio.. is that they think THEY are Saints.,62,2,,https://x.com/NephilimWatcher/status/2038748797153718322,https://x.com/NephilimWatcher/status/2038748797153718322/analytics,the thing about hypocrites and vipers like rubio is that they think they are saints,thing hypocrite viper like rubio think saint,Negative
https://x.com/LillyS3827,https://pbs.twimg.com/profile_images/1934314597734817792/4u5QBdsb_normal.jpg,Lilia Slobodeaniuc...,@LillyS3827,·,17h,"Finally some rays of enlightenment...
By the way, weren't you the ones who changed their regime and now you have claims on them too?
Aren't you the ones who isolated them and kept them under sanctions?
You with so many resources and you can't find who is funding terrorists?!",89,2,1,https://x.com/LillyS3827/status/2038746303862034708,https://x.com/LillyS3827/status/2038746303862034708/analytics,finally some rays of enlightenment by the way werent you the ones who changed their regime and now you have claims on them too arent you the ones who isolated them and kept them under sanctions you with so many resources and you cant find who is funding terrorists,finally ray enlightenment way werent one changed regime claim arent one isolated kept sanction many resource cant find funding terrorist,Neutral
https://x.com/Markbhere2,https://pbs.twimg.com/profile_images/918714585372246016/jna_GS-I_normal.jpg,YHW.gaveMark.grace,@Markbhere2,·,16h,Stupid hypocrite America is $40 trillion in debt Iran is not and they still give Health Care to their people Rubio is a moron,615,4,73,https://x.com/Markbhere2/status/2038760493805166779,https://x.com/Markbhere2/status/2038760493805166779/analytics,stupid hypocrite america is trillion in debt iran is not and they still give health care to their people rubio is a moron,stupid hypocrite america trillion debt iran still give health care people rubio moron,Neutral
https://x.com/A1MelanieHarvey,https://pbs.twimg.com/profile_images/1461667799928127490/ainqjcdn_normal.jpg,Melanie Harvey,@A1MelanieHarvey,·,2h,instead of spending billions on a criminal POTUS you put him in jail instead...,3,1,1,https://x.com/A1MelanieHarvey/status/2038972018305995162,https://x.com/A1MelanieHarvey/status/2038972018305995162/analytics,instead of spending billions on a criminal potus you put him in jail instead,instead spending billion criminal potus put jail instead,Negative
https://x.com/Antonio74880006,https://pbs.twimg.com/profile_images/1358423936325857283/kGKjdyKC_normal.jpg,Antonio Lozano,@Antonio74880006,·,14h,He's an imbecile!!! Does he have no clue that our roads are third world. Our infrastructure is falling apart and we are fighting a war on BORROWED money.,5,1,,https://x.com/Antonio74880006/status/2038790362030903429,https://x.com/Antonio74880006/status/2038790362030903429/analytics,hes an imbecile does he have no clue that our roads are third world our infrastructure is falling apart and we are fighting a war on borrowed money,he imbecile clue road third world infrastructure falling apart fighting war borrowed money,Neutral
https://x.com/colorado_j1,https://pbs.twimg.com/profile_images/1761813425858957313/WU3nrt85_normal.jpg,"Justo,",@colorado_j1,·,16h,Are you talking about our country?,32,1,,https://x.com/colorado_j1/status/2038751405515612244,https://x.com/colorado_j1/status/2038751405515612244/analytics,are you talking about our country,talking country,Neutral
https://x.com/JLMurphy7,https://abs.twimg.com/sticky/default_profile_images/default_profile_normal.png,jlm,@JLMurphy7,·,4h,But your ilk are screaming to Fund War in Ukraine.,5,1,,https://x.com/JLMurphy7/status/2038935134758420903,https://x.com/JLMurphy7/status/2038935134758420903/analytics,but your ilk are screaming to fund war in ukraine,ilk screaming fund war ukraine,Neutral
https://x.com/heathercsutton,https://pbs.twimg.com/profile_images/1957652436979707905/FQ6rPiO1_normal.jpg,Heather Sutton,@heathercsutton,·,14h,THEY? would have a different country?,14,,,https://x.com/heathercsutton/status/2038789645203587495,https://x.com/heathercsutton/status/2038789645203587495/analytics,they would have a different country,would different country,Positive
https://x.com/GD_Alisher,https://pbs.twimg.com/profile_images/1794795496457834497/kZqWFBqH_normal.jpg,Ghulamuddin (GD),@GD_Alisher,·,11h,"This is how the US regulates the world order - if America has surplus budgets, then the Govt should spending to fight against diseases, on education, environment and poverty alleviation programs. I think the message in the demonstrations ""No Kings"" is loud and clear, the",67,2,,https://x.com/GD_Alisher/status/2038824861506929057,https://x.com/GD_Alisher/status/2038824861506929057/analytics,this is how the __united_states__ regulates the world order if america has surplus budgets then the govt should spending to fight against diseases on education environment and poverty alleviation programs i think the message in the demonstrations no kings is loud and clear the,united_states regulates world order america surplus budget government spending fight disease education environment poverty alleviation program think message demonstration king loud clear,Neutral
https://x.com/AnnTipathy1752,https://pbs.twimg.com/profile_images/1932194976114376704/Xh1QUpcI_normal.jpg,SugarHiccup,@AnnTipathy1752,·,12h,Do these jackasses ever hear themselves?,16,1,1,https://x.com/AnnTipathy1752/status/2038812342775849264,https://x.com/AnnTipathy1752/status/2038812342775849264/analytics,do these jackasses ever hear themselves,jackass ever hear,Neutral
https://x.com/TheLege35949205,https://pbs.twimg.com/profile_images/1697717679749050368/G5udU9oJ_normal.png,The Legend,@TheLege35949205,·,13h,Imagine is we did not support the wealfare Zionist regime in Isreal. There would be world peace,30,3,,https://x.com/TheLege35949205/status/2038803834789662864,https://x.com/TheLege35949205/status/2038803834789662864/analytics,imagine is we did not support the wealfare zionist regime in isreal there would be world peace,imagine support wealfare zionist regime isreal would world peace,Neutral
https://x.com/PhyllisMusk,https://pbs.twimg.com/profile_images/3645177806/2ae90abd49d9377f5a77cbf16403d70a_normal.jpeg,Phyllis Musk,@PhyllisMusk,·,13h,Kudos to him for getting through that sentence without laughing hysterically.,11,1,1,https://x.com/PhyllisMusk/status/2038806257868612047,https://x.com/PhyllisMusk/status/2038806257868612047/analytics,kudos to him for getting through that sentence without laughing hysterically,kudos getting sentence without laughing hysterically,Positive
https://x.com/LizzB17,https://pbs.twimg.com/profile_images/3509065353/86927e1ecf6860261bbea612366b4e44_normal.jpeg,Liz B,@LizzB17,·,4h,Its unbelievable to me that they even say this . . . . . Just look at what's happening right HERE,5,1,1,https://x.com/LizzB17/status/2038935802646872565,https://x.com/LizzB17/status/2038935802646872565/analytics,its unbelievable to me that they even say this just look at whats happening right here,unbelievable even say look whats happening right,Neutral
https://x.com/amalmerzouk,https://pbs.twimg.com/profile_images/2038190743294967808/BG5paBYF_normal.jpg,amal.merzouk ⴰⵎⴰⵍ ⵎⴻⵔⵣoⵓⴽ,@amalmerzouk,·,14h,"Motto of every bad manager “Follow my instructions, not my example.”",16,,,https://x.com/amalmerzouk/status/2038788057801883994,https://x.com/amalmerzouk/status/2038788057801883994/analytics,motto of every bad manager follow my instructions not my example,motto every bad manager follow instruction example,Negative
https://x.com/StephsMundo,https://pbs.twimg.com/profile_images/2020330816686243840/u3oChOnX_normal.jpg,Stephanie,@StephsMundo,·,15h,"We’d also be able to make sure that EVERY American has either affordable or FREE health care and never go into debt because of their medical bills!
AND I’ll add that NO child would EVER go hungry!",184,1,8,https://x.com/StephsMundo/status/2038765641214369972,https://x.com/StephsMundo/status/2038765641214369972/analytics,wed also be able to make sure that every american has either affordable or free health care and never go into debt because of their medical bills and ill add that no child would ever go hungry,wed also able make sure every american either affordable free health care never go debt medical bill ill add child would ever go hungry,Neutral
https://x.com/silomdon,https://pbs.twimg.com/profile_images/1478555497758220288/I_LvX4Qz_normal.jpg,its only me!,@silomdon,·,16h,Libya did that! You killed their leader too.,19,1,,https://x.com/silomdon/status/2038756983650886017,https://x.com/silomdon/status/2038756983650886017/analytics,libya did that you killed their leader too,libya killed leader,Negative
https://x.com/MexicanMamba7,https://pbs.twimg.com/profile_images/1493688260215853065/SfqOK5EI_normal.jpg,MexicanMamba,@MexicanMamba7,·,12h,"Pot meet kettle! 
Little",21,1,,https://x.com/MexicanMamba7/status/2038817942033371367,https://x.com/MexicanMamba7/status/2038817942033371367/analytics,pot meet kettle little,pot meet kettle little,Negative
https://x.com/Makes78millions,https://pbs.twimg.com/profile_images/1878513712912384001/KY4a1wlE_normal.jpg,laque_Than,@Makes78millions,·,15h,You are loser,99,1,2,https://x.com/Makes78millions/status/2038766540284190781,https://x.com/Makes78millions/status/2038766540284190781/analytics,you are loser,loser,Negative
https://x.com/KenaidaRain1,https://pbs.twimg.com/profile_images/1991905923682500609/blPvWYxW_normal.jpg,Emerald Dream,@KenaidaRain1,·,16h,Also they hadn't spent the money they 'd be in the same place as Syria Libya and Iraq. They are literally threatening Cuba as we speak,215,9,,https://x.com/KenaidaRain1/status/2038754541412246016,https://x.com/KenaidaRain1/status/2038754541412246016/analytics,also they hadnt spent the money they d be in the same place as syria libya and iraq they are literally threatening cuba as we speak,also hadnt spent money place syria libya iraq literally threatening cuba speak,Neutral
https://x.com/kimeppen,https://abs.twimg.com/sticky/default_profile_images/default_profile_normal.png,Kim Eppenstiner,@kimeppen,·,13h,Yes.  Let’s all imagine.  Then take action…all of us,9,1,,https://x.com/kimeppen/status/2038796893145199089,https://x.com/kimeppen/status/2038796893145199089/analytics,yes lets all imagine then take actionall of us,yes let imagine take actionall u,Negative
https://x.com/BasedCaliBob,https://pbs.twimg.com/profile_images/1634192538210009090/XQF3Ga-z_normal.jpg,BasedCaliBob,@BasedCaliBob,·,11h,"Imagine just letting the people who made the money just keep it, and not waste it on useless government bullshit.",6,1,,https://x.com/BasedCaliBob/status/2038835268451758488,https://x.com/BasedCaliBob/status/2038835268451758488/analytics,imagine just letting the people who made the money just keep it and not waste it on useless government bullshit,imagine letting people made money keep waste useless government bullshit,Negative
https://x.com/legrand_helena,https://pbs.twimg.com/profile_images/1946542280808030208/lajhhpNo_normal.jpg,Helena,@legrand_helena,·,13h,"The lack of self-awareness among Americans is terrifying. Their country doesn't have access to affordable healthcare, has the highest homicide rate in the developed word, and the largest number of prisoners in the world. What a disgrace.",11,1,1,https://x.com/legrand_helena/status/2038798902003204145,https://x.com/legrand_helena/status/2038798902003204145/analytics,the lack of selfawareness among americans is terrifying their country doesnt have access to affordable healthcare has the highest homicide rate in the developed word and the largest number of prisoners in the world what a disgrace,lack selfawareness among american terrifying country doesnt access affordable healthcare highest homicide rate developed word largest number prisoner world disgrace,Neutral
https://x.com/MorganMontague,https://pbs.twimg.com/profile_images/1880319275921256448/jfPivnak_normal.jpg,𝕋𝕙𝕦𝕟𝕕𝕖𝕣𝕓𝕠𝕝𝕥 𝔾𝕣𝕖𝕒𝕤𝕖 𝕊𝕝𝕒𝕡𝕡𝕖,@MorganMontague,·,2h,"Self own, Marco.",5,1,,https://x.com/MorganMontague/status/2038962144155447358,https://x.com/MorganMontague/status/2038962144155447358/analytics,self own marco,self marco,Neutral
https://x.com/NoSpinZA,https://pbs.twimg.com/profile_images/738099403416866816/a2jWNl3i_normal.jpg,JayL,@NoSpinZA,·,16h,"Imagine if instead of spending billions on weapons, the USA spent that money on its people. 
They’d have free universal healthcare!",721,1,61,https://x.com/NoSpinZA/status/2038761620684292325,https://x.com/NoSpinZA/status/2038761620684292325/analytics,imagine if instead of spending billions on weapons the usa spent that money on its people theyd have free universal healthcare,imagine instead spending billion weapon usa spent money people theyd free universal healthcare,Positive
https://x.com/TheWatc53981021,https://pbs.twimg.com/profile_images/1561095910993584133/9jTTwX1P_normal.jpg,The Watcher,@TheWatc53981021,·,12h,Imagine if the US did the same thing and didn’t give billionaires huge tax breaks.,13,1,,https://x.com/TheWatc53981021/status/2038817162756821242,https://x.com/TheWatc53981021/status/2038817162756821242/analytics,imagine if the __united_states__ did the same thing and didnt give billionaires huge tax breaks,imagine united_states thing didnt give billionaire huge tax break,Neutral
https://x.com/valeriemann20,https://pbs.twimg.com/profile_images/896101338609745921/4gaZ1ZQb_normal.jpg,valeriemann,@valeriemann20,·,12h,The irony !!!,11,1,,https://x.com/valeriemann20/status/2038812435075788809,https://x.com/valeriemann20/status/2038812435075788809/analytics,the irony,irony,Neutral
https://x.com/koosa95,https://pbs.twimg.com/profile_images/1959363240795803650/eLIuio-u_normal.jpg,Margarett,@koosa95,·,16h,"you’re a fucking loser AND a traitor. 

Shut the fuck up about Iran AND BRING OUR SONS AND DAUGHTERS HOME!",29,1,1,https://x.com/koosa95/status/2038755003062460648,https://x.com/koosa95/status/2038755003062460648/analytics,youre a fucking loser and a traitor shut the fuck up about iran and bring our sons and daughters home,youre fucking loser traitor shut fuck iran bring son daughter home,Neutral
https://x.com/DrSilverStacker,https://pbs.twimg.com/profile_images/2025312839171252224/01BNA5oe_normal.jpg,DR. Silver Stacker,@DrSilverStacker,·,16h,I fkng swear that these fkrs don’t know the concept of what a mirror is….. it boggles the mind!,331,1,27,https://x.com/DrSilverStacker/status/2038748656891765183,https://x.com/DrSilverStacker/status/2038748656891765183/analytics,i fkng swear that these fkrs dont know the concept of what a mirror is it boggles the mind,fkng swear fkrs dont know concept mirror boggles mind,Negative
https://x.com/terryrus99,https://pbs.twimg.com/profile_images/1725504925583777792/fIC1i7Si_normal.jpg,Terry and a turtle,@terryrus99,·,16h,"Imagine if instead of spending billions on weapons, Iran spent that money on its people. They’d be much more easily screwed over by Israel and the West.

They'd be the next West Bank, Syria or Cuba.",83,1,2,https://x.com/terryrus99/status/2038759864894447904,https://x.com/terryrus99/status/2038759864894447904/analytics,imagine if instead of spending billions on weapons iran spent that money on its people theyd be much more easily screwed over by israel and the west theyd be the next west bank syria or cuba,imagine instead spending billion weapon iran spent money people theyd much easily screwed israel west theyd next west bank syria cuba,Positive
https://x.com/Nas_907,https://pbs.twimg.com/profile_images/1985526594706812928/9w9LPBdY_normal.jpg,jeedi,@Nas_907,·,16h,Blacks are way too smarter than these folks in the White House. Everyone is laughing at them. They think the world is all about weapons and killing ppl lol,187,1,,https://x.com/Nas_907/status/2038760241630789717,https://x.com/Nas_907/status/2038760241630789717/analytics,blacks are way too smarter than these folks in the white house everyone is laughing at them they think the world is all about weapons and killing ppl lol,black way smarter folk white house everyone laughing think world weapon killing people laugh loud,Negative
https://x.com/ptmunich,https://pbs.twimg.com/profile_images/1885638132885852160/wfWrwT2e_normal.jpg,Paul Thomas,@ptmunich,·,3h,Rubio is beyond caricature.,7,1,,https://x.com/ptmunich/status/2038953730142327287,https://x.com/ptmunich/status/2038953730142327287/analytics,rubio is beyond caricature,rubio beyond caricature,Neutral
https://x.com/CheburekiMan,https://pbs.twimg.com/profile_images/1796295718090526720/t_VAdI4H_normal.jpg,Chebureki Man,@CheburekiMan,·,16h,"Dude should look in a mirror, though he'd probably have a heart attack when he doesn't see any reflection.",915,1,6,https://x.com/CheburekiMan/status/2038762894402404406,https://x.com/CheburekiMan/status/2038762894402404406/analytics,dude should look in a mirror though hed probably have a heart attack when he doesnt see any reflection,dude look mirror though hed probably heart attack doesnt see reflection,Neutral
https://x.com/myInvestingMuse,https://pbs.twimg.com/profile_images/1513479830473482243/gspomB55_normal.jpg,my investing muse,@myInvestingMuse,·,4h,They have excluded America from this conversation. What should the people do?,2,,,https://x.com/myInvestingMuse/status/2038941858601300431,https://x.com/myInvestingMuse/status/2038941858601300431/analytics,they have excluded america from this conversation what should the people do,excluded america conversation people,Neutral
https://x.com/DataJuggler007,https://pbs.twimg.com/profile_images/1839761786150510592/QsYpksVs_normal.jpg,DataJuggler,@DataJuggler007,·,17h,They say that with a straight face is what's so funny. Imagine if all the money we spend on playing army over the world was spent on making lives better for Americans.,79,3,,https://x.com/DataJuggler007/status/2038747952580096503,https://x.com/DataJuggler007/status/2038747952580096503/analytics,they say that with a straight face is whats so funny imagine if all the money we spend on playing army over the world was spent on making lives better for americans,say straight face whats funny imagine money spend playing army world spent making life better american,Positive
https://x.com/yzyavuz4242,https://pbs.twimg.com/profile_images/2035810666007920640/AvgBp69x_normal.jpg,,@yzyavuz4242,·,10h,"The Iranians are right; they know that thieves like you will steal their oil and underground resources, that's why they spent money on weapons. I think everyone should do the same; you are the thieves of the world.",13,1,,https://x.com/yzyavuz4242/status/2038847863006843130,https://x.com/yzyavuz4242/status/2038847863006843130/analytics,the iranians are right they know that thieves like you will steal their oil and underground resources thats why they spent money on weapons i think everyone should do the same you are the thieves of the world,iranian right know thief like steal oil underground resource thats spent money weapon think everyone thief world,Neutral
https://x.com/oldgrrlsclub,https://pbs.twimg.com/profile_images/1821846696487174144/ofNW-6i-_normal.jpg,OldGrrlsClub,@oldgrrlsclub,·,10h,Pot kettle.,22,1,1,https://x.com/oldgrrlsclub/status/2038840355970310210,https://x.com/oldgrrlsclub/status/2038840355970310210/analytics,pot kettle,pot kettle,Neutral
https://x.com/Trendstockers,https://pbs.twimg.com/profile_images/2027096445669855232/9RL-UKpa_normal.jpg,Trendstockers,@Trendstockers,·,16h,They’d be invaded. Looks like Iran made the right decision.,83,2,,https://x.com/Trendstockers/status/2038755739762819542,https://x.com/Trendstockers/status/2038755739762819542/analytics,theyd be invaded looks like iran made the right decision,theyd invaded look like iran made right decision,Neutral
https://x.com/Doodledido,https://pbs.twimg.com/profile_images/639760111129395200/KG4YLsrH_normal.jpg,Ad Pacem,@Doodledido,·,12h,"He is sending messages to the American public. He wants to be president, over JD what’s his name",12,1,,https://x.com/Doodledido/status/2038820428358263055,https://x.com/Doodledido/status/2038820428358263055/analytics,he is sending messages to the american public he wants to be president over jd whats his name,sending message american public want president jd whats name,Positive
https://x.com/Mcfaden7777,https://pbs.twimg.com/profile_images/1874608427797770240/BWqxbDPH_normal.jpg,Sandy Mcfaden,@Mcfaden7777,·,10h,The guy is a walking oxymoron,2,1,1,https://x.com/Mcfaden7777/status/2038847231823151605,https://x.com/Mcfaden7777/status/2038847231823151605/analytics,the guy is a walking oxymoron,guy walking oxymoron,Neutral
https://x.com/DerekDocuments,https://pbs.twimg.com/profile_images/2033699591418179584/E-Lu1M5I_normal.jpg,Derek,@DerekDocuments,·,14h,You know it’s bad when moronic socialists are right.,12,,,https://x.com/DerekDocuments/status/2038785417428742372,https://x.com/DerekDocuments/status/2038785417428742372/analytics,you know its bad when moronic socialists are right,know bad moronic socialist right,Negative
https://x.com/jamezdhawaii,https://pbs.twimg.com/profile_images/1785071329030582272/r-WBpssV_normal.jpg,Jim Dorsey,@jamezdhawaii,·,17h,"You already have no chance to continue in politics after ‘28. Now, every time you validate the ridic policies of this admin, you solidify that reality.",72,1,2,https://x.com/jamezdhawaii/status/2038740184305697043,https://x.com/jamezdhawaii/status/2038740184305697043/analytics,you already have no chance to continue in politics after now every time you validate the ridic policies of this admin you solidify that reality,already chance continue politics every time validate ridic policy admin solidify reality,Positive
https://x.com/MathieMyers,https://pbs.twimg.com/profile_images/3506099883/cda7bd5492619e49779400774c56fcdd_normal.jpeg,D. Myers,@MathieMyers,·,17h,"But they wouldn’t be able to defend themselves against being invaded by Israel and the US, as you just attacked them unprovoked. Don’t forget also that you had the Shah of Iran puppet in place until the they revolted in 1979 against his brutal dictatorship.",140,4,,https://x.com/MathieMyers/status/2038740887253979464,https://x.com/MathieMyers/status/2038740887253979464/analytics,but they wouldnt be able to defend themselves against being invaded by israel and the __united_states__ as you just attacked them unprovoked dont forget also that you had the shah of iran puppet in place until the they revolted in against his brutal dictatorship,wouldnt able defend invaded israel united_states attacked unprovoked dont forget also shah iran puppet place revolted brutal dictatorship,Negative
https://x.com/DJMF420,https://pbs.twimg.com/profile_images/2012232907205595136/Xds3OP9Z_normal.jpg,Justin F,@DJMF420,·,16h,"He’s not very adept at irony, is he?",23,1,,https://x.com/DJMF420/status/2038756972942495750,https://x.com/DJMF420/status/2038756972942495750/analytics,hes not very adept at irony is he,he adept irony,Neutral
https://x.com/stevepfi2,https://pbs.twimg.com/profile_images/2034054055283322880/Do67T5ce_normal.jpg,Mizzi2026,@stevepfi2,·,17h,Except the Israelis wouldn't stop their genocide and Greater Israel mania.,108,5,,https://x.com/stevepfi2/status/2038743444949245983,https://x.com/stevepfi2/status/2038743444949245983/analytics,except the israelis wouldnt stop their genocide and greater israel mania,except israeli wouldnt stop genocide greater israel mania,Neutral
https://x.com/niallw666,https://pbs.twimg.com/profile_images/1415626821345939460/MZi8RdLV_normal.jpg,Niall Mac an Bháird,@niallw666,·,13h,"I’m sure the Iranian regime is delighted they did spend all that on weapons, considering that they needed it & more to fight back in a war they didn’t start.",10,1,,https://x.com/niallw666/status/2038806967469154509,https://x.com/niallw666/status/2038806967469154509/analytics,im sure the iranian regime is delighted they did spend all that on weapons considering that they needed it more to fight back in a war they didnt start,im sure iranian regime delighted spend weapon considering needed fight back war didnt start,Neutral
https://x.com/DOualaalou,https://pbs.twimg.com/profile_images/1819097300175654912/nfFjgQqb_normal.jpg,Dr. David Oualaalou,@DOualaalou,·,12h,"Spot on, Rebecca!",43,3,,https://x.com/DOualaalou/status/2038809865670553760,https://x.com/DOualaalou/status/2038809865670553760/analytics,spot on rebecca,spot rebecca,Neutral
https://x.com/DebbieDoukakis,https://pbs.twimg.com/profile_images/2009478954747334656/qZ92UZ7t_normal.jpg,Debbie said…,@DebbieDoukakis,·,13h,Does he hear himself? Imagine if the US spent billions on healthcare for its people.,9,1,1,https://x.com/DebbieDoukakis/status/2038795934562459817,https://x.com/DebbieDoukakis/status/2038795934562459817/analytics,does he hear himself imagine if the __united_states__ spent billions on healthcare for its people,hear imagine united_states spent billion healthcare people,Positive
https://x.com/tforce7777,https://pbs.twimg.com/profile_images/1870863634194386945/JUcZ_dzF_normal.jpg,G. Paco Gonzalez,@tforce7777,·,17h,"I swear, this administration continues to baffle the mind. Are they really that fucking stupid",366,3,27,https://x.com/tforce7777/status/2038743554076615032,https://x.com/tforce7777/status/2038743554076615032/analytics,i swear this administration continues to baffle the mind are they really that fucking stupid,swear administration continues baffle mind really fucking stupid,Positive
https://x.com/ChndrVkrm,https://pbs.twimg.com/profile_images/1975754159300239360/W6daNbeD_normal.jpg,Vikram Chander,@ChndrVkrm,·,13h,"If the US didn't interfere in Geo politics in Gulf, Iran, Pakistan, Taiwan, Ukraine, arms purchases would be trillions less and the US would be bankrupt..",55,1,1,https://x.com/ChndrVkrm/status/2038803243254599986,https://x.com/ChndrVkrm/status/2038803243254599986/analytics,if the __united_states__ didnt interfere in geo politics in gulf iran pakistan taiwan ukraine arms purchases would be trillions less and the __united_states__ would be bankrupt,united_states didnt interfere geo politics gulf iran pakistan taiwan ukraine arm purchase would trillion less united_states would bankrupt,Negative
https://x.com/AleksBorat,https://pbs.twimg.com/profile_images/1573724234576183300/gW_MfX5H_normal.jpg,Alex Borat,@AleksBorat,·,16h,"It feels like they are drilling my brains through the monitor, I refuse to believe a normal sane person could act like this. They attack Ukraine, Iran, wants to invade Cuba, Mexico and Canada, to create a biggest military base in Greenland. WHY?! If Russia is their friends>!>!>",177,1,1,https://x.com/AleksBorat/status/2038756065911709913,https://x.com/AleksBorat/status/2038756065911709913/analytics,it feels like they are drilling my brains through the monitor i refuse to believe a normal sane person could act like this they attack ukraine iran wants to invade cuba mexico and canada to create a biggest military base in greenland why if russia is their friends,feel like drilling brain monitor refuse believe normal sane person could act like attack ukraine iran want invade cuba mexico canada create biggest military base greenland russia friend,Neutral
https://x.com/ElbeeBennettt,https://pbs.twimg.com/profile_images/1656234437078548483/-r4YzyL-_normal.jpg,Elba Borgia,@ElbeeBennettt,·,16h,He needs to look in a fkn mirror .,17,1,1,https://x.com/ElbeeBennettt/status/2038759732496715909,https://x.com/ElbeeBennettt/status/2038759732496715909/analytics,he needs to look in a fkn mirror,need look fkn mirror,Neutral
https://x.com/stevecstny,https://pbs.twimg.com/profile_images/1368251017796673543/XtYGL233_normal.jpg,Steve Collins,@stevecstny,·,17h,"Imagine if Americans spent all that military money on education, healthcare, infrastructure, etc",46,1,3,https://x.com/stevecstny/status/2038743571759534303,https://x.com/stevecstny/status/2038743571759534303/analytics,imagine if americans spent all that military money on education healthcare infrastructure etc,imagine american spent military money education healthcare infrastructure etc,Positive
https://x.com/maura_resister,https://pbs.twimg.com/profile_images/1590491286955606021/_HKW9JI7_normal.jpg,Maura,@maura_resister,·,17h,Rubio needs to take his own advice fucking hypocrite,132,18,,https://x.com/maura_resister/status/2038742910489755771,https://x.com/maura_resister/status/2038742910489755771/analytics,rubio needs to take his own advice fucking hypocrite,rubio need take advice fucking hypocrite,Positive
https://x.com/avan_singh0,https://pbs.twimg.com/profile_images/1887850609124212736/uSxQXETY_normal.jpg,Avan,@avan_singh0,·,13h,Imagine if instead of talking about increasing their military budget from 1 to 1.5 Trillion racoon doubled the nasa's budget . But no,8,1,,https://x.com/avan_singh0/status/2038794210833584499,https://x.com/avan_singh0/status/2038794210833584499/analytics,imagine if instead of talking about increasing their military budget from to trillion racoon doubled the nasas budget but no,imagine instead talking increasing military budget trillion racoon doubled nasa budget,Neutral
https://x.com/mgmkerry,https://pbs.twimg.com/profile_images/1395100454556741644/zxYmLZfJ_normal.jpg,Maura G Moynihan,@mgmkerry,·,15h,"IRAN does spend  money on it's people. In Iran :
*70% women have university degrees. In USA 38%.
*70% of scientific & engineering workforce are women. USA 28-30%.
*Women hold 30 to 34% of top university positions.
USA wants to free Iranian women while murdering their children.",34,1,2,https://x.com/mgmkerry/status/2038771678742798557,https://x.com/mgmkerry/status/2038771678742798557/analytics,iran does spend money on its people in iran women have university degrees in usa of scientific engineering workforce are women usa women hold to of top university positions usa wants to free iranian women while murdering their children,iran spend money people iran woman university degree usa scientific engineering workforce woman usa woman hold top university position usa want free iranian woman murdering child,Neutral
https://x.com/KnightLeon34974,https://pbs.twimg.com/profile_images/1761366684160638976/n3jvWaZH_normal.jpg,Leon Knight,@KnightLeon34974,·,14h,"Hypocrisy, bounded only by grand stupidity..!!",8,1,,https://x.com/KnightLeon34974/status/2038792587486888251,https://x.com/KnightLeon34974/status/2038792587486888251/analytics,hypocrisy bounded only by grand stupidity,hypocrisy bounded grand stupidity,Negative
https://x.com/Konigsberg60,https://pbs.twimg.com/profile_images/955219982408859648/eR5DE-TR_normal.jpg,We are the astroid,@Konigsberg60,·,17h,Gross hypocrisy.,284,1,9,https://x.com/Konigsberg60/status/2038744456736727102,https://x.com/Konigsberg60/status/2038744456736727102/analytics,gross hypocrisy,gross hypocrisy,Positive
https://x.com/Jacohobo01207,https://pbs.twimg.com/profile_images/1884113594758930432/OoprwG9L_normal.jpg,ELLIQUET,@Jacohobo01207,·,15h,"Rubio is an idiot, obviously - he can't see the irony",15,,,https://x.com/Jacohobo01207/status/2038773637130444856,https://x.com/Jacohobo01207/status/2038773637130444856/analytics,rubio is an idiot obviously he cant see the irony,rubio idiot obviously cant see irony,Positive
https://x.com/Thomasc75030983,https://abs.twimg.com/sticky/default_profile_images/default_profile_normal.png,proud rino,@Thomasc75030983,·,11h,As he asks congress to spend another $200 billion.,3,1,,https://x.com/Thomasc75030983/status/2038827639545204981,https://x.com/Thomasc75030983/status/2038827639545204981/analytics,as he asks congress to spend another billion,asks congress spend another billion,Positive
https://x.com/ambrose_pike,https://pbs.twimg.com/profile_images/1975232868017152001/7HdJb-bU_normal.jpg,Ambrose Pike,@ambrose_pike,·,17h,"Who is the audience for this? Fox News boomers paying $1,200 a month for medication while Rubio lectures Iran about spending money on its people?",345,2,1,https://x.com/ambrose_pike/status/2038739309440766202,https://x.com/ambrose_pike/status/2038739309440766202/analytics,who is the audience for this fox news boomers paying a month for medication while rubio lectures iran about spending money on its people,audience fox news boomer paying month medication rubio lecture iran spending money people,Neutral
https://x.com/thefalseeconomy,https://pbs.twimg.com/profile_images/2013657457986277379/nxL1LmVY_normal.jpg,False Economy,@thefalseeconomy,·,17h,I can’t believe some people fall for this. It’s such an extremely hypocritical statement it’s almost a joke. Crazy these people have actual power,472,3,50,https://x.com/thefalseeconomy/status/2038734083363115214,https://x.com/thefalseeconomy/status/2038734083363115214/analytics,i cant believe some people fall for this its such an extremely hypocritical statement its almost a joke crazy these people have actual power,cant believe people fall extremely hypocritical statement almost joke crazy people actual power,Neutral
https://x.com/Joanny46,https://abs.twimg.com/sticky/default_profile_images/default_profile_normal.png,Joan Kratz,@Joanny46,·,16h,Exactly! Stop this war!!,28,3,,https://x.com/Joanny46/status/2038754459044462911,https://x.com/Joanny46/status/2038754459044462911/analytics,exactly stop this war,exactly stop war,Positive
https://x.com/AussieSteve64,https://pbs.twimg.com/profile_images/1738778956072181760/2hVWQUvN_normal.jpg,NoHoldsBarred,@AussieSteve64,·,16h,Says the Secretary of State of a Country  that spends almost a trillion dollars a year on its military.,19,1,2,https://x.com/AussieSteve64/status/2038761488798843288,https://x.com/AussieSteve64/status/2038761488798843288/analytics,says the secretary of state of a country that spends almost a trillion dollars a year on its military,say secretary state country spends almost trillion dollar year military,Neutral
https://x.com/GaelProud,https://pbs.twimg.com/profile_images/2035340881255890945/rHn2ML6X_normal.jpg,Mac,@GaelProud,·,16h,"Imagine instead of spending hundreds of billions on the corporate war complex and funding the welfare parasite that is Israel, America instead looked after its veterans. We wouldn't have 21 veterans committing suicide every day. Hypocrisy, idiots can't avoid it I suppose.",29,1,1,https://x.com/GaelProud/status/2038754766918926794,https://x.com/GaelProud/status/2038754766918926794/analytics,imagine instead of spending hundreds of billions on the corporate war complex and funding the welfare parasite that is israel america instead looked after its veterans we wouldnt have veterans committing suicide every day hypocrisy idiots cant avoid it i suppose,imagine instead spending hundred billion corporate war complex funding welfare parasite israel america instead looked veteran wouldnt veteran committing suicide every day hypocrisy idiot cant avoid suppose,Neutral
https://x.com/overwater001,https://pbs.twimg.com/profile_images/921717795049689088/JQ-gPZx__normal.jpg,Conte Italiano Di Toscana #44,@overwater001,·,10h,If this isn't a textbook case of projection I don't know what is.,13,2,,https://x.com/overwater001/status/2038853686282137961,https://x.com/overwater001/status/2038853686282137961/analytics,if this isnt a textbook case of projection i dont know what is,isnt textbook case projection dont know,Neutral
https://x.com/tdsisti,https://pbs.twimg.com/profile_images/1198733691733852160/xN8LC68u_normal.jpg,tulasi sisti,@tdsisti,·,17h,Accuse your enemy of that which you are guilty - Goerbels?,125,1,12,https://x.com/tdsisti/status/2038733228643664122,https://x.com/tdsisti/status/2038733228643664122/analytics,accuse your enemy of that which you are guilty goerbels,accuse enemy guilty goerbels,Negative
https://x.com/fartbuttjr,https://pbs.twimg.com/profile_images/311496588/van_gogh_bandaged_normal.jpg,fart butt jr,@fartbuttjr,·,14h,True but then Iran would have nukes and we’d all be dead,22,1,,https://x.com/fartbuttjr/status/2038792318057107551,https://x.com/fartbuttjr/status/2038792318057107551/analytics,true but then iran would have nukes and wed all be dead,true iran would nuke wed dead,Negative
https://x.com/103sTaR103,https://pbs.twimg.com/profile_images/1377761466405818374/ElzNXHxf_normal.jpg,Maryam,@103sTaR103,·,10h,"They use their trillions to tell another country how to use their millions, where fuel is the cheapest, and subsidized. Where water is 30% of the population,  medical aid is heavily 92-98% subsidized, and GRS is subsidized and considered a medical condition.",16,1,2,https://x.com/103sTaR103/status/2038849789597540652,https://x.com/103sTaR103/status/2038849789597540652/analytics,they use their trillions to tell another country how to use their millions where fuel is the cheapest and subsidized where water is of the population medical aid is heavily subsidized and grs is subsidized and considered a medical condition,use trillion tell another country use million fuel cheapest subsidized water population medical aid heavily subsidized grs subsidized considered medical condition,Neutral
https://x.com/AqyEsViiNAkl58x,https://pbs.twimg.com/profile_images/1613721402103992320/RJTsNssh_normal.jpg,YellowCat,@AqyEsViiNAkl58x,·,14h,"Rubio's claim is what we call a ""boomerang"" in Japan.  
It's a ""super-sized boomerang"" at that.  
And another one, any Japanese person  
would go ""No way!?"" and retort.",58,1,3,https://x.com/AqyEsViiNAkl58x/status/2038790856615116902,https://x.com/AqyEsViiNAkl58x/status/2038790856615116902/analytics,rubios claim is what we call a boomerang in japan its a supersized boomerang at that and another one any japanese person would go no way and retort,rubios claim call boomerang japan supersized boomerang another one japanese person would go way retort,Neutral
https://x.com/MichaelRuyg,https://pbs.twimg.com/profile_images/1964479851458699264/NhkPmJor_normal.jpg,Michael Ruyg @michaelruyg.bsky.social,@MichaelRuyg,·,17h,We are fools when we elect these sociopaths to rule us.,20,3,,https://x.com/MichaelRuyg/status/2038742023247974687,https://x.com/MichaelRuyg/status/2038742023247974687/analytics,we are fools when we elect these sociopaths to rule us,fool elect sociopath rule u,Positive
https://x.com/MaskMyster,https://pbs.twimg.com/profile_images/1674704135357071361/HWetvMGC_normal.jpg,Alion,@MaskMyster,·,16h,Irony is dead with Rubio the suck-up clay pigeon.,29,2,,https://x.com/MaskMyster/status/2038762893378793742,https://x.com/MaskMyster/status/2038762893378793742/analytics,irony is dead with rubio the suckup clay pigeon,irony dead rubio suckup clay pigeon,Negative
https://x.com/ToonLibertarian,https://pbs.twimg.com/profile_images/1919556947365261312/lHEGtXki_normal.jpg,The Toon Libertarian,@ToonLibertarian,·,18h,We can afford to do both because we have capitalism.,40,,,https://x.com/ToonLibertarian/status/2038730134878872039,https://x.com/ToonLibertarian/status/2038730134878872039/analytics,we can afford to do both because we have capitalism,afford capitalism,Neutral
https://x.com/Noise_Frequency,https://pbs.twimg.com/profile_images/1803599755097845761/-Az1sBhn_normal.jpg,NOISE FREQUENCY,@Noise_Frequency,·,13h,"Rubio: “Imagine if instead of spending billions on weapons, Iran spent that money on its people. They’d be easy prey.”

Not that I believe his original statement, Iran looks pretty decent from the videos I've seen. America is full of meth Zombies and McDonald's everywhere.",26,1,1,https://x.com/Noise_Frequency/status/2038805176132247830,https://x.com/Noise_Frequency/status/2038805176132247830/analytics,rubio imagine if instead of spending billions on weapons iran spent that money on its people theyd be easy prey not that i believe his original statement iran looks pretty decent from the videos ive seen america is full of meth zombies and mcdonalds everywhere,rubio imagine instead spending billion weapon iran spent money people theyd easy prey believe original statement iran look pretty decent video ive seen america full meth zombie mcdonalds everywhere,Positive
https://x.com/jeremy_bay37268,https://pbs.twimg.com/profile_images/1924510019783172096/1o9pYVhk_normal.jpg,Jeremy Bay,@jeremy_bay37268,·,16h,Yes if only...,50,1,3,https://x.com/jeremy_bay37268/status/2038757093738795174,https://x.com/jeremy_bay37268/status/2038757093738795174/analytics,yes if only,yes,Positive
https://x.com/HHZACHER,https://abs.twimg.com/sticky/default_profile_images/default_profile_normal.png,HERBERT ZACHER,@HHZACHER,·,12h,Rubio is an idiot and with this statement he made it official,18,2,,https://x.com/HHZACHER/status/2038819953294631291,https://x.com/HHZACHER/status/2038819953294631291/analytics,rubio is an idiot and with this statement he made it official,rubio idiot statement made official,Neutral
https://x.com/KimCarrera007,https://pbs.twimg.com/profile_images/2022261720207822849/G7VQUjpx_normal.jpg,Kim Carrera By Now only,@KimCarrera007,·,16h,If Iran had not been invaded by the USA years back and installed a puppet government they would not now have a theocracy like the USA,44,2,,https://x.com/KimCarrera007/status/2038754095599870099,https://x.com/KimCarrera007/status/2038754095599870099/analytics,if iran had not been invaded by the usa years back and installed a puppet government they would not now have a theocracy like the usa,iran invaded usa year back installed puppet government would theocracy like usa,Neutral
https://x.com/Spartans2222,https://pbs.twimg.com/profile_images/1701918281211453440/lqbfu0Se_normal.jpg,$part@n,@Spartans2222,·,17h,cuba must hate marco rubio which is his origin. trump is killing his people and marco rubio is licking this wannabes king named trump. the cuban people must be disgusted w rubio,67,1,2,https://x.com/Spartans2222/status/2038745481208054246,https://x.com/Spartans2222/status/2038745481208054246/analytics,cuba must hate marco rubio which is his origin trump is killing his people and marco rubio is licking this wannabes king named trump the cuban people must be disgusted w rubio,cuba must hate marco rubio origin trump killing people marco rubio licking wannabe king named trump cuban people must disgusted w rubio,Negative
https://x.com/LiamLan60548080,https://pbs.twimg.com/profile_images/1790409938532962304/L-d5OGCs_normal.jpg,Liam Lane,@LiamLan60548080,·,6h,The kettle calling the pot black,7,1,,https://x.com/LiamLan60548080/status/2038901150464745810,https://x.com/LiamLan60548080/status/2038901150464745810/analytics,the kettle calling the pot black,kettle calling pot black,Negative
https://x.com/echo_wiq,https://pbs.twimg.com/profile_images/2032861188779028481/5Mhw4ypj_normal.jpg,WiQ,@echo_wiq,·,17h,Rubio: That same logic applies closer to home: current Iran operations exceeding $11 billion in the first week alone,439,31,,https://x.com/echo_wiq/status/2038737379872395556,https://x.com/echo_wiq/status/2038737379872395556/analytics,rubio that same logic applies closer to home current iran operations exceeding billion in the first week alone,rubio logic applies closer home current iran operation exceeding billion first week alone,Neutral
https://x.com/jazzmessenger,https://pbs.twimg.com/profile_images/1685155131770519552/x6eRobdT_normal.jpg,Thomas,@jazzmessenger,·,15h,"We are literally a country where folk can go broke and/or die due to lack of affordable healthcare, yet persistently debate whether to lower the tax rate for multi billionaires. USA can take a seat on that convo cause, we have zero agency to critique .",13,1,2,https://x.com/jazzmessenger/status/2038770487648715013,https://x.com/jazzmessenger/status/2038770487648715013/analytics,we are literally a country where folk can go broke andor die due to lack of affordable healthcare yet persistently debate whether to lower the tax rate for multi billionaires usa can take a seat on that convo cause we have zero agency to critique,literally country folk go broke andor die due lack affordable healthcare yet persistently debate whether lower tax rate multi billionaire usa take seat convo zero agency critique,Neutral
https://x.com/WhirlwindWisdom,https://pbs.twimg.com/profile_images/3189021473/4239d0a19a01c4a3b0dfbce947bdb5e7_normal.jpeg,Baba Yaga,@WhirlwindWisdom,·,17h,Rubio is trolling Americans or he's the biggest moron the Epstein class has ever engineered.,69,5,,https://x.com/WhirlwindWisdom/status/2038746193920954582,https://x.com/WhirlwindWisdom/status/2038746193920954582/analytics,rubio is trolling americans or hes the biggest moron the epstein class has ever engineered,rubio trolling american he biggest moron epstein class ever engineered,Neutral
https://x.com/belle_levesque,https://pbs.twimg.com/profile_images/2014900997835911169/RvHT9iox_normal.jpg,Barbara Levesque,@belle_levesque,·,16h,The bitter irony of ANY US politician saying this,70,2,6,https://x.com/belle_levesque/status/2038759586417586260,https://x.com/belle_levesque/status/2038759586417586260/analytics,the bitter irony of any __united_states__ politician saying this,bitter irony united_states politician saying,Positive
https://x.com/Lets_Go_TACO,https://pbs.twimg.com/profile_images/1975016418245754880/nIDQ7BAj_normal.jpg,UnWoke,@Lets_Go_TACO,·,13h,The level of lacking in self-awareness is astounding,8,1,,https://x.com/Lets_Go_TACO/status/2038806730600260022,https://x.com/Lets_Go_TACO/status/2038806730600260022/analytics,the level of lacking in selfawareness is astounding,level lacking selfawareness astounding,Negative
https://x.com/Corvidelle,https://pbs.twimg.com/profile_images/2034793063290445824/YGjOUxdJ_normal.jpg,☭ ML Corvidelle,@Corvidelle,·,17h,"All Imperialist Zionuts like Rubio know how to do is to project their nations own sins upon those whom they attack. 

May he and all of his ilk face tribunals for their war crimes.",134,2,3,https://x.com/Corvidelle/status/2038744979921686539,https://x.com/Corvidelle/status/2038744979921686539/analytics,all imperialist zionuts like rubio know how to do is to project their nations own sins upon those whom they attack may he and all of his ilk face tribunals for their war crimes,imperialist zionuts like rubio know project nation sin upon attack may ilk face tribunal war crime,Neutral
https://x.com/molyneux_elaine,https://pbs.twimg.com/profile_images/1478666766075183111/YOJgnboj_normal.jpg,Elaine Molyneux,@molyneux_elaine,·,7h,As the irony sails right over his head,14,3,,https://x.com/molyneux_elaine/status/2038891394056532044,https://x.com/molyneux_elaine/status/2038891394056532044/analytics,as the irony sails right over his head,irony sail right head,Neutral
https://x.com/HaraldinChina,https://pbs.twimg.com/profile_images/1963554417653026816/exDs88GF_normal.png,Harald in China (Peace First 和为贵),@HaraldinChina,·,13h,"yes, one bombed to the ground by israel, because they couldn't hold up against the war of aggression launched against them",119,4,,https://x.com/HaraldinChina/status/2038795548829057371,https://x.com/HaraldinChina/status/2038795548829057371/analytics,yes one bombed to the ground by israel because they couldnt hold up against the war of aggression launched against them,yes one bombed ground israel couldnt hold war aggression launched,Neutral
https://x.com/ToliverWrist,https://pbs.twimg.com/profile_images/814960089228578824/nY7VPWGA_normal.jpg,Toliver Wrist,@ToliverWrist,·,12h,"Gee, it’s almost like, with regards to the Western ruling elite, EVERY ACCUSATION IS A CONFESSION, or something.",10,1,,https://x.com/ToliverWrist/status/2038810318760013876,https://x.com/ToliverWrist/status/2038810318760013876/analytics,gee its almost like with regards to the western ruling elite every accusation is a confession or something,gee almost like regard western ruling elite every accusation confession something,Neutral
https://x.com/webdevjeffus,https://pbs.twimg.com/profile_images/606927326954135552/PERBQv1O_normal.png,Jeff George,@webdevjeffus,·,12h,Republicans are utterly blind and deaf to irony.,6,1,,https://x.com/webdevjeffus/status/2038808971230814649,https://x.com/webdevjeffus/status/2038808971230814649/analytics,republicans are utterly blind and deaf to irony,republican utterly blind deaf irony,Positive
https://x.com/DesFErebrado,https://pbs.twimg.com/profile_images/1369200308828651522/amkWoJ3A_normal.jpg,Andrés Niporesas,@DesFErebrado,·,10h,"If the US government only spent half of what it spends on defense, there probably wouldn't be 770,000 Americans living on the streets.",23,2,,https://x.com/DesFErebrado/status/2038848129873625478,https://x.com/DesFErebrado/status/2038848129873625478/analytics,if the __united_states__ government only spent half of what it spends on defense there probably wouldnt be americans living on the streets,united_states government spent half spends defense probably wouldnt american living street,Neutral
https://x.com/CleverMonsterCT,https://pbs.twimg.com/profile_images/1845992195423174656/j0IJ7M6w_normal.jpg,CleverMonster,@CleverMonsterCT,·,16h,"Those Iranian weapons are now paying in dividends, Rubio needs to shut the fuck up!",121,6,,https://x.com/CleverMonsterCT/status/2038756531391406487,https://x.com/CleverMonsterCT/status/2038756531391406487/analytics,those iranian weapons are now paying in dividends rubio needs to shut the fuck up,iranian weapon paying dividend rubio need shut fuck,Neutral
https://x.com/Landorcan,https://pbs.twimg.com/profile_images/704746747969609728/hxDx0aba_normal.jpg,Jim,@Landorcan,·,16h,If USA and Israel did not spend so many American dollars on war Iran would not need to either.,52,6,,https://x.com/Landorcan/status/2038754736187318766,https://x.com/Landorcan/status/2038754736187318766/analytics,if usa and israel did not spend so many american dollars on war iran would not need to either,usa israel spend many american dollar war iran would need either,Neutral
https://x.com/MichaelCressw14,https://pbs.twimg.com/profile_images/1653322872423690245/8RfgpUFd_normal.jpg,Anne Cresswell,@MichaelCressw14,·,16h,Little Marco walked right into that one didn't he,52,2,,https://x.com/MichaelCressw14/status/2038758161964761143,https://x.com/MichaelCressw14/status/2038758161964761143/analytics,little marco walked right into that one didnt he,little marco walked right one didnt,Negative
https://x.com/SelloSamuel14,https://pbs.twimg.com/profile_images/1206202711131209729/fDfVEFcX_normal.jpg,Sello Samuel,@SelloSamuel14,·,12h,Let him say the same for Israel,15,1,,https://x.com/SelloSamuel14/status/2038813506267406686,https://x.com/SelloSamuel14/status/2038813506267406686/analytics,let him say the same for israel,let say israel,Neutral
https://x.com/CurryBarb19559,https://pbs.twimg.com/profile_images/2029554723398062080/AEa227yr_normal.jpg,Barbette Alvarado,@CurryBarb19559,·,17h,The hypocrisy shows no end!,239,19,,https://x.com/CurryBarb19559/status/2038745478448242711,https://x.com/CurryBarb19559/status/2038745478448242711/analytics,the hypocrisy shows no end,hypocrisy show end,Neutral
https://x.com/JoeZumwalt,https://pbs.twimg.com/profile_images/1954305177709953024/1f72p1Vp_normal.jpg,revolting joe,@JoeZumwalt,·,14h,"i feel like they are rubbing our faces in it.

the US is a country of rubes",34,2,,https://x.com/JoeZumwalt/status/2038785757561889204,https://x.com/JoeZumwalt/status/2038785757561889204/analytics,i feel like they are rubbing our faces in it the __united_states__ is a country of rubes,feel like rubbing face united_states country rube,Negative
https://x.com/MissPolly62,https://pbs.twimg.com/profile_images/1676892060761341952/KLgGr7wl_normal.jpg,Miss Polly,@MissPolly62,·,16h,Peak hypocrisy!,125,1,6,https://x.com/MissPolly62/status/2038750022809047355,https://x.com/MissPolly62/status/2038750022809047355/analytics,peak hypocrisy,peak hypocrisy,Positive
https://x.com/islam_et_media,https://pbs.twimg.com/profile_images/1953081142665478144/jwm76xcO_normal.jpg,Bureau Central pour la Francophonie,@islam_et_media,·,16h,"The guy is a psychiatric case. There’s no way he could ever think people would be stupid enough to believe his lies. 
May God grant honest leaders to the people of the United States. Amen",49,1,5,https://x.com/islam_et_media/status/2038754742373888194,https://x.com/islam_et_media/status/2038754742373888194/analytics,the guy is a psychiatric case theres no way he could ever think people would be stupid enough to believe his lies may god grant honest leaders to the people of the __united_states__ __united_states__ amen,guy psychiatric case there way could ever think people would stupid enough believe lie may god grant honest leader people united_states united_states amen,Neutral
https://x.com/BallotBoxedOut,https://pbs.twimg.com/profile_images/2030155070688395264/eCuXhmVJ_normal.jpg,Ballot Boxed Out,@BallotBoxedOut,·,17h,This takes every accusation is a confession to comical levels. How will we have satire after this administration?,105,1,9,https://x.com/BallotBoxedOut/status/2038733263955480982,https://x.com/BallotBoxedOut/status/2038733263955480982/analytics,this takes every accusation is a confession to comical levels how will we have satire after this administration,take every accusation confession comical level satire administration,Positive
https://x.com/Caidadelatorre,https://pbs.twimg.com/profile_images/1524800449920094208/7S-Edg-j_normal.jpg,María Antonia García de la Torre Ph.D.,@Caidadelatorre,·,15h,"Yep, but they’d all go to jail, so it’s a not so bueno deal for them.",275,3,,https://x.com/Caidadelatorre/status/2038765181900099898,https://x.com/Caidadelatorre/status/2038765181900099898/analytics,yep but theyd all go to jail so its a not so bueno deal for them,yep theyd go jail bueno deal,Neutral
https://x.com/Rahul_AJ_1990,https://pbs.twimg.com/profile_images/1981460918266449920/q4paz-fg_normal.jpg,Rahul SA,@Rahul_AJ_1990,·,15h,"Trump/Rubio are pos's!!

The reason Iran is forced to spend time, energy & money on weapons, is due to the malicious threat of America and Israel.",84,1,6,https://x.com/Rahul_AJ_1990/status/2038776064298647782,https://x.com/Rahul_AJ_1990/status/2038776064298647782/analytics,trumprubio are poss the reason iran is forced to spend time energy money on weapons is due to the malicious threat of america and israel,trumprubio poss reason iran forced spend time energy money weapon due malicious threat america israel,Neutral
https://x.com/LewisHPerkins1,https://pbs.twimg.com/profile_images/1672108952107245570/BogBb0C5_normal.jpg,Lewis H Perkins,@LewisHPerkins1,·,14h,"The same goes for USA!
Spend money on education not military waste.",33,1,,https://x.com/LewisHPerkins1/status/2038781754069377097,https://x.com/LewisHPerkins1/status/2038781754069377097/analytics,the same goes for usa spend money on education not military waste,go usa spend money education military waste,Positive
https://x.com/AnGaelBeag,https://pbs.twimg.com/profile_images/2038536531166539777/sg3ST1rs_normal.jpg,Doll Éireann ᚋᚐᚔᚏᚓᚐᚇ,@AnGaelBeag,·,6h,Staggering lack of self awareness,23,1,,https://x.com/AnGaelBeag/status/2038908308845678855,https://x.com/AnGaelBeag/status/2038908308845678855/analytics,staggering lack of self awareness,staggering lack self awareness,Neutral
https://x.com/pictureladyjan,https://pbs.twimg.com/profile_images/2020761415158833152/HMrMinFa_normal.jpg,JanTheStitchWitch,@pictureladyjan,·,7h,"Imagine if russia spent all the money it spends on killing Ukrainians, on its own country instead. I'm wondering if you see that, too.",15,2,,https://x.com/pictureladyjan/status/2038889603675955637,https://x.com/pictureladyjan/status/2038889603675955637/analytics,imagine if russia spent all the money it spends on killing ukrainians on its own country instead im wondering if you see that too,imagine russia spent money spends killing ukrainian country instead im wondering see,Neutral
https://x.com/Su8sbf,https://pbs.twimg.com/profile_images/2031531090452840448/x3Fmdmth_normal.jpg,Sultan,@Su8sbf,·,9h,"Trump is serving Netanyahu and Israel’s agenda, not America or its people. He sends U.S. soldiers to die for Israel’s interests while destroying usa global standing, wrecking international relations, and shaking the world economy. His continuation in office is a threat not just",,,,https://x.com/Su8sbf/status/2038868134027804781,https://x.com/Su8sbf/status/2038868134027804781/analytics,trump is serving netanyahu and israels agenda not america or its people he sends us soldiers to die for israels interests while destroying usa global standing wrecking international relations and shaking the world economy his continuation in office is a threat not just,trump serving netanyahu israel agenda america people sends u soldier die israel interest destroying usa global standing wrecking international relation shaking world economy continuation office threat,Neutral
https://x.com/avilajoey19,https://pbs.twimg.com/profile_images/2038077745171673088/qFUKNSfp_normal.jpg,JG,@avilajoey19,·,14h,"""you just fly in from stupid town""?",78,,,https://x.com/avilajoey19/status/2038787555114500507,https://x.com/avilajoey19/status/2038787555114500507/analytics,you just fly in from stupid town,fly stupid town,Negative
https://x.com/PeterBrunelliLj,https://pbs.twimg.com/profile_images/1969197175293808640/kEsfRtfV_normal.jpg,Peter Brunelli,@PeterBrunelliLj,·,13h,It’s all there.we don’t know where it is and as each week goes bywe don’t have”the exquisite intel that was with the Obama,46,,,https://x.com/PeterBrunelliLj/status/2038796724399964570,https://x.com/PeterBrunelliLj/status/2038796724399964570/analytics,its all therewe dont know where it is and as each week goes bywe dont havethe exquisite intel that was with the obama,therewe dont know week go bywe dont havethe exquisite intel obama,Positive
https://x.com/EsotericEclect,https://pbs.twimg.com/profile_images/2019548982842626050/qdc3LtMZ_normal.jpg,Esoteric Eclectic,@EsotericEclect,·,1h,"God is not glorified by siege, rubble, and mass displacement.",1,,,https://x.com/EsotericEclect/status/2038988686218453486,https://x.com/EsotericEclect/status/2038988686218453486/analytics,god is not glorified by siege rubble and mass displacement,god glorified siege rubble mass displacement,Positive
https://x.com/GK_ponders,https://pbs.twimg.com/profile_images/1956730419963101184/Z_tla8d4_normal.jpg,Com_Sense,@GK_ponders,·,4h,#Trump,3,,,https://x.com/GK_ponders/status/2038937369706148289,https://x.com/GK_ponders/status/2038937369706148289/analytics,trump,trump,Neutral
https://x.com/BarronKrebs,https://pbs.twimg.com/profile_images/1953322952239529984/154CcpId_normal.jpg,Barron Krebs,@BarronKrebs,·,10h,Lib bot,2,,,https://x.com/BarronKrebs/status/2038845188412764618,https://x.com/BarronKrebs/status/2038845188412764618/analytics,lib bot,lib bot,Neutral
https://x.com/andhu_aaj,https://pbs.twimg.com/profile_images/2027690491505217541/hsYtZhiW_normal.jpg,AAJ,@andhu_aaj,·,8h,Iranians are much much better than Americans,4,,,https://x.com/andhu_aaj/status/2038874772705316972,https://x.com/andhu_aaj/status/2038874772705316972/analytics,iranians are much much better than americans,iranian much much better american,Positive
https://x.com/HunterKingIndia,https://pbs.twimg.com/profile_images/2028823715736408064/eNQdAz7f_normal.jpg,Hunter King,@HunterKingIndia,·,14h,Imagine if instead of spending TRILLIONS on war the US spent that money on its people. We’d have a better country & the world would have peace.,52,,,https://x.com/HunterKingIndia/status/2038788521536999592,https://x.com/HunterKingIndia/status/2038788521536999592/analytics,imagine if instead of spending trillions on war the __united_states__ spent that money on its people wed have a better country the world would have peace,imagine instead spending trillion war united_states spent money people wed better country world would peace,Positive
https://x.com/BradC_84,https://pbs.twimg.com/profile_images/1474342372834217984/hOZ9kg69_normal.jpg,Brad C,@BradC_84,·,16h,Imagine if we did this in the United States. Thai government is full of idiots.,29,,,https://x.com/BradC_84/status/2038752713199301057,https://x.com/BradC_84/status/2038752713199301057/analytics,imagine if we did this in the __united_states__ __united_states__ thai government is full of idiots,imagine united_states united_states thai government full idiot,Neutral
https://x.com/lerazo37,https://pbs.twimg.com/profile_images/1856141885661716480/kBFZ7HUr_normal.jpg,Luis Erazo,@lerazo37,·,7h,Looks like we could apply that advise!,2,,,https://x.com/lerazo37/status/2038890941172330657,https://x.com/lerazo37/status/2038890941172330657/analytics,looks like we could apply that advise,look like could apply advise,Neutral
https://x.com/EastAnd40340,https://pbs.twimg.com/profile_images/1909414981939912704/lRgco8BD_normal.jpg,East Coast Audit and News,@EastAnd40340,·,14h,Shut the fuck up Rubio. The American people see what you're doing.,8,,,https://x.com/EastAnd40340/status/2038793308391051763,https://x.com/EastAnd40340/status/2038793308391051763/analytics,shut the fuck up rubio the american people see what youre doing,shut fuck rubio american people see youre,Neutral
https://x.com/jwludwig,https://pbs.twimg.com/profile_images/1155152096/JLudwigTwiiterimage_normal.jpg,Jeffrey W. Ludwig,@jwludwig,·,16h,Communists believe that October 7 in Israel was peace.,8,,,https://x.com/jwludwig/status/2038752174612824080,https://x.com/jwludwig/status/2038752174612824080/analytics,communists believe that october in israel was peace,communist believe october israel peace,Neutral
https://x.com/amhjr1978,https://pbs.twimg.com/profile_images/1871775737969315840/IIoXlj_e_normal.jpg,AMH1210,@amhjr1978,·,2h,4D Gaslighting,5,,,https://x.com/amhjr1978/status/2038972254445568022,https://x.com/amhjr1978/status/2038972254445568022/analytics,d gaslighting,gaslighting,Neutral
https://x.com/JrealJavireal,https://pbs.twimg.com/profile_images/1642580267838627847/E6W8rXHz_normal.jpg,jreal,@JrealJavireal,·,8h,"Los cojones, putos warmonguers crimin4les",25,1,1,https://x.com/JrealJavireal/status/2038871802835845270,https://x.com/JrealJavireal/status/2038871802835845270/analytics,los cojones putos warmonguers criminles,los cojones putos warmonguers criminles,Neutral
https://x.com/Masssiana,https://pbs.twimg.com/profile_images/1972353186116575232/XreY6Stk_normal.jpg,Mo,@Masssiana,·,16h,the American government absolutely needs a mirror because they must be given one as a gift.,12,1,,https://x.com/Masssiana/status/2038762916430680409,https://x.com/Masssiana/status/2038762916430680409/analytics,the american government absolutely needs a mirror because they must be given one as a gift,american government absolutely need mirror must given one gift,Positive
https://x.com/knowtheirfruits,https://pbs.twimg.com/profile_images/1594804032714973196/6ybjNqS3_normal.jpg,x_Just_Watching_x,@knowtheirfruits,·,14h,Imagine if we had no corruption in our Government,4,,,https://x.com/knowtheirfruits/status/2038786302158537161,https://x.com/knowtheirfruits/status/2038786302158537161/analytics,imagine if we had no corruption in our government,imagine corruption government,Positive
https://x.com/zapeggo,https://pbs.twimg.com/profile_images/2016918718417424384/DfF9Xem2_normal.jpg,ImADude,@zapeggo,·,15h,"Seriously,  launch him into the ocean.",8,,,https://x.com/zapeggo/status/2038774599798956094,https://x.com/zapeggo/status/2038774599798956094/analytics,seriously launch him into the ocean,seriously launch ocean,Positive
https://x.com/MamigEve,https://pbs.twimg.com/profile_images/1357680700/215850_10150168481614858_734479857_6803457_7229758_s_normal.jpg,Evelyne Kerbourc'h,@MamigEve,·,17h,"Imagine that Iran had as much money as the Yankees and used it by declaring unjust wars to cover up the murders perpetrated by vile pedophiles on its soil... Shame on you, Rubio!",16,1,,https://x.com/MamigEve/status/2038739791877935476,https://x.com/MamigEve/status/2038739791877935476/analytics,imagine that iran had as much money as the yankees and used it by declaring unjust wars to cover up the murders perpetrated by vile pedophiles on its soil shame on you rubio,imagine iran much money yankee used declaring unjust war cover murder perpetrated vile pedophile soil shame rubio,Negative
https://x.com/Radio_Paris24,https://pbs.twimg.com/profile_images/1846562423538388992/8WwpwAki_normal.jpg,Radio Paris,@Radio_Paris24,·,13h,What incredible cynicism !!!,2,,,https://x.com/Radio_Paris24/status/2038801970471780494,https://x.com/Radio_Paris24/status/2038801970471780494/analytics,what incredible cynicism,incredible cynicism,Negative
https://x.com/RobKutch,https://pbs.twimg.com/profile_images/1486233942894198787/aivmoId3_normal.jpg,"Manny, Moe & JackisOff",@RobKutch,·,14h,"Hypocrite
Spineless
Puppet
USA and citizens do not want this war
Killer
Treason
Miss anything?",2,,,https://x.com/RobKutch/status/2038793050529685608,https://x.com/RobKutch/status/2038793050529685608/analytics,hypocrite spineless puppet usa and citizens do not want this war killer treason miss anything,hypocrite spineless puppet usa citizen want war killer treason miss anything,Negative
https://x.com/StallAlan,https://pbs.twimg.com/profile_images/1793342450867523585/O5K92eoH_normal.jpg,Alan Stall,@StallAlan,·,14h,If that were the case you would be posting in Russian.,4,,,https://x.com/StallAlan/status/2038792183537402169,https://x.com/StallAlan/status/2038792183537402169/analytics,if that were the case you would be posting in russian,case would posting russian,Neutral
https://x.com/ibrahimniasse53,https://pbs.twimg.com/profile_images/2028210868039598081/qnAYl-nm_normal.jpg,Niasse Suufi,@ibrahimniasse53,·,9h,This was is just a business to some people,1,,,https://x.com/ibrahimniasse53/status/2038858905346875549,https://x.com/ibrahimniasse53/status/2038858905346875549/analytics,this was is just a business to some people,business people,Neutral
https://x.com/Nik01004730,https://pbs.twimg.com/profile_images/1677606080376090629/Eh0wUw9d_normal.jpg,Nik D,@Nik01004730,·,11h,are you really this dumb or just dumb dumb?,4,,,https://x.com/Nik01004730/status/2038833593389371636,https://x.com/Nik01004730/status/2038833593389371636/analytics,are you really this dumb or just dumb dumb,really dumb dumb dumb,Positive
https://x.com/AmaravatiRise,https://pbs.twimg.com/profile_images/1827223498965544961/pV2RH_6V_normal.jpg,Amaravati Rise,@AmaravatiRise,·,14h,"Imagine if instead of spending billions on weapons, USA spent that money on its people. They’d have a much different country",2,,,https://x.com/AmaravatiRise/status/2038788199150166186,https://x.com/AmaravatiRise/status/2038788199150166186/analytics,imagine if instead of spending billions on weapons usa spent that money on its people theyd have a much different country,imagine instead spending billion weapon usa spent money people theyd much different country,Positive
https://x.com/KurtLeeHurley,https://pbs.twimg.com/profile_images/2005745598989746176/FGvCExgk_normal.jpg,Colonel Steve Austin,@KurtLeeHurley,·,13h,Imagine a country that would steal $55T from their taxpayers.,6,,,https://x.com/KurtLeeHurley/status/2038796219091218469,https://x.com/KurtLeeHurley/status/2038796219091218469/analytics,imagine a country that would steal t from their taxpayers,imagine country would steal taxpayer,Negative
https://x.com/niknakkit9,https://pbs.twimg.com/profile_images/1689776581860868096/c5-GJJr3_normal.jpg,kitchin3,@niknakkit9,·,10h,Imagine if America did that.,2,,,https://x.com/niknakkit9/status/2038842971802452319,https://x.com/niknakkit9/status/2038842971802452319/analytics,imagine if america did that,imagine america,Neutral
https://x.com/sweetjohn74,https://pbs.twimg.com/profile_images/2005370816486109184/KPKiI6kC_normal.jpg,John paul sweet,@sweetjohn74,·,6h,Trump  needs locking up he is  danger to the world .,1,,,https://x.com/sweetjohn74/status/2038908204663394315,https://x.com/sweetjohn74/status/2038908204663394315/analytics,trump needs locking up he is danger to the world,trump need locking danger world,Negative
https://x.com/Dogsteach,https://pbs.twimg.com/profile_images/1826236702681165824/b9Dyvhfc_normal.jpg,Rose,@Dogsteach,·,16h,FU scumbag,2,,,https://x.com/Dogsteach/status/2038752637722456517,https://x.com/Dogsteach/status/2038752637722456517/analytics,fu scumbag,fu scumbag,Neutral
https://x.com/Texan10216,https://pbs.twimg.com/profile_images/1927052482582061056/jZCL06WN_normal.jpg,Texan1021,@Texan10216,·,10h,Trump has successfully positioned himself as the most intelligent and wise individual in the White House by surrounding himself with individuals of lower IQ than his own. A Fool's Paradise out there!,7,,,https://x.com/Texan10216/status/2038849803354820856,https://x.com/Texan10216/status/2038849803354820856/analytics,trump has successfully positioned himself as the most intelligent and wise individual in the white house by surrounding himself with individuals of lower iq than his own a fools paradise out there,trump successfully positioned intelligent wise individual white house surrounding individual lower iq fool paradise,Neutral
https://x.com/lukshayanmuthu,https://pbs.twimg.com/profile_images/1621415479092051969/X9H3DqxK_normal.jpg,Lukshayan Muthukumarasamy,@lukshayanmuthu,·,12h,If they done it Americans will have free education and free health care,7,,,https://x.com/lukshayanmuthu/status/2038819267672682676,https://x.com/lukshayanmuthu/status/2038819267672682676/analytics,if they done it americans will have free education and free health care,done american free education free health care,Positive
https://x.com/CrownMePeasant,https://pbs.twimg.com/profile_images/2038783594043252736/6zjZfnkz_normal.jpg,yeah yeah yeah,@CrownMePeasant,·,17h,All accusations are a confession,5,,,https://x.com/CrownMePeasant/status/2038742778310525105,https://x.com/CrownMePeasant/status/2038742778310525105/analytics,all accusations are a confession,accusation confession,Negative
https://x.com/lalawlario,https://pbs.twimg.com/profile_images/1940415522069225472/qr9Yk5jQ_normal.jpg,Lario,@lalawlario,·,13h,Imagine that the US would spend as much money on Americans as they do on weapons.,5,,,https://x.com/lalawlario/status/2038806755694518529,https://x.com/lalawlario/status/2038806755694518529/analytics,imagine that the __united_states__ would spend as much money on americans as they do on weapons,imagine united_states would spend much money american weapon,Neutral
https://x.com/Casper_Gaming,https://pbs.twimg.com/profile_images/1622874907708121088/DbUkY0HT_normal.jpg,Casper,@Casper_Gaming,·,6h,"US Healthcare before NATO and Ukraine.
America First.",8,,,https://x.com/Casper_Gaming/status/2038913272460513390,https://x.com/Casper_Gaming/status/2038913272460513390/analytics,__united_states__ healthcare before nato and ukraine america first,united_states healthcare nato ukraine america first,Neutral
https://x.com/EdwardMaduh,https://pbs.twimg.com/profile_images/1514617634922254344/jIW3P6MZ_normal.jpg,"Edward Maduh, PhD",@EdwardMaduh,·,14h,Hear Little Marco in his own words,20,,,https://x.com/EdwardMaduh/status/2038780914553991438,https://x.com/EdwardMaduh/status/2038780914553991438/analytics,hear little marco in his own words,hear little marco word,Negative
https://x.com/GreekPresident,https://pbs.twimg.com/profile_images/1871310897399906304/rTsD3AVY_normal.jpg,Greek President,@GreekPresident,·,14h,What a clown,2,,,https://x.com/GreekPresident/status/2038779789775966311,https://x.com/GreekPresident/status/2038779789775966311/analytics,what a clown,clown,Negative
https://x.com/Mergiture,https://pbs.twimg.com/profile_images/1963053452830928896/cYDocLxT_normal.jpg,Murgia,@Mergiture,·,8h,"Said the most armed country in the world, responsible for pretty much all the wars for a century (38 million deaths according to the lowest statistics, not counting the massacre of the Indians)

When the hospital mocks charity

Rubio, shut up once and for all",6,1,,https://x.com/Mergiture/status/2038872997377749242,https://x.com/Mergiture/status/2038872997377749242/analytics,said the most armed country in the world responsible for pretty much all the wars for a century million deaths according to the lowest statistics not counting the massacre of the indians when the hospital mocks charity rubio shut up once and for all,said armed country world responsible pretty much war century million death according lowest statistic counting massacre indian hospital mock charity rubio shut,Neutral
https://x.com/gina21764,https://pbs.twimg.com/profile_images/1926325960397193216/aA49o1Bw_normal.jpg,We’re All in a Handbasket,@gina21764,·,7h,"Oooooooh, the irony",2,,,https://x.com/gina21764/status/2038898395121889759,https://x.com/gina21764/status/2038898395121889759/analytics,oooooooh the irony,oooooooh irony,Neutral
https://x.com/elzbieta_kida,https://pbs.twimg.com/profile_images/939866745317109760/PX9J-T7E_normal.jpg,Elżbieta Kida,@elzbieta_kida,·,14h,We have chosen IDIOTS? Or they believe that we are IDIOTS?,4,1,,https://x.com/elzbieta_kida/status/2038787692540961244,https://x.com/elzbieta_kida/status/2038787692540961244/analytics,we have chosen idiots or they believe that we are idiots,chosen idiot believe idiot,Neutral
https://x.com/shobhapande,https://pbs.twimg.com/profile_images/1798477732340510720/oxqaFkgx_normal.jpg,AM KEJRified,@shobhapande,·,9h,Mirror mirror,5,1,,https://x.com/shobhapande/status/2038863019049161050,https://x.com/shobhapande/status/2038863019049161050/analytics,mirror mirror,mirror mirror,Neutral
https://x.com/TxJollyRoger,https://pbs.twimg.com/profile_images/1796727420852068352/Z82zDCkZ_normal.jpg,TXJollyRoger,@TxJollyRoger,·,2h,"For context,...",3,"Confirm, refute, add context.
https://x.com/i/status/2038636030329303144",Answer by Grok,https://x.com/TxJollyRoger/status/2038961608714514601,https://x.com/TxJollyRoger/status/2038961608714514601/analytics,for context,context,Neutral
https://x.com/JohnAchterhof,https://pbs.twimg.com/profile_images/1661687859038781442/oD4xHhwY_normal.jpg,John Achterhof,@JohnAchterhof,·,14h,"Imagine if all of humanity would just capitulate to debased, disenfranchised serfdom under the Epstein class, consenting to ritual acts of fealty analogous to kissing the wall, how much dystopia we could have.",9,,,https://x.com/JohnAchterhof/status/2038785044114718810,https://x.com/JohnAchterhof/status/2038785044114718810/analytics,imagine if all of humanity would just capitulate to debased disenfranchised serfdom under the epstein class consenting to ritual acts of fealty analogous to kissing the wall how much dystopia we could have,imagine humanity would capitulate debased disenfranchised serfdom epstein class consenting ritual act fealty analogous kissing wall much dystopia could,Negative
https://x.com/Marcabe71,https://pbs.twimg.com/profile_images/2031972124303507459/_o2SbxES_normal.jpg,Anger,@Marcabe71,·,14h,We have the best country in the world already. what more do you want commie?,3,,,https://x.com/Marcabe71/status/2038791734088303037,https://x.com/Marcabe71/status/2038791734088303037/analytics,we have the best country in the world already what more do you want commie,best country world already want commie,Positive
https://x.com/markmcc04105398,https://pbs.twimg.com/profile_images/2022505609866715136/AtiS9E0Q_normal.jpg,The Mahavishnu,@markmcc04105398,·,12h,Who in God's name elects these bozos?,3,,,https://x.com/markmcc04105398/status/2038810351962132661,https://x.com/markmcc04105398/status/2038810351962132661/analytics,who in gods name elects these bozos,god name elect bozo,Neutral
https://x.com/TaakiTiki,https://pbs.twimg.com/profile_images/2027968276634976256/hF9FgBdY_normal.jpg,Dr. TikiTaaki,@TaakiTiki,·,15h,So it’s war,10,1,1,https://x.com/TaakiTiki/status/2038764015124422717,https://x.com/TaakiTiki/status/2038764015124422717/analytics,so its war,war,Neutral
https://x.com/big_edko,https://pbs.twimg.com/profile_images/1751380735863279616/KCC38F1N_normal.jpg,bigedko,@big_edko,·,12h,This guy became retarded because of shilling too much for the zioshits.,8,,,https://x.com/big_edko/status/2038819164907819196,https://x.com/big_edko/status/2038819164907819196/analytics,this guy became retarded because of shilling too much for the zioshits,guy became retarded shilling much zioshits,Negative
https://x.com/hitango666,https://pbs.twimg.com/profile_images/1089744951821258752/RDKpL6q0_normal.jpg,Tangofoxtrox,@hitango666,·,16h,I hope,7,,,https://x.com/hitango666/status/2038758020029550636,https://x.com/hitango666/status/2038758020029550636/analytics,i hope,hope,Positive
https://x.com/janme21,https://pbs.twimg.com/profile_images/1889356358429949952/k4bCiNPt_normal.jpg,écologiste,@janme21,·,15h,Yes imagine. If usa didn’t have a 37 trillion debt,7,,,https://x.com/janme21/status/2038764694891004015,https://x.com/janme21/status/2038764694891004015/analytics,yes imagine if usa didnt have a trillion debt,yes imagine usa didnt trillion debt,Neutral
https://x.com/neilrayjones,https://pbs.twimg.com/profile_images/712032391980781572/B0sUBlES_normal.jpg,Neil Jones,@neilrayjones,·,12h,Absolute moron!,2,,,https://x.com/neilrayjones/status/2038813098061054200,https://x.com/neilrayjones/status/2038813098061054200/analytics,absolute moron,absolute moron,Negative
https://x.com/MarziaNicodemiE,https://pbs.twimg.com/profile_images/1877459048074760194/7BJm3EDd_normal.jpg,Marzia NicodemiE #Peace&JusticeProject #NOMovement,@MarziaNicodemiE,·,4h,"If only ridicule could kill. The problem is that the ""concetto del ridicolo"" is unknown to many. Read Maledetti toscani and reflect. I know Curzio Malaparte was a fascist but his book is great.",12,1,2,https://x.com/MarziaNicodemiE/status/2038936971410624586,https://x.com/MarziaNicodemiE/status/2038936971410624586/analytics,if only ridicule could kill the problem is that the concetto del ridicolo is unknown to many read maledetti toscani and reflect i know curzio malaparte was a fascist but his book is great,ridicule could kill problem concetto del ridicolo unknown many read maledetti toscani reflect know curzio malaparte fascist book great,Negative
https://x.com/st_hadley,https://pbs.twimg.com/profile_images/1741636929831981056/FV7Ftz00_normal.jpg,Stephenhadley.crypto,@st_hadley,·,10h,Yeah…imagine…,1,,,https://x.com/st_hadley/status/2038843941622001878,https://x.com/st_hadley/status/2038843941622001878/analytics,yeahimagine,yeahimagine,Neutral
https://x.com/iTz_Mauro_,https://pbs.twimg.com/profile_images/1876771117618106368/R7w4QymL_normal.jpg,itzmauro,@iTz_Mauro_,·,3h,Fucking clown,4,,,https://x.com/iTz_Mauro_/status/2038950877042491423,https://x.com/iTz_Mauro_/status/2038950877042491423/analytics,fucking clown,fucking clown,Positive
https://x.com/ShantellShaw16,https://pbs.twimg.com/profile_images/1913731819180306432/S-4AG4fx_normal.jpg,Shantell,@ShantellShaw16,·,20m,"wtf 
Pot meet kettle
Absurdly stupid",4,,,https://x.com/ShantellShaw16/status/2039000286094897437,https://x.com/ShantellShaw16/status/2039000286094897437/analytics,wtf pot meet kettle absurdly stupid,hell pot meet kettle absurdly stupid,Negative
https://x.com/DanelioK,https://pbs.twimg.com/profile_images/1954283388539408384/cYuAzzND_normal.jpg,Dee wa le sundowns,@DanelioK,·,12h,Americans keep exposing their stupidity,12,,,https://x.com/DanelioK/status/2038818679031275807,https://x.com/DanelioK/status/2038818679031275807/analytics,americans keep exposing their stupidity,american keep exposing stupidity,Negative
https://x.com/MOFOOTUS,https://pbs.twimg.com/profile_images/2026511397107150853/D5ITcmjH_normal.jpg,MOFOOTUS,@MOFOOTUS,·,15h,This statement makes no sense.,4,,,https://x.com/MOFOOTUS/status/2038772636755648903,https://x.com/MOFOOTUS/status/2038772636755648903/analytics,this statement makes no sense,statement make sense,Positive
https://x.com/alexbnk,https://pbs.twimg.com/profile_images/1857830998181830656/2IkiiBUW_normal.jpg,Dislexius,@alexbnk,·,15h,Always the same story with the crazy regimes,4,,,https://x.com/alexbnk/status/2038763825634197780,https://x.com/alexbnk/status/2038763825634197780/analytics,always the same story with the crazy regimes,always story crazy regime,Negative
https://x.com/Narayan2O24,https://pbs.twimg.com/profile_images/2024968724093304836/ZTbrm3eh_normal.jpg,Narayana,@Narayan2O24,·,14h,Rubicon is a con,5,,,https://x.com/Narayan2O24/status/2038790803708125419,https://x.com/Narayan2O24/status/2038790803708125419/analytics,rubicon is a con,rubicon con,Neutral
https://x.com/CryptoTempel,https://pbs.twimg.com/profile_images/2000326139370188801/uiaQFtqc_normal.jpg,BT-11,@CryptoTempel,·,14h,How is this actually real life?,3,,,https://x.com/CryptoTempel/status/2038788731671642590,https://x.com/CryptoTempel/status/2038788731671642590/analytics,how is this actually real life,actually real life,Positive
https://x.com/ErapiGoddy,https://pbs.twimg.com/profile_images/1853520685764587520/Ld1S3O_b_normal.jpg,Dr. Goddy-Lara Erapi,@ErapiGoddy,·,15h,Rubio is spouting rubbish.,10,,,https://x.com/ErapiGoddy/status/2038774905529876980,https://x.com/ErapiGoddy/status/2038774905529876980/analytics,rubio is spouting rubbish,rubio spouting rubbish,Neutral
https://x.com/laine_aiden,https://abs.twimg.com/sticky/default_profile_images/default_profile_normal.png,Aiden Laine,@laine_aiden,·,12h,Imagin if Alerica did instead of giving $ billions to over 157+ Cointries!,5,2,,https://x.com/laine_aiden/status/2038816026591379505,https://x.com/laine_aiden/status/2038816026591379505/analytics,imagin if alerica did instead of giving billions to over cointries,imagin alerica instead giving billion cointries,Negative
https://x.com/Moyeni_bj,https://pbs.twimg.com/profile_images/1987333796325171200/_bYYwdzQ_normal.jpg,Prince Moyeni,@Moyeni_bj,·,13h,But they chose WAR,7,,,https://x.com/Moyeni_bj/status/2038802885950021928,https://x.com/Moyeni_bj/status/2038802885950021928/analytics,but they chose war,chose war,Neutral
https://x.com/VR_FR_Spotter,https://pbs.twimg.com/profile_images/1763349889231269889/UplM4DaF_normal.jpg,W,@VR_FR_Spotter,·,16h,Imagine the US,3,,,https://x.com/VR_FR_Spotter/status/2038749308204486775,https://x.com/VR_FR_Spotter/status/2038749308204486775/analytics,imagine the __united_states__,imagine united_states,Neutral
https://x.com/MoniAnnMcGregor,https://pbs.twimg.com/profile_images/2006542272989372416/fuJEBPuD_normal.jpg,Monique Anne McGregor,@MoniAnnMcGregor,·,5h,Rubio is an idiot.,5,1,,https://x.com/MoniAnnMcGregor/status/2038922849503567992,https://x.com/MoniAnnMcGregor/status/2038922849503567992/analytics,rubio is an idiot,rubio idiot,Negative
https://x.com/BoycottUtah,https://pbs.twimg.com/profile_images/827937328014385152/2BFay7mZ_normal.jpg,Richard Saunders,@BoycottUtah,·,13h,Brain dead walking and forever will be known as an extraordinary Trump ass lick.,37,1,3,https://x.com/BoycottUtah/status/2038794109981434204,https://x.com/BoycottUtah/status/2038794109981434204/analytics,brain dead walking and forever will be known as an extraordinary trump ass lick,brain dead walking forever known extraordinary trump as lick,Neutral
https://x.com/aschneider70,https://pbs.twimg.com/profile_images/1931034193309396992/qOkhBFmv_normal.jpg,Schneider,@aschneider70,·,14h,A supreme idiot,2,,,https://x.com/aschneider70/status/2038779004363087976,https://x.com/aschneider70/status/2038779004363087976/analytics,a supreme idiot,supreme idiot,Negative
https://x.com/chaddocrypto,https://pbs.twimg.com/profile_images/2011894768050061313/zwLsAXsY_normal.jpg,itsChaddo,@chaddocrypto,·,15h,such a hypocrit,5,,,https://x.com/chaddocrypto/status/2038766101484519843,https://x.com/chaddocrypto/status/2038766101484519843/analytics,such a hypocrit,hypocrit,Neutral
https://x.com/jebbyjeorge,https://pbs.twimg.com/profile_images/2023479694210068484/suuAFXsG_normal.jpg,Jesse,@jebbyjeorge,·,4h,He’s so fucking retarded it’s insane,9,,,https://x.com/jebbyjeorge/status/2038933042371207421,https://x.com/jebbyjeorge/status/2038933042371207421/analytics,hes so fucking retarded its insane,he fucking retarded insane,Positive
https://x.com/flyingspghetti,https://pbs.twimg.com/profile_images/1591234069584658433/Q2iR985t_normal.jpg,Spaghetti Monster (™),@flyingspghetti,·,16h,zero self awareness,30,1,3,https://x.com/flyingspghetti/status/2038752500136706211,https://x.com/flyingspghetti/status/2038752500136706211/analytics,zero self awareness,zero self awareness,Positive
https://x.com/lawleet137,https://pbs.twimg.com/profile_images/2006670448415719424/tA44teHA_normal.jpg,Lawleet,@lawleet137,·,15h,Foolish vs wise people's mindset works differently.,13,,,https://x.com/lawleet137/status/2038778361317847116,https://x.com/lawleet137/status/2038778361317847116/analytics,foolish vs wise peoples mindset works differently,foolish versus wise people mindset work differently,Positive
https://x.com/CaptNDabbin22,https://pbs.twimg.com/profile_images/2024720324168736768/LW9mtggP_normal.jpg,FlyingJay,@CaptNDabbin22,·,12h,We will make that money back and then some.,5,,,https://x.com/CaptNDabbin22/status/2038816949086335129,https://x.com/CaptNDabbin22/status/2038816949086335129/analytics,we will make that money back and then some,make money back,Neutral
https://x.com/beyond_capital,https://pbs.twimg.com/profile_images/1288731173485649920/UNc-0hpY_normal.jpg,Socialist Planning Beyond Capitalism,@beyond_capital,·,14h,Complete Dingbat!,91,4,,https://x.com/beyond_capital/status/2038792053497458852,https://x.com/beyond_capital/status/2038792053497458852/analytics,complete dingbat,complete dingbat,Neutral
https://x.com/Knot73211261,https://pbs.twimg.com/profile_images/2000696885401489412/YDiFoqFS_normal.jpg,RADIO V.O.A,@Knot73211261,·,15h,So the dirty Rubio who supports pedophiles pls ..,19,2,2,https://x.com/Knot73211261/status/2038766420851294274,https://x.com/Knot73211261/status/2038766420851294274/analytics,so the dirty rubio who supports pedophiles pls,dirty rubio support pedophile please,Neutral
https://x.com/JohnBrooklyn1,https://abs.twimg.com/sticky/default_profile_images/default_profile_normal.png,John Brooklyn,@JohnBrooklyn1,·,15h,RUBIO IS A TRAITOR TO HIS OWN PEOPLE FROM CUBA,13,1,1,https://x.com/JohnBrooklyn1/status/2038774857182122041,https://x.com/JohnBrooklyn1/status/2038774857182122041/analytics,rubio is a traitor to his own people from cuba,rubio traitor people cuba,Neutral
https://x.com/miguelbustillo,https://pbs.twimg.com/profile_images/1929743062651060224/jz-y1Qjf_normal.jpg,Miguel Bustillo,@miguelbustillo,·,15h,"Those Yankee bureaucrats are a bunch of immoral bastards. They criticize others for exactly what they do themselves.

The good thing is that we know them very well.",21,1,1,https://x.com/miguelbustillo/status/2038775862942961758,https://x.com/miguelbustillo/status/2038775862942961758/analytics,those yankee bureaucrats are a bunch of immoral bastards they criticize others for exactly what they do themselves the good thing is that we know them very well,yankee bureaucrat bunch immoral bastard criticize others exactly good thing know well,Neutral
https://x.com/Jo_Bakerman,https://pbs.twimg.com/profile_images/1945122355098828800/qKVgjGuz_normal.jpg,JB,@Jo_Bakerman,·,18h,Iran spent even millions for for hospitals for the 20.000 jews in Iran. The jews that're getting bombcarpeted currently in Teheran...,56,1,,https://x.com/Jo_Bakerman/status/2038733488019349753,https://x.com/Jo_Bakerman/status/2038733488019349753/analytics,iran spent even millions for for hospitals for the jews in iran the jews thatre getting bombcarpeted currently in teheran,iran spent even million hospital jew iran jew thatre getting bombcarpeted currently teheran,Positive
https://x.com/PeterHo08321766,https://pbs.twimg.com/profile_images/1879990309288865793/BpZr8b2N_normal.jpg,HOI POLLOI,@PeterHo08321766,·,17h,I JUST CANNOT STOMACH THAT SWEET TALKING FASCIST PARROT RUBIO !,5,1,1,https://x.com/PeterHo08321766/status/2038747330736701708,https://x.com/PeterHo08321766/status/2038747330736701708/analytics,i just cannot stomach that sweet talking fascist parrot rubio,cannot stomach sweet talking fascist parrot rubio,Negative
https://x.com/al7128_alice,https://pbs.twimg.com/profile_images/1860271002183233536/G0dZ2MM__normal.png,Alice Jonsson,@al7128_alice,·,5h,Think it is usa he decribe,2,1,,https://x.com/al7128_alice/status/2038924415203680682,https://x.com/al7128_alice/status/2038924415203680682/analytics,think it is usa he decribe,think usa decribe,Neutral
https://x.com/prcarlos47,https://pbs.twimg.com/profile_images/2008798500939567104/W6j7d8zH_normal.jpg,Carlos Summers,@prcarlos47,·,16h,just imagine,18,2,,https://x.com/prcarlos47/status/2038750738122232165,https://x.com/prcarlos47/status/2038750738122232165/analytics,just imagine,imagine,Neutral
https://x.com/corpheart1,https://pbs.twimg.com/profile_images/1905218264696762368/I0zuJCno_normal.jpg,corpheart,@corpheart1,·,15h,My words too earlier! He is delusional.,8,1,,https://x.com/corpheart1/status/2038770385739510241,https://x.com/corpheart1/status/2038770385739510241/analytics,my words too earlier he is delusional,word earlier delusional,Neutral
https://x.com/RandyK37771629,https://pbs.twimg.com/profile_images/1870437235754999808/KL3d-7NM_normal.jpg,Randy,@RandyK37771629,·,13h,Rubio is the stupidest homosexual you can imagine. I would love to see footage of him at the gay bars he used to constantly hang at. That would be so worth the watch...,11,1,,https://x.com/RandyK37771629/status/2038794092801315304,https://x.com/RandyK37771629/status/2038794092801315304/analytics,rubio is the stupidest homosexual you can imagine i would love to see footage of him at the gay bars he used to constantly hang at that would be so worth the watch,rubio stupidest homosexual imagine would love see footage gay bar used constantly hang would worth watch,Neutral
https://x.com/Squigglybitch1,https://pbs.twimg.com/profile_images/2009735713261268994/knsAupOL_normal.jpg,Fiona,@Squigglybitch1,·,14h,"Oh now he's just taking the piss, surely.",6,1,,https://x.com/Squigglybitch1/status/2038781233652482256,https://x.com/Squigglybitch1/status/2038781233652482256/analytics,oh now hes just taking the piss surely,oh he taking piss surely,Positive
https://x.com/Ntalebrian22,https://pbs.twimg.com/profile_images/1726479028587053056/3zVIgPTr_normal.jpg,Brayo,@Ntalebrian22,·,11h,Perfect,21,,,https://x.com/Ntalebrian22/status/2038825656335700161,https://x.com/Ntalebrian22/status/2038825656335700161/analytics,perfect,perfect,Neutral
https://x.com/SonnyTurne25945,https://pbs.twimg.com/profile_images/1703805527212654592/VaVUU0cX_normal.jpg,Sonny Turner,@SonnyTurne25945,·,12h,So would the US,4,1,,https://x.com/SonnyTurne25945/status/2038821152618131500,https://x.com/SonnyTurne25945/status/2038821152618131500/analytics,so would the __united_states__,would united_states,Neutral
https://x.com/HugeObserver,https://pbs.twimg.com/profile_images/1548826174884904962/yUrr1FXi_normal.jpg,Blatant One,@HugeObserver,·,15h,He is blind to the irony.,12,1,3,https://x.com/HugeObserver/status/2038764071688843515,https://x.com/HugeObserver/status/2038764071688843515/analytics,he is blind to the irony,blind irony,Neutral
https://x.com/kather5662,https://pbs.twimg.com/profile_images/1528284735772180480/DZtGcF5S_normal.jpg,Kay H #Voted Yes,@kather5662,·,13h,rubio should take his own advise,9,1,,https://x.com/kather5662/status/2038800247913378042,https://x.com/kather5662/status/2038800247913378042/analytics,rubio should take his own advise,rubio take advise,Neutral
https://x.com/susiesueQ2,https://pbs.twimg.com/profile_images/2010014199741665280/xyf7CtgW_normal.jpg,Suefran,@susiesueQ2,·,16h,Imagine if instead of not killing Iranians and bombing schools,17,1,1,https://x.com/susiesueQ2/status/2038753645768966422,https://x.com/susiesueQ2/status/2038753645768966422/analytics,imagine if instead of not killing iranians and bombing schools,imagine instead killing iranian bombing school,Negative
https://x.com/ken79497052,https://pbs.twimg.com/profile_images/2019454441032962048/fzx2X6Vz_normal.jpg,Hello,@ken79497052,·,14h,Anyone else notice that he can be Dumbo?  Look at this ears!,21,1,1,https://x.com/ken79497052/status/2038780378895536188,https://x.com/ken79497052/status/2038780378895536188/analytics,anyone else notice that he can be dumbo look at this ears,anyone else notice dumbo look ear,Neutral
https://x.com/loansbybill,https://pbs.twimg.com/profile_images/1925758391055441920/4O7KPD-Q_normal.jpg,Bizillion,@loansbybill,·,11h,The Irony is palpable.,3,1,,https://x.com/loansbybill/status/2038826429199380584,https://x.com/loansbybill/status/2038826429199380584/analytics,the irony is palpable,irony palpable,Neutral
https://x.com/PatBoudier,https://abs.twimg.com/sticky/default_profile_images/default_profile_normal.png,Patrick Boudier,@PatBoudier,·,11h,"Yes, but well, it's not that systematic (cf: Europe) doesn't produce weaponry but the people are on edge...",3,1,,https://x.com/PatBoudier/status/2038827995981320444,https://x.com/PatBoudier/status/2038827995981320444/analytics,yes but well its not that systematic cf europe doesnt produce weaponry but the people are on edge,yes well systematic cf europe doesnt produce weaponry people edge,Neutral
https://x.com/Bob01778457,https://pbs.twimg.com/profile_images/1391055976455974913/s9h-h-ky_normal.jpg,Bob Earth Day/ Honey Badger,@Bob01778457,·,1h,ABOLISH GOVERNMENT,8,1,2,https://x.com/Bob01778457/status/2038977252847657308,https://x.com/Bob01778457/status/2038977252847657308/analytics,abolish government,abolish government,Neutral
https://x.com/Joelowblowsowot,https://pbs.twimg.com/profile_images/1855518462988500992/O83j7Ty1_normal.jpg,Joe Bloggs,@Joelowblowsowot,·,15h,Take note Rubio.,25,1,3,https://x.com/Joelowblowsowot/status/2038767221204451795,https://x.com/Joelowblowsowot/status/2038767221204451795/analytics,take note rubio,take note rubio,Neutral
https://x.com/CarlSingley,https://abs.twimg.com/sticky/default_profile_images/default_profile_normal.png,Carl Singley,@CarlSingley,·,11h,Imagine .. the hypocrisy,4,1,,https://x.com/CarlSingley/status/2038826437772193875,https://x.com/CarlSingley/status/2038826437772193875/analytics,imagine the hypocrisy,imagine hypocrisy,Positive
https://x.com/collado_garza,https://abs.twimg.com/sticky/default_profile_images/default_profile_normal.png,Virginia Collado Garza,@collado_garza,·,13h,¡El burro hablando de orejas!,4,1,,https://x.com/collado_garza/status/2038795668370641390,https://x.com/collado_garza/status/2038795668370641390/analytics,el burro hablando de orejas,el burro hablando de orejas,Neutral
https://x.com/croyboy47,https://pbs.twimg.com/profile_images/840127610248024064/KRDeUKDG_normal.jpg,Michael Croy,@croyboy47,·,16h,Hypocrite,17,1,1,https://x.com/croyboy47/status/2038759339348087010,https://x.com/croyboy47/status/2038759339348087010/analytics,hypocrite,hypocrite,Neutral
https://x.com/TawandaButche1,https://pbs.twimg.com/profile_images/1962691453374865411/Xv7pZIf0_normal.jpg,Tawanda '54,@TawandaButche1,·,15h,"Rules that apply to thee, that do not apply to me . . .",12,1,1,https://x.com/TawandaButche1/status/2038765678321394074,https://x.com/TawandaButche1/status/2038765678321394074/analytics,rules that apply to thee that do not apply to me,rule apply thee apply,Positive
https://x.com/gatormason,https://pbs.twimg.com/profile_images/2889776878/f27acb3c2c15c75a355fc035bd4b8781_normal.png,Tom Mason,@gatormason,·,14h,Epic irony,13,2,,https://x.com/gatormason/status/2038793114945462346,https://x.com/gatormason/status/2038793114945462346/analytics,epic irony,epic irony,Neutral
https://x.com/TRE45ON,https://pbs.twimg.com/profile_images/884454730964934656/8IpK9INT_normal.jpg,TRE45ON,@TRE45ON,·,12h,I really can’t stand these fukin guys.,12,2,,https://x.com/TRE45ON/status/2038810587812204888,https://x.com/TRE45ON/status/2038810587812204888/analytics,i really cant stand these fukin guys,really cant stand fukin guy,Positive
https://x.com/DavidSw16028487,https://pbs.twimg.com/profile_images/1497497801923567618/M6M0jCMR_normal.jpg,David Sweeney,@DavidSw16028487,·,12h,every accusation... I swear...,6,1,,https://x.com/DavidSw16028487/status/2038814992297038164,https://x.com/DavidSw16028487/status/2038814992297038164/analytics,every accusation i swear,every accusation swear,Neutral
https://x.com/bukowskikerouac,https://pbs.twimg.com/profile_images/1250585178889691137/0I66HiHq_normal.jpg,Ed,@bukowskikerouac,·,16h,Have you been to San Francisco,20,1,1,https://x.com/bukowskikerouac/status/2038760301026312650,https://x.com/bukowskikerouac/status/2038760301026312650/analytics,have you been to san francisco,san francisco,Neutral
https://x.com/Fabgnd,https://pbs.twimg.com/profile_images/1769163698340339714/qxBReeP8_normal.jpg,Moderato Cantabile,@Fabgnd,·,7h,Ahurissant!,5,1,1,https://x.com/Fabgnd/status/2038886029906571762,https://x.com/Fabgnd/status/2038886029906571762/analytics,ahurissant,ahurissant,Neutral
https://x.com/nzskylovingdiva,https://pbs.twimg.com/profile_images/1918783743709614080/KbNWm1IU_normal.jpg,SkyLovingDivaAotearoa,@nzskylovingdiva,·,13h,The projection is strong in this one!,16,2,,https://x.com/nzskylovingdiva/status/2038804594172780711,https://x.com/nzskylovingdiva/status/2038804594172780711/analytics,the projection is strong in this one,projection strong one,Positive
https://x.com/Francisculichi,https://pbs.twimg.com/profile_images/2017753605647044608/hHSiF-AO_normal.jpg,Bartito2.1,@Francisculichi,·,11h,Estos imbéciles son excesivamente cínicos,8,1,,https://x.com/Francisculichi/status/2038825359580516736,https://x.com/Francisculichi/status/2038825359580516736/analytics,estos imbciles son excesivamente cnicos,estos imbciles son excesivamente cnicos,Neutral
https://x.com/_MaxFree_,https://pbs.twimg.com/profile_images/2006495775258210305/zcH3GZEo_normal.jpg,Massimo peace,@_MaxFree_,·,9h,He counts on the fact that his electorate believes his sh,29,3,,https://x.com/_MaxFree_/status/2038860334455276003,https://x.com/_MaxFree_/status/2038860334455276003/analytics,he counts on the fact that his electorate believes his sh,count fact electorate belief sh,Neutral
https://x.com/estherleebenavi,https://pbs.twimg.com/profile_images/2012370109491265537/MRQwEOqb_normal.jpg,La_Flor de un dia,@estherleebenavi,·,16h,"Imagine Marco Rubio that if there weren't people so INEFFICIENT, IN THE GOVERNMENT of",15,2,,https://x.com/estherleebenavi/status/2038760912065073189,https://x.com/estherleebenavi/status/2038760912065073189/analytics,imagine marco rubio that if there werent people so inefficient in the government of,imagine marco rubio werent people inefficient government,Negative
https://x.com/JAGVintage73,https://pbs.twimg.com/profile_images/1960355149999706113/LDEJVLJZ_normal.jpg,OptimisticBrownsFan,@JAGVintage73,·,3h,Hello pot,2,1,,https://x.com/JAGVintage73/status/2038960166415065319,https://x.com/JAGVintage73/status/2038960166415065319/analytics,hello pot,hello pot,Neutral
https://x.com/madameavina,https://pbs.twimg.com/profile_images/2024120647970873344/q6q4b6JP_normal.jpg,katerina,@madameavina,·,14h,De donde sacaron à este estupido?,14,1,,https://x.com/madameavina/status/2038792498642931954,https://x.com/madameavina/status/2038792498642931954/analytics,de donde sacaron este estupido,de donde sacaron este estupido,Neutral
https://x.com/BrOmarChatila,https://pbs.twimg.com/profile_images/1367202767023046666/Rnj7FBAO_normal.jpg,Omar Chatila,@BrOmarChatila,·,11h,The jokes write themselves.,154,8,,https://x.com/BrOmarChatila/status/2038830686711263359,https://x.com/BrOmarChatila/status/2038830686711263359/analytics,the jokes write themselves,joke write,Positive
https://x.com/scottachange,https://pbs.twimg.com/profile_images/1769200763681849344/Jg1DlhZ2_normal.jpg,ThingScottAchange #WearAFuckingRespiratorMF,@scottachange,·,8h,"THE FUCKING IRONY
HEAL THY SELF",2,1,,https://x.com/scottachange/status/2038872147100406110,https://x.com/scottachange/status/2038872147100406110/analytics,the fucking irony heal thy self,fucking irony heal thy self,Positive
https://x.com/ramonferrandis,https://pbs.twimg.com/profile_images/1260639021077803008/-RAlZM2T_normal.jpg,Rocinante,@ramonferrandis,·,17h,Se burlan de nosotros.,11,2,,https://x.com/ramonferrandis/status/2038744821754478959,https://x.com/ramonferrandis/status/2038744821754478959/analytics,se burlan de nosotros,se burlan de nosotros,Neutral
https://x.com/suskullaonasiaa,https://pbs.twimg.com/profile_images/1777219286873878528/4ZkNn3Xk_normal.jpg,Xcensored,@suskullaonasiaa,·,9h,They literally talk to people like theyre complete idiots.,2,1,,https://x.com/suskullaonasiaa/status/2038862188987728017,https://x.com/suskullaonasiaa/status/2038862188987728017/analytics,they literally talk to people like theyre complete idiots,literally talk people like theyre complete idiot,Neutral
https://x.com/Elizabe47883246,https://pbs.twimg.com/profile_images/1490578619923525633/Wy4U3NkO_normal.jpg,Elizabeth,@Elizabe47883246,·,13h,Everything they accuse others of is what they are behind the mirror.,14,2,,https://x.com/Elizabe47883246/status/2038794653613576298,https://x.com/Elizabe47883246/status/2038794653613576298/analytics,everything they accuse others of is what they are behind the mirror,everything accuse others behind mirror,Neutral
https://x.com/Variety,https://pbs.twimg.com/profile_images/1610752949550186496/X5zYP9oV_normal.jpg,Variety,@Variety,Follow,Click to Follow Variety,"Rob Schneider says the United States “must restore the military draft for our nation’s young people” amid the ongoing war with Iran:

“Being a citizen of the United States gives us unparalleled Freedoms and opportunities that are the envy of the world. However, these Freedoms that we cherish do not come without a cost.”",,"12:34 AM · Mar 30, 2026",·,https://x.com/Variety/status/2038293663433007490/analytics,https://x.com/HororPotong,rob schneider says the __united_states__ __united_states__ must restore the military draft for our nations young people amid the ongoing war with iran being a citizen of the __united_states__ __united_states__ gives us unparalleled freedoms and opportunities that are the envy of the world however these freedoms that we cherish do not come without a cost,rob schneider say united_states united_states must restore military draft nation young people amid ongoing war iran citizen united_states united_states give u unparalleled freedom opportunity envy world however freedom cherish come without cost,Neutral
https://x.com/excelsusX,https://abs.twimg.com/sticky/default_profile_images/default_profile_normal.png,David,@excelsusX,·,Mar 30,The problem with a draft is that it will very quickly turn the nation into a socialist country because the VA is now designed to give everyone who has ever been in the military for any time and any job or discharge type “free” monthly checks and benefits for life.  Someone,61K,177,4,https://x.com/excelsusX/status/2038340364151500903,https://x.com/excelsusX/status/2038340364151500903/analytics,the problem with a draft is that it will very quickly turn the nation into a socialist country because the va is now designed to give everyone who has ever been in the military for any time and any job or discharge type free monthly checks and benefits for life someone,problem draft quickly turn nation socialist country va designed give everyone ever military time job discharge type free monthly check benefit life someone,Neutral
https://x.com/MollyDavis543,https://pbs.twimg.com/profile_images/2032117279253807111/5RWkwh_F_normal.jpg,Molly Davis,@MollyDavis543,·,Mar 30,Rob Schnieder is a jew.,43K,42,60,https://x.com/MollyDavis543/status/2038394960689471615,https://x.com/MollyDavis543/status/2038394960689471615/analytics,rob schnieder is a jew,rob schnieder jew,Neutral
https://x.com/CoronadoCuatro,https://pbs.twimg.com/profile_images/1571953266694688768/-Gh08Oi5_normal.jpg,Mark Coronado,@CoronadoCuatro,·,Mar 30,A Childless man speaking on other peoples Children.  How Israel of him.,32K,28,4,https://x.com/CoronadoCuatro/status/2038358632509964779,https://x.com/CoronadoCuatro/status/2038358632509964779/analytics,a childless man speaking on other peoples children how israel of him,childless man speaking people child israel,Neutral
https://x.com/JeffMcCloskey3,https://pbs.twimg.com/profile_images/1693464861777219585/5QMEG0yX_normal.jpg,Geoffrey McCloskey,@JeffMcCloskey3,·,Mar 30,how long did rob Schneider serve in the military?,97K,5,1,https://x.com/JeffMcCloskey3/status/2038325200207454287,https://x.com/JeffMcCloskey3/status/2038325200207454287/analytics,how long did rob schneider serve in the military,long rob schneider serve military,Neutral
https://x.com/djsmith103,https://pbs.twimg.com/profile_images/1800944869763919872/eSle1FaU_normal.jpg,DJthe NJTitan,@djsmith103,·,Mar 30,"how about you get the fuck off your un-funny ass and YOU go die for Israel. Don't volunteer our sons & daughters to go do something your bitch ass doesn't have the courage to do. 
Send all the damn boomers & neocons as a matter of fact. I bet the pedo rate drops",65K,58,90,https://x.com/djsmith103/status/2038322654298431892,https://x.com/djsmith103/status/2038322654298431892/analytics,how about you get the fuck off your unfunny ass and you go die for israel dont volunteer our sons daughters to go do something your bitch ass doesnt have the courage to do send all the damn boomers neocons as a matter of fact i bet the pedo rate drops,get fuck unfunny as go die israel dont volunteer son daughter go something bitch as doesnt courage send damn boomer neocon matter fact bet pedo rate drop,Negative
https://x.com/FrostedBrownys,https://pbs.twimg.com/profile_images/1985715484264947712/hgpC-oiO_normal.jpg,O_0,@FrostedBrownys,·,Mar 30,"We all know Mr. Schneider is a very respectable veteran 
He has years of experience touring Adam sandlers ballsack",244K,43,289,https://x.com/FrostedBrownys/status/2038309043777982501,https://x.com/FrostedBrownys/status/2038309043777982501/analytics,we all know mr schneider is a very respectable veteran he has years of experience touring adam sandlers ballsack,know mr schneider respectable veteran year experience touring adam sandlers ballsack,Positive
https://x.com/ryantristanb,https://abs.twimg.com/sticky/default_profile_images/default_profile_normal.png,Ryan,@ryantristanb,·,Mar 30,"Draft all women 18-40 and send them over to Iran. Equality, baby. Men have fought enough wars, women need to equalize that. They get the next few wars without our help. 

I support this message!",19K,67,3,https://x.com/ryantristanb/status/2038356575732310186,https://x.com/ryantristanb/status/2038356575732310186/analytics,draft all women and send them over to iran equality baby men have fought enough wars women need to equalize that they get the next few wars without our help i support this message,draft woman send iran equality baby men fought enough war woman need equalize get next war without help support message,Neutral
https://x.com/doctormalibu,https://pbs.twimg.com/profile_images/1919518640669655043/n_XMqUsn_normal.jpg,DOC,@doctormalibu,·,Mar 30,That Jew can go fight for himself The little cunt,37K,15,49,https://x.com/doctormalibu/status/2038336270166851831,https://x.com/doctormalibu/status/2038336270166851831/analytics,that jew can go fight for himself the little cunt,jew go fight little cunt,Negative
https://x.com/BleepingHorses,https://pbs.twimg.com/profile_images/2024119645301620736/V5r_dzTF_normal.jpg,Roland IV,@BleepingHorses,·,Mar 30,"As long as people of all genders are included, great. Israel makes military service mandatory for everyone and we should do the same. Let's call it ""equal opportunity cannon fodder."" Girls, you're going to war.",11K,28,21,https://x.com/BleepingHorses/status/2038363803461492979,https://x.com/BleepingHorses/status/2038363803461492979/analytics,as long as people of all genders are included great israel makes military service mandatory for everyone and we should do the same lets call it equal opportunity cannon fodder girls youre going to war,long people gender included great israel make military service mandatory everyone let call equal opportunity cannon fodder girl youre going war,Positive
https://x.com/liberallisa13,https://pbs.twimg.com/profile_images/1918760580132835328/lz8NB4hk_normal.jpg,FedUpAmerican,@liberallisa13,·,Mar 30,Remember when,97K,30,238,https://x.com/liberallisa13/status/2038362184317559265,https://x.com/liberallisa13/status/2038362184317559265/analytics,remember when,remember,Neutral
https://x.com/Godwins1760,https://pbs.twimg.com/profile_images/1973470661377994753/o09_oaLE_normal.jpg,Tammy Blauvelt,@Godwins1760,·,Mar 30,"So you are going to send your children to their own potential death? I believe the age is now up to age 42. We do not belong in this WAR and by God’s grace, may we exit peacefully.",8.3K,15,1,https://x.com/Godwins1760/status/2038433616561127674,https://x.com/Godwins1760/status/2038433616561127674/analytics,so you are going to send your children to their own potential death i believe the age is now up to age we do not belong in this war and by gods grace may we exit peacefully,going send child potential death believe age age belong war god grace may exit peacefully,Neutral
https://x.com/Gentconspire,https://pbs.twimg.com/profile_images/2037655709572071424/VtpMSr-L_normal.jpg,TheCGCpodcast,@Gentconspire,·,Mar 30,"Rob Schneider is… a war hawk for Israel.
And he’s about to find out that sending other people’s kids to die for a foreign country is harder than it looks.
Rob Schneider is… The War Hawk.
Rated PG-13.",6.2K,4,29,https://x.com/Gentconspire/status/2038623863756746827,https://x.com/Gentconspire/status/2038623863756746827/analytics,rob schneider is a war hawk for israel and hes about to find out that sending other peoples kids to die for a foreign country is harder than it looks rob schneider is the war hawk rated pg,rob schneider war hawk israel he find sending people kid die foreign country harder look rob schneider war hawk rated pg,Neutral
https://x.com/OldMillMedia,https://pbs.twimg.com/profile_images/2034680872268333056/9lcqvt4m_normal.jpg,Old Mill Media,@OldMillMedia,·,Mar 30,Another elitest POS signing others up to fight.,33K,5,90,https://x.com/OldMillMedia/status/2038336847206605213,https://x.com/OldMillMedia/status/2038336847206605213/analytics,another elitest pos signing others up to fight,another elitest po signing others fight,Positive
https://x.com/DanyelJKing,https://pbs.twimg.com/profile_images/2033986323602915328/IiHB3zC0_normal.jpg,Danyel J King,@DanyelJKing,·,Mar 30,Then why don’t he enlist or enlist his children.  What clown would push this narrative knowing how this war started - complete unfunny idiot,18K,3,16,https://x.com/DanyelJKing/status/2038342095275278668,https://x.com/DanyelJKing/status/2038342095275278668/analytics,then why dont he enlist or enlist his children what clown would push this narrative knowing how this war started complete unfunny idiot,dont enlist enlist child clown would push narrative knowing war started complete unfunny idiot,Negative
https://x.com/smwilkxwriter,https://pbs.twimg.com/profile_images/2025970719549505537/En6GJasb_normal.jpg,Shaun M. Wilkinson,@smwilkxwriter,·,Mar 30,Exception to policy Automatic service and age waiver for geriatrics who have never served to instantly serve in combat zones once they make that ridiculous postulations like,5.2K,3,8,https://x.com/smwilkxwriter/status/2038413607122174241,https://x.com/smwilkxwriter/status/2038413607122174241/analytics,exception to policy automatic service and age waiver for geriatrics who have never served to instantly serve in combat zones once they make that ridiculous postulations like,exception policy automatic service age waiver geriatrics never served instantly serve combat zone make ridiculous postulation like,Negative
https://x.com/FrankTankGaming,https://pbs.twimg.com/profile_images/1975611865691553792/HQeCNEVS_normal.jpg,DeepFrank,@FrankTankGaming,·,Mar 30,What's his rank?,36K,1,4,https://x.com/FrankTankGaming/status/2038321618301100287,https://x.com/FrankTankGaming/status/2038321618301100287/analytics,whats his rank,whats rank,Neutral
https://x.com/LouieLoop,https://pbs.twimg.com/profile_images/2036455119479513093/xcegzp1W_normal.jpg,Louie Loop,@LouieLoop,·,Mar 30,Don’t need your opinions if you didn’t serve in the military. K bye.,6.7K,2,1,https://x.com/LouieLoop/status/2038332070477414419,https://x.com/LouieLoop/status/2038332070477414419/analytics,dont need your opinions if you didnt serve in the military k bye,dont need opinion didnt serve military k bye,Negative
https://x.com/dandersen9465,https://pbs.twimg.com/profile_images/1596976377193824256/8Iu1PcVm_normal.jpg,Truth or consequences,@dandersen9465,·,Mar 30,"Ok Rob, you can pack Barron's Bags before he 
  goes to War!",24K,9,59,https://x.com/dandersen9465/status/2038321279884050884,https://x.com/dandersen9465/status/2038321279884050884/analytics,ok rob you can pack barrons bags before he goes to war,ok rob pack barrons bag go war,Positive
https://x.com/archivesincompl,https://pbs.twimg.com/profile_images/1672217129754693634/6dOEQL6d_normal.jpg,Archives: Incomplete,@archivesincompl,·,Mar 30,"There were what, 6 deaths so far? What plans has (((Schneider))) overheard?",15K,9,6,https://x.com/archivesincompl/status/2038334287594873069,https://x.com/archivesincompl/status/2038334287594873069/analytics,there were what deaths so far what plans has schneider overheard,death far plan schneider overheard,Neutral
https://x.com/CorrectButQuiet,https://pbs.twimg.com/profile_images/2028360276257710080/FAXcTuIe_normal.jpg,Tim Burr,@CorrectButQuiet,·,Mar 30,"I've never woken up fearing Iran. Just saying. Neither did anybody ever fear Vietnam, Korea, Iraq, or Afghanistan. You know. Something to think about. Fun fact: None of these made us safer than we were before those wars. It got us more oil. Alotttt more oil. But security? No.",10K,1,2,https://x.com/CorrectButQuiet/status/2038335941295927727,https://x.com/CorrectButQuiet/status/2038335941295927727/analytics,ive never woken up fearing iran just saying neither did anybody ever fear vietnam korea iraq or afghanistan you know something to think about fun fact none of these made us safer than we were before those wars it got us more oil alotttt more oil but security no,ive never woken fearing iran saying neither anybody ever fear vietnam korea iraq afghanistan know something think fun fact none made u safer war got u oil alotttt oil security,Negative
https://x.com/LarrryOmooba,https://pbs.twimg.com/profile_images/1774351610610614272/Mxn7Ydn-_normal.jpg,Larry Omooba,@LarrryOmooba,·,Mar 30,Rob calling for military draft amid Iran conflict energy!! That’s serious political statement. That’s what’s happening right there.,8.3K,8,4,https://x.com/LarrryOmooba/status/2038293769368297819,https://x.com/LarrryOmooba/status/2038293769368297819/analytics,rob calling for military draft amid iran conflict energy thats serious political statement thats whats happening right there,rob calling military draft amid iran conflict energy thats serious political statement thats whats happening right,Neutral
https://x.com/CJMMacC123,https://pbs.twimg.com/profile_images/2022355506585890816/21pBOEhn_normal.jpg,CJM Mac C,@CJMMacC123,·,Mar 30,Most ideal never to have a draft again voluntary service only,13K,1,4,https://x.com/CJMMacC123/status/2038330865567277196,https://x.com/CJMMacC123/status/2038330865567277196/analytics,most ideal never to have a draft again voluntary service only,ideal never draft voluntary service,Negative
https://x.com/Americanist144,https://pbs.twimg.com/profile_images/2002942706520080384/EWUfeKVM_normal.jpg,Americanist,@Americanist144,·,Mar 30,"Whether a draft is right for America or not, a man who has spent his entire life doing low budget shit comedy and who has never served in addition to that shouldn’t be the one calling for one.",46K,11,23,https://x.com/Americanist144/status/2038299493519720746,https://x.com/Americanist144/status/2038299493519720746/analytics,whether a draft is right for america or not a man who has spent his entire life doing low budget shit comedy and who has never served in addition to that shouldnt be the one calling for one,whether draft right america man spent entire life low budget shit comedy never served addition shouldnt one calling one,Negative
https://x.com/wallstreet_au,https://pbs.twimg.com/profile_images/1674922618502397952/LYpPFh6G_normal.jpg,WallStreet.au,@wallstreet_au,·,Mar 30,maybe use this as the recruitment poster....?,13K,7,32,https://x.com/wallstreet_au/status/2038363520509849914,https://x.com/wallstreet_au/status/2038363520509849914/analytics,maybe use this as the recruitment poster,maybe use recruitment poster,Neutral
https://x.com/TheSaurus831,https://pbs.twimg.com/profile_images/2033968254029639680/B8S7r1OS_normal.jpg,The Saurus,@TheSaurus831,·,Mar 30,I think a deadbeat pussy like,13K,4,6,https://x.com/TheSaurus831/status/2038343069742043405,https://x.com/TheSaurus831/status/2038343069742043405/analytics,i think a deadbeat pussy like,think deadbeat pussy like,Negative
https://x.com/mighty_droid,https://pbs.twimg.com/profile_images/1937680703891869696/F0Y3QIDA_normal.jpg,MightyDroid,@mighty_droid,·,Mar 30,has Schneider served in the military or made any known public sacrifice for his country?,19K,2,12,https://x.com/mighty_droid/status/2038329104261656638,https://x.com/mighty_droid/status/2038329104261656638/analytics,has schneider served in the military or made any known public sacrifice for his country,schneider served military made known public sacrifice country,Neutral
https://x.com/HadrianMagnus,https://pbs.twimg.com/profile_images/2028429510480134145/p1tJ3xa-_normal.jpg,Hadrian,@HadrianMagnus,·,Mar 30,"Which of our freedoms does Iran threaten, exactly?",8.6K,1,14,https://x.com/HadrianMagnus/status/2038345343884988724,https://x.com/HadrianMagnus/status/2038345343884988724/analytics,which of our freedoms does iran threaten exactly,freedom iran threaten exactly,Neutral
https://x.com/alison45346175,https://pbs.twimg.com/profile_images/2009992394897281024/IvtxNgcw_normal.jpg,Alison1972,@alison45346175,·,Mar 30,"Fuck that MAGA Asshole 

This bullshit is why no one likes that washed up Bitch",3.8K,18,2,https://x.com/alison45346175/status/2038335331913564250,https://x.com/alison45346175/status/2038335331913564250/analytics,fuck that maga asshole this bullshit is why no one likes that washed up bitch,fuck maga asshole bullshit one like washed bitch,Negative
https://x.com/JCW306,https://pbs.twimg.com/profile_images/1967629549878849536/jiPoquMA_normal.jpg,LIATHACH,@JCW306,·,Mar 30,What a gung-ho dope,4.8K,4,47,https://x.com/JCW306/status/2038305255000051882,https://x.com/JCW306/status/2038305255000051882/analytics,what a gungho dope,gungho dope,Neutral
https://x.com/JPermenter86,https://pbs.twimg.com/profile_images/1631321143335329794/v7iaq6HO_normal.jpg,Jeremy Permenter,@JPermenter86,·,20h,So many dumbasses in the comments that have no clue how close we were to getting a nuclear bomb dropped on us by that terrorist regime.  One of my friends in Tehran went missing in 2022 when they cracked down on women wearing their hijab too loosely.  Whom I intended on proposing,536,3,1,https://x.com/JPermenter86/status/2038699199995228607,https://x.com/JPermenter86/status/2038699199995228607/analytics,so many dumbasses in the comments that have no clue how close we were to getting a nuclear bomb dropped on us by that terrorist regime one of my friends in tehran went missing in when they cracked down on women wearing their hijab too loosely whom i intended on proposing,many dumbass comment clue close getting nuclear bomb dropped u terrorist regime one friend tehran went missing cracked woman wearing hijab loosely intended proposing,Neutral
https://x.com/goddek,https://pbs.twimg.com/profile_images/2007035662491320320/WJhLjnjD_normal.jpg,Dr. Simon Goddek,@goddek,·,Mar 30,Now I finally understand why he unfollowed me.,9K,19,12,https://x.com/goddek/status/2038578947575763364,https://x.com/goddek/status/2038578947575763364/analytics,now i finally understand why he unfollowed me,finally understand unfollowed,Neutral
https://x.com/SaltyBuc91,https://pbs.twimg.com/profile_images/1486976137884573698/gno5UFpm_normal.jpg,Salty Buccaneer,@SaltyBuc91,·,Mar 30,It’s always the failed actors who have the most to say about shit they never had to experience in their own lives,70K,9,18,https://x.com/SaltyBuc91/status/2038309334342385750,https://x.com/SaltyBuc91/status/2038309334342385750/analytics,its always the failed actors who have the most to say about shit they never had to experience in their own lives,always failed actor say shit never experience life,Negative
https://x.com/orthodoxronin,https://pbs.twimg.com/profile_images/2034801970314174464/3jGuZCPm_normal.jpg,Orthodox Ronin,@orthodoxronin,·,Mar 30,I am not fighting for Israel,4.2K,1,17,https://x.com/orthodoxronin/status/2038387105034809596,https://x.com/orthodoxronin/status/2038387105034809596/analytics,i am not fighting for israel,fighting israel,Neutral
https://x.com/BIGDannyV,https://pbs.twimg.com/profile_images/1344965373/22051_271106647120_501947120_3773839_4257327_n_normal.jpg,Danny Vegueria,@BIGDannyV,·,Mar 30,"Rob Schneider ruined his relationship with his own child, so now he has no issue with other parents seeing their kids sent off to fight wars for billionaires, pedophiles, and genocidal nations.",3.5K,3,38,https://x.com/BIGDannyV/status/2038396456214634596,https://x.com/BIGDannyV/status/2038396456214634596/analytics,rob schneider ruined his relationship with his own child so now he has no issue with other parents seeing their kids sent off to fight wars for billionaires pedophiles and genocidal nations,rob schneider ruined relationship child issue parent seeing kid sent fight war billionaire pedophile genocidal nation,Neutral
https://x.com/LurkMoarTV,https://pbs.twimg.com/profile_images/2027244993446879232/NITTZAbj_normal.jpg,LurkMoarTV,@LurkMoarTV,·,Mar 30,I never had to worry about a draft but you should,4.8K,1,3,https://x.com/LurkMoarTV/status/2038335337848504517,https://x.com/LurkMoarTV/status/2038335337848504517/analytics,i never had to worry about a draft but you should,never worry draft,Negative
https://x.com/gregmcantwell,https://pbs.twimg.com/profile_images/1840112398729973760/Xakzjzzo_normal.jpg,greg cantwell,@gregmcantwell,·,Mar 30,Why are Rob Schneider's opinion's newsworthy? Is he an elected official? A statesman? A public intellectual? A noted author? A relevant cultural figure?,5K,4,5,https://x.com/gregmcantwell/status/2038299107203199231,https://x.com/gregmcantwell/status/2038299107203199231/analytics,why are rob schneiders opinions newsworthy is he an elected official a statesman a public intellectual a noted author a relevant cultural figure,rob schneiders opinion newsworthy elected official statesman public intellectual noted author relevant cultural figure,Neutral
https://x.com/LelisOliveira,https://pbs.twimg.com/profile_images/1922433253291520000/aFc-kvXH_normal.jpg,Lellis,@LelisOliveira,·,Mar 30,", what do you think of what he said?",7.7K,1,,https://x.com/LelisOliveira/status/2038377616697180344,https://x.com/LelisOliveira/status/2038377616697180344/analytics,what do you think of what he said,think said,Neutral
https://x.com/freezymfe,https://pbs.twimg.com/profile_images/1935723447885164544/CLJmmQkt_normal.jpg,Freed Ninja,@freezymfe,·,Mar 30,"Yewish….Rob Schneider has three daughters and no sons.

- Elle King (born Tanner Elle Schneider): July 3, 1989 (currently 36 years old as of March 2026). She is a singer and musician.

- Miranda Scarlett Schneider: November 16, 2012 (currently 13 years old).

- Madeline Robbie",23K,3,6,https://x.com/freezymfe/status/2038372291575513488,https://x.com/freezymfe/status/2038372291575513488/analytics,yewishrob schneider has three daughters and no sons elle king born tanner elle schneider july currently years old as of march she is a singer and musician miranda scarlett schneider november currently years old madeline robbie,yewishrob schneider three daughter son elle king born tanner elle schneider july currently year old march singer musician miranda scarlett schneider november currently year old madeline robbie,Positive
https://x.com/flybynick,https://pbs.twimg.com/profile_images/1651221916/Golf_027_normal.jpg,Tim Nicholas,@flybynick,·,Mar 30,Thanks Rob.,4K,2,49,https://x.com/flybynick/status/2038373120839454778,https://x.com/flybynick/status/2038373120839454778/analytics,thanks rob,thanks rob,Negative
https://x.com/KyleHend1,https://pbs.twimg.com/profile_images/1935142344858193920/oTVuGfLP_normal.jpg,Kyle,@KyleHend1,·,Mar 30,Nahh the people who voted for the current president that is sending us to war should be first ones up to join military. Why would I want me or my kids to go fight for Israel?,11K,7,1,https://x.com/KyleHend1/status/2038323103680315604,https://x.com/KyleHend1/status/2038323103680315604/analytics,nahh the people who voted for the current president that is sending us to war should be first ones up to join military why would i want me or my kids to go fight for israel,nahh people voted current president sending u war first one join military would want kid go fight israel,Neutral
https://x.com/qweed,https://pbs.twimg.com/profile_images/1769823133207314432/qBjOjl51_normal.jpg,██,@qweed,·,Mar 30,has Rob Scneider fought in any wars or even served in the military?,33K,1,2,https://x.com/qweed/status/2038342623098765315,https://x.com/qweed/status/2038342623098765315/analytics,has rob scneider fought in any wars or even served in the military,rob scneider fought war even served military,Neutral
https://x.com/_phantomgroyper,https://pbs.twimg.com/profile_images/1914885593882091520/pDQCAysU_normal.jpg,𝕻𝖍𝖆𝖓𝖙𝖔𝖒𝕲𝖗𝖔𝖞𝖕𝖊𝖗,@_phantomgroyper,·,Mar 30,He can go absolutely fuck himself for wanting us young American youth die for his foreign ethnic state!!!,473,4,,https://x.com/_phantomgroyper/status/2038483260083454207,https://x.com/_phantomgroyper/status/2038483260083454207/analytics,he can go absolutely fuck himself for wanting us young american youth die for his foreign ethnic state,go absolutely fuck wanting u young american youth die foreign ethnic state,Positive
https://x.com/thecavedaddy,https://pbs.twimg.com/profile_images/2027414068689076225/AJgg59sk_normal.jpg,Caveman,@thecavedaddy,·,Mar 30,Will he be advocating for his 2 children to be shipped off to war they don’t agree with?,22K,9,3,https://x.com/thecavedaddy/status/2038327509922558082,https://x.com/thecavedaddy/status/2038327509922558082/analytics,will he be advocating for his children to be shipped off to war they dont agree with,advocating child shipped war dont agree,Neutral
https://x.com/stilltakingnaps,https://pbs.twimg.com/profile_images/2032819630134411264/OTBpjeIV_normal.jpg,naps,@stilltakingnaps,·,Mar 30,then enlist,668,1,9,https://x.com/stilltakingnaps/status/2038332525681004910,https://x.com/stilltakingnaps/status/2038332525681004910/analytics,then enlist,enlist,Neutral
https://x.com/FozonCapital,https://pbs.twimg.com/profile_images/1923409640051679232/BvsKKo0r_normal.jpg,Fozon Capital,@FozonCapital,·,Mar 30,"Rob Schneider, go F yourself.

If you want this war so much, why don't you and your kids enlist?",5.6K,5,18,https://x.com/FozonCapital/status/2038322516054163835,https://x.com/FozonCapital/status/2038322516054163835/analytics,rob schneider go f yourself if you want this war so much why dont you and your kids enlist,rob schneider go f want war much dont kid enlist,Neutral
https://x.com/TheOnlyDJQualls,https://pbs.twimg.com/profile_images/1074848009345675264/98ECIuvZ_normal.jpg,DJ Qualls,@TheOnlyDJQualls,·,Mar 30,Rob’s own daughter hates him. What does that tell you?,7.9K,21,13,https://x.com/TheOnlyDJQualls/status/2038498533016474034,https://x.com/TheOnlyDJQualls/status/2038498533016474034/analytics,robs own daughter hates him what does that tell you,robs daughter hate tell,Negative
https://x.com/AmericanGrl199,https://pbs.twimg.com/profile_images/2023612766603681792/zzMih_JO_normal.jpg,AmericanGirl199,@AmericanGrl199,·,Mar 30,Fuck off bro.  No. One asked for this war but MAGA.,22K,3,6,https://x.com/AmericanGrl199/status/2038301999620665775,https://x.com/AmericanGrl199/status/2038301999620665775/analytics,fuck off bro no one asked for this war but maga,fuck bro one asked war maga,Neutral
https://x.com/KaydRaider,https://pbs.twimg.com/profile_images/1984429493419720704/AzdeVIEM_normal.jpg,Kayd,@KaydRaider,·,Mar 30,", what country/nationality is the name “Schneider” most affiliated with?",10K,1,2,https://x.com/KaydRaider/status/2038335133334348071,https://x.com/KaydRaider/status/2038335133334348071/analytics,what countrynationality is the name schneider most affiliated with,countrynationality name schneider affiliated,Neutral
https://x.com/The_Beast63,https://pbs.twimg.com/profile_images/2004792712558460928/zW5DkCSl_normal.jpg,FAM,@The_Beast63,·,Mar 30,You first Rob…,45K,3,18,https://x.com/The_Beast63/status/2038329363985244419,https://x.com/The_Beast63/status/2038329363985244419/analytics,you first rob,first rob,Neutral
https://x.com/Anon_CFA,https://pbs.twimg.com/profile_images/1987164965824757760/kGLGV5vC_normal.jpg,AnonCFA,@Anon_CFA,·,Mar 30,Shut the hell up,7.1K,7,96,https://x.com/Anon_CFA/status/2038325314879734261,https://x.com/Anon_CFA/status/2038325314879734261/analytics,shut the hell up,shut hell,Negative
https://x.com/dewforpolitics,https://pbs.twimg.com/profile_images/1980275763984113664/95UXSVEx_normal.jpg,David Earl Williams III,@dewforpolitics,·,Mar 30,Nobody is trying to die for the Epstein class. Send Barron and Go fk yourself,2.4K,13,89,https://x.com/dewforpolitics/status/2038333127555166659,https://x.com/dewforpolitics/status/2038333127555166659/analytics,nobody is trying to die for the epstein class send barron and go fk yourself,nobody trying die epstein class send barron go fk,Neutral
https://x.com/MrGlass2025,https://pbs.twimg.com/profile_images/1856147600589692928/y7XEHk-V_normal.jpg,Mr. Glass 2026,@MrGlass2025,·,Mar 30,Did Rob say he wants to implement a draft?,11K,2,,https://x.com/MrGlass2025/status/2038373903915983250,https://x.com/MrGlass2025/status/2038373903915983250/analytics,did rob say he wants to implement a draft,rob say want implement draft,Positive
https://x.com/TheChavster,https://pbs.twimg.com/profile_images/2007275722172452864/zvS3WVVI_normal.jpg,JC,@TheChavster,·,Mar 30,would cower in a corner if asked to go,952,1,8,https://x.com/TheChavster/status/2038333444737101993,https://x.com/TheChavster/status/2038333444737101993/analytics,would cower in a corner if asked to go,would cower corner asked go,Neutral
https://x.com/MindNYAli,https://pbs.twimg.com/profile_images/2015461245961244673/syZcA1r2_normal.jpg,@AliMindNY,@MindNYAli,·,Mar 30,Says the guy that “never” served!,1.6K,19,,https://x.com/MindNYAli/status/2038309128771182743,https://x.com/MindNYAli/status/2038309128771182743/analytics,says the guy that never served,say guy never served,Negative
https://x.com/Pauloforliberty,https://pbs.twimg.com/profile_images/1907658537959919616/lPx3gkxF_normal.jpg,Paulo,@Pauloforliberty,·,Mar 30,"The problem is when people hear the word draft. They freak out. I agree with some maybe voluntary military training for our children to help teach them how to actually survive. Instead of the woke garbage, they learn in public schools. 
But they should keep it in the United",1.7K,3,1,https://x.com/Pauloforliberty/status/2038401759274529113,https://x.com/Pauloforliberty/status/2038401759274529113/analytics,the problem is when people hear the word draft they freak out i agree with some maybe voluntary military training for our children to help teach them how to actually survive instead of the woke garbage they learn in public schools but they should keep it in the __united_states__,problem people hear word draft freak agree maybe voluntary military training child help teach actually survive instead woke garbage learn public school keep united_states,Neutral
https://x.com/JackieDaytona22,https://pbs.twimg.com/profile_images/2028616463654047744/BKMUw6Iq_normal.jpg,CallmeJackie..Jackie_Daytona,@JackieDaytona22,·,Mar 30,Put that guy on the front lines with a bullseye on him that glows in the dark,718,10,,https://x.com/JackieDaytona22/status/2038335693160947767,https://x.com/JackieDaytona22/status/2038335693160947767/analytics,put that guy on the front lines with a bullseye on him that glows in the dark,put guy front line bullseye glow dark,Neutral
https://x.com/floatsthruwalls,https://pbs.twimg.com/profile_images/1715190065469759488/pJpgfZsM_normal.jpg,Cyn,@floatsthruwalls,·,Mar 30,Go Rob. Go fight em..We cant best Iran without your funny ass deployed. Someone get Robbie a helmet,2K,1,5,https://x.com/floatsthruwalls/status/2038368880486453365,https://x.com/floatsthruwalls/status/2038368880486453365/analytics,go rob go fight emwe cant best iran without your funny ass deployed someone get robbie a helmet,go rob go fight emwe cant best iran without funny as deployed someone get robbie helmet,Positive
https://x.com/ixam85,https://pbs.twimg.com/profile_images/1510171524376014852/pl6yOmOQ_normal.jpg,Brazen Hussy For Sussex Only,@ixam85,·,Mar 30,"Rob you go right ahead and sign up! Unparalleled freedoms? Freedom to die for oil, freedom to die due to lack of health insurance, freedom to die cause you were DWB or WWB OR SWB! How about you go f yourself Rob! You must be in those files and they got you running scared now",390,1,4,https://x.com/ixam85/status/2038583685025296741,https://x.com/ixam85/status/2038583685025296741/analytics,rob you go right ahead and sign up unparalleled freedoms freedom to die for oil freedom to die due to lack of health insurance freedom to die cause you were dwb or wwb or swb how about you go f yourself rob you must be in those files and they got you running scared now,rob go right ahead sign unparalleled freedom freedom die oil freedom die due lack health insurance freedom die dwb wwb swb go f rob must file got running scared,Positive
https://x.com/Real_Pie_Hat,https://pbs.twimg.com/profile_images/2038332628445630464/t9sVeZiX_normal.jpg,Pie Hat,@Real_Pie_Hat,·,19h,"This is God-level marketing for Deuce Bigelo 3, where Deuce gets drafted and sneaks out of boot camp for a little gigolo action.",195,,,https://x.com/Real_Pie_Hat/status/2038722412137595336,https://x.com/Real_Pie_Hat/status/2038722412137595336/analytics,this is godlevel marketing for deuce bigelo where deuce gets drafted and sneaks out of boot camp for a little gigolo action,godlevel marketing deuce bigelo deuce get drafted sneak boot camp little gigolo action,Neutral
https://x.com/hippojuicefilm,https://pbs.twimg.com/profile_images/1910297963454148608/Ja3mh1Jm_normal.jpg,Royce Lopez,@hippojuicefilm,·,Mar 30,how many years did,6.5K,7,3,https://x.com/hippojuicefilm/status/2038406592371060822,https://x.com/hippojuicefilm/status/2038406592371060822/analytics,how many years did,many year,Neutral
https://x.com/JohnQ27899645,https://pbs.twimg.com/profile_images/1388382385906069507/HgE4bfxE_normal.jpg,John Q,@JohnQ27899645,·,Mar 30,We really need a draft to accomplish more of this?,2.4K,1,4,https://x.com/JohnQ27899645/status/2038347962653266133,https://x.com/JohnQ27899645/status/2038347962653266133/analytics,we really need a draft to accomplish more of this,really need draft accomplish,Positive
https://x.com/UAPLuigi,https://pbs.twimg.com/profile_images/1993497462372548608/cFpkP4Ah_normal.jpg,★ UAP Luigi ★,@UAPLuigi,·,Mar 30,What’s stopping Rob from enlisting?,705,1,,https://x.com/UAPLuigi/status/2038507750100267505,https://x.com/UAPLuigi/status/2038507750100267505/analytics,whats stopping rob from enlisting,whats stopping rob enlisting,Neutral
https://x.com/No1114199233,https://pbs.twimg.com/profile_images/2034967926462197760/cWGxuzm0_normal.jpg,Anonymous,@No1114199233,·,Mar 30,"Then tell the retard to join first. You feel absolutely sure about America, join first. I need some irrelevant actor lecturing me about patriotism while our taxes fund his mid-ass movies.",6.1K,1,13,https://x.com/No1114199233/status/2038319977833316822,https://x.com/No1114199233/status/2038319977833316822/analytics,then tell the retard to join first you feel absolutely sure about america join first i need some irrelevant actor lecturing me about patriotism while our taxes fund his midass movies,tell retard join first feel absolutely sure america join first need irrelevant actor lecturing patriotism tax fund midas movie,Neutral
https://x.com/daddymoderate,https://pbs.twimg.com/profile_images/2038397128721195008/xOxQTA_Y_normal.jpg,Daddy Moderate,@daddymoderate,·,Mar 30,New headline: Old hypocrite who wanted no war with Iran a year ago now wants young men to die for Israel,555,5,,https://x.com/daddymoderate/status/2038398371837427858,https://x.com/daddymoderate/status/2038398371837427858/analytics,new headline old hypocrite who wanted no war with iran a year ago now wants young men to die for israel,new headline old hypocrite wanted war iran year ago want young men die israel,Positive
https://x.com/GL2411,https://pbs.twimg.com/profile_images/2003253972967051264/Z6kpSdsO_normal.jpg,Yankees Pirate,@GL2411,·,Mar 30,Take a minute to absorb just how fucking ridiculous this headline is.,4.1K,3,84,https://x.com/GL2411/status/2038468856931328031,https://x.com/GL2411/status/2038468856931328031/analytics,take a minute to absorb just how fucking ridiculous this headline is,take minute absorb fucking ridiculous headline,Negative
https://x.com/FlamKingTez,https://pbs.twimg.com/profile_images/2037893206260822016/JgWviIyo_normal.jpg,Jean Claude Van Flam,@FlamKingTez,·,Mar 30,Deuce Bigalow better go fuck that HUGE bitch then STFU with that bs,415,6,,https://x.com/FlamKingTez/status/2038350483442589844,https://x.com/FlamKingTez/status/2038350483442589844/analytics,deuce bigalow better go fuck that huge bitch then stfu with that bs,deuce bigalow better go fuck huge bitch stfu b,Neutral
https://x.com/ILucasK,https://pbs.twimg.com/profile_images/1991844597098512384/Dsm1Ox6L_normal.jpg,Lucas,@ILucasK,·,Mar 30,"Yeah. I am not going to get drafted. Send your own kids, dipshit.",15K,2,2,https://x.com/ILucasK/status/2038304795191120099,https://x.com/ILucasK/status/2038304795191120099/analytics,yeah i am not going to get drafted send your own kids dipshit,yeah going get drafted send kid dipshit,Neutral
https://x.com/DanielB15544759,https://pbs.twimg.com/profile_images/1553907435060043776/UwnlZ8lv_normal.jpg,Daniel Black,@DanielB15544759,·,Mar 30,"Lead the way, Rob. Surely you intend to pay for your freedoms, too.

I mean we know you're free, because the rest of us still have to listen to your idiotic bullshit.",393,12,,https://x.com/DanielB15544759/status/2038415051934036204,https://x.com/DanielB15544759/status/2038415051934036204/analytics,lead the way rob surely you intend to pay for your freedoms too i mean we know youre free because the rest of us still have to listen to your idiotic bullshit,lead way rob surely intend pay freedom mean know youre free rest u still listen idiotic bullshit,Neutral
https://x.com/Sipowicz1042,https://pbs.twimg.com/profile_images/1521913175175749632/N0HgmdfJ_normal.jpg,Det. Andy Sipowicz,@Sipowicz1042,·,Mar 30,He should volunteer,390,12,,https://x.com/Sipowicz1042/status/2038329059172606457,https://x.com/Sipowicz1042/status/2038329059172606457/analytics,he should volunteer,volunteer,Neutral
https://x.com/mtnbikey,https://pbs.twimg.com/profile_images/1954587432239906816/7eJ6iuT3_normal.jpg,Rick Costa,@mtnbikey,·,Mar 30,as long as he agrees to be the first one drafted and sent into combat other he should really shut the fuck up,264,1,,https://x.com/mtnbikey/status/2038402612140343527,https://x.com/mtnbikey/status/2038402612140343527/analytics,as long as he agrees to be the first one drafted and sent into combat other he should really shut the fuck up,long agrees first one drafted sent combat really shut fuck,Neutral
https://x.com/AlfKennedy1,https://pbs.twimg.com/profile_images/1787321041213415424/D2OPVHzi_normal.jpg,ALF KENNEDY,@AlfKennedy1,·,Mar 30,Stick to comedy,3K,2,23,https://x.com/AlfKennedy1/status/2038345026422600076,https://x.com/AlfKennedy1/status/2038345026422600076/analytics,stick to comedy,stick comedy,Neutral
https://x.com/colemarisa49,https://pbs.twimg.com/profile_images/1918026047636819968/zcaHEkZL_normal.jpg,Martina Shantez,@colemarisa49,·,13h,"No, thats really not what he said at all.",49,,,https://x.com/colemarisa49/status/2038800946658967762,https://x.com/colemarisa49/status/2038800946658967762/analytics,no thats really not what he said at all,thats really said,Positive
https://x.com/bkrayder,https://pbs.twimg.com/profile_images/2031196632230834176/PUI-1gmf_normal.jpg,BklynRayder,@bkrayder,·,Mar 30,So glad,934,1,8,https://x.com/bkrayder/status/2038333717177930181,https://x.com/bkrayder/status/2038333717177930181/analytics,so glad,glad,Neutral
https://x.com/campion95,https://pbs.twimg.com/profile_images/1859409514925056000/fPUeZ4iu_normal.jpg,NathanTheCampionOfTheWorld,@campion95,·,Mar 30,MAGA is like a retirement home for washed up hacky comedians,450,1,5,https://x.com/campion95/status/2038398828458475716,https://x.com/campion95/status/2038398828458475716/analytics,maga is like a retirement home for washed up hacky comedians,maga like retirement home washed hacky comedian,Neutral
https://x.com/PureHavoc2025,https://pbs.twimg.com/profile_images/1793293081627774978/TOtGMoV1_normal.jpg,Havoc & Harmony,@PureHavoc2025,·,Mar 30,I didn't know he still had a career to end?,663,2,,https://x.com/PureHavoc2025/status/2038360521645097365,https://x.com/PureHavoc2025/status/2038360521645097365/analytics,i didnt know he still had a career to end,didnt know still career end,Neutral
https://x.com/JuliusCaesar108,https://pbs.twimg.com/profile_images/1842745802/julius-caesar-coin-1a_normal.jpg,Nate Richey,@JuliusCaesar108,·,Mar 30,What freedoms? Our healthcare system is pretty shitty,224,2,,https://x.com/JuliusCaesar108/status/2038406981955068344,https://x.com/JuliusCaesar108/status/2038406981955068344/analytics,what freedoms our healthcare system is pretty shitty,freedom healthcare system pretty shitty,Positive
https://x.com/grow_up_america,https://pbs.twimg.com/profile_images/1841790656915595264/lLaxDc7u_normal.jpg,Grow Up America,@grow_up_america,·,Mar 30,"you're making the fact I stopped following and supporting your grifter ass seem like a really REALLY wise decision.

IF you want kids to go fight in Iran send yours, not mine!",207,2,,https://x.com/grow_up_america/status/2038569196271935762,https://x.com/grow_up_america/status/2038569196271935762/analytics,youre making the fact i stopped following and supporting your grifter ass seem like a really really wise decision if you want kids to go fight in iran send yours not mine,youre making fact stopped following supporting grifter as seem like really really wise decision want kid go fight iran send mine,Positive
https://x.com/Cressche,https://pbs.twimg.com/profile_images/546894438468182018/qy6BE_AQ_normal.jpeg,Cressche,@Cressche,·,Mar 30,I think they should not have an age cutoff and then start drafting everyone over the age of 40 that advocates for a draft.,1.1K,11,,https://x.com/Cressche/status/2038329755842298146,https://x.com/Cressche/status/2038329755842298146/analytics,i think they should not have an age cutoff and then start drafting everyone over the age of that advocates for a draft,think age cutoff start drafting everyone age advocate draft,Neutral
https://x.com/CaliMom559,https://pbs.twimg.com/profile_images/2030382914253529088/2UuCIKGB_normal.jpg,CaliMom,@CaliMom559,·,Mar 30,We should just eliminate the enlistment age so people like him can go fight for Israel.,662,1,17,https://x.com/CaliMom559/status/2038344530010005571,https://x.com/CaliMom559/status/2038344530010005571/analytics,we should just eliminate the enlistment age so people like him can go fight for israel,eliminate enlistment age people like go fight israel,Neutral
https://x.com/Johnny_Rocket6,https://pbs.twimg.com/profile_images/1858628484798566400/LuEV7KF7_normal.jpg,Johnny Rocket,@Johnny_Rocket6,·,Mar 30,"Im not fucking dying for Rob Schneider. Fuck you,",390,1,2,https://x.com/Johnny_Rocket6/status/2038643538015953124,https://x.com/Johnny_Rocket6/status/2038643538015953124/analytics,im not fucking dying for rob schneider fuck you,im fucking dying rob schneider fuck,Positive
https://x.com/LUPASAN2,https://pbs.twimg.com/profile_images/1948123168394113024/rlqm1BIY_normal.jpg,LUPASAN,@LUPASAN2,·,Mar 30,Ill go if HE goes,7.5K,3,1,https://x.com/LUPASAN2/status/2038324767611060489,https://x.com/LUPASAN2/status/2038324767611060489/analytics,ill go if he goes,ill go go,Negative
https://x.com/ChristisKing,https://pbs.twimg.com/profile_images/1959067159541239809/Or9ByGh__normal.jpg,Christ is King,@ChristisKing,·,Mar 30,"He seems physically fit for 62

May God be with you in battle, Schneider",4.7K,4,4,https://x.com/ChristisKing/status/2038347264498819344,https://x.com/ChristisKing/status/2038347264498819344/analytics,he seems physically fit for may god be with you in battle schneider,seems physically fit may god battle schneider,Positive
https://x.com/jsher88888,https://pbs.twimg.com/profile_images/1823827799414857731/pqN7oZq8_normal.jpg,jsher88888,@jsher88888,·,Mar 30,He’s only got daughters. Send this unfunny jackass to the front and have him storm the Iranian shore. Putz.,1.6K,3,25,https://x.com/jsher88888/status/2038336230673568083,https://x.com/jsher88888/status/2038336230673568083/analytics,hes only got daughters send this unfunny jackass to the front and have him storm the iranian shore putz,he got daughter send unfunny jackass front storm iranian shore putz,Neutral
https://x.com/JCKnight03,https://pbs.twimg.com/profile_images/1892352826241671170/E6yHnZ6G_normal.jpg,JCKnight03,@JCKnight03,·,Mar 30,Conveniently he will not be eligible for the draft,285,3,,https://x.com/JCKnight03/status/2038332968779800963,https://x.com/JCKnight03/status/2038332968779800963/analytics,conveniently he will not be eligible for the draft,conveniently eligible draft,Positive
https://x.com/TheBigMoon67,https://pbs.twimg.com/profile_images/2032907691270746115/OJ1_g8Ez_normal.jpg,The Moon,@TheBigMoon67,·,Mar 30,"""Kids should go die so i can continue to enjoy my living standard"" Is an INSANE thing to say out loud.",1K,18,,https://x.com/TheBigMoon67/status/2038405449926496725,https://x.com/TheBigMoon67/status/2038405449926496725/analytics,kids should go die so i can continue to enjoy my living standard is an insane thing to say out loud,kid go die continue enjoy living standard insane thing say loud,Neutral
https://x.com/harmlesstree2,https://pbs.twimg.com/profile_images/2038443547850883072/tfs-Hwbw_normal.jpg,harmlesstree,@harmlesstree2,·,Mar 30,"For some strange reason Rob didn't say this in the 1980s 

I wonder why",1.1K,15,,https://x.com/harmlesstree2/status/2038328942814278126,https://x.com/harmlesstree2/status/2038328942814278126/analytics,for some strange reason rob didnt say this in the s i wonder why,strange reason rob didnt say wonder,Positive
https://x.com/Iconpop,https://pbs.twimg.com/profile_images/2004123298024550400/0VAS_YcW_normal.jpg,ICON,@Iconpop,·,Mar 30,"yeah, the man that banged old bags in grown-ups should shut the fuck up",577,4,,https://x.com/Iconpop/status/2038312948167266397,https://x.com/Iconpop/status/2038312948167266397/analytics,yeah the man that banged old bags in grown__united_states__should shut the fuck up,yeah man banged old bag grownunited_statesshould shut fuck,Positive
https://x.com/JoelWeissman,https://pbs.twimg.com/profile_images/1218705394094096384/M_seQXjp_normal.jpg,Joel Weissman,@JoelWeissman,·,Mar 30,U mean 5 foot 1990s midget whose main source of income now is autographs & selfies.,1K,2,2,https://x.com/JoelWeissman/status/2038295954667794718,https://x.com/JoelWeissman/status/2038295954667794718/analytics,u mean foot s midget whose main source of income now is autographs selfies,mean foot midget whose main source income autograph selfies,Positive
https://x.com/andruchk,https://pbs.twimg.com/profile_images/1927320280755539968/cwaOaGn__normal.jpg,Druchk,@andruchk,·,Mar 30,"Of course, in this scenario, is dipshit won’t have to pay said cost.",1.8K,2,3,https://x.com/andruchk/status/2038368724219023865,https://x.com/andruchk/status/2038368724219023865/analytics,of course in this scenario is dipshit wont have to pay said cost,course scenario dipshit wont pay said cost,Neutral
https://x.com/BritneyForLyfe,https://pbs.twimg.com/profile_images/1974721485198495744/q3VOBt4l_normal.jpg,Cameron Wood,@BritneyForLyfe,·,Mar 30,Can we draft and send off this D-list washed up loser to serve in Iran?,900,1,18,https://x.com/BritneyForLyfe/status/2038348661441044883,https://x.com/BritneyForLyfe/status/2038348661441044883/analytics,can we draft and send off this dlist washed up loser to serve in iran,draft send dlist washed loser serve iran,Neutral
https://x.com/Aipromptslap,https://pbs.twimg.com/profile_images/2026659626616287232/_ova3OcT_normal.jpg,Ai Prompts Lab,@Aipromptslap,·,Mar 30,"Easy to volunteer the youth when you’re 60 and safe. If we’re restoring the draft, let’s start with the families of those advocating for it. Skin in the game.",8.8K,6,122,https://x.com/Aipromptslap/status/2038297497899053282,https://x.com/Aipromptslap/status/2038297497899053282/analytics,easy to volunteer the youth when youre and safe if were restoring the draft lets start with the families of those advocating for it skin in the game,easy volunteer youth youre safe restoring draft let start family advocating skin game,Neutral
https://x.com/waysandmeans71,https://pbs.twimg.com/profile_images/1852065195037773824/3wn0Gtr7_normal.jpg,colleen,@waysandmeans71,·,Mar 30,has three daughters who are eligible to serve.,1.8K,1,3,https://x.com/waysandmeans71/status/2038345654750130609,https://x.com/waysandmeans71/status/2038345654750130609/analytics,has three daughters who are eligible to serve,three daughter eligible serve,Positive
https://x.com/zerodarkwokey,https://pbs.twimg.com/profile_images/971210397997940737/TigWbd_-_normal.jpg,Dark Woke Mthrfckr,@zerodarkwokey,·,Mar 30,Someone should tell Rob Schneider that the US wasn't attacked and is the aggressor in this situation.,3.3K,10,153,https://x.com/zerodarkwokey/status/2038334988631015926,https://x.com/zerodarkwokey/status/2038334988631015926/analytics,someone should tell rob schneider that the __united_states__ wasnt attacked and is the aggressor in this situation,someone tell rob schneider united_states wasnt attacked aggressor situation,Neutral
https://x.com/cyre2067,https://pbs.twimg.com/profile_images/2024484093896118275/XY89DTdg_normal.jpg,The President of all the Gays,@cyre2067,·,22h,"Nah thanks bro. How about we stop the never ending cycle of wars and change our culture over to less-psychopathic and more transparent and aware? Let's talk about CIA funding jihadis and Bibi culturing Hamas, and what really happened on 10/7 and 9/11 and with Covid? Hmm?",533,3,,https://x.com/cyre2067/status/2038666496889524664,https://x.com/cyre2067/status/2038666496889524664/analytics,nah thanks bro how about we stop the never ending cycle of wars and change our culture over to lesspsychopathic and more transparent and aware lets talk about cia funding jihadis and bibi culturing hamas and what really happened on and and with covid hmm,nah thanks bro stop never ending cycle war change culture lesspsychopathic transparent aware let talk cia funding jihadis bibi culturing hamas really happened covid hmm,Neutral
https://x.com/SnazzyLabs,https://pbs.twimg.com/profile_images/1950798553582112768/5czVCpu7_normal.jpg,Quinn Nelson,@SnazzyLabs,·,Mar 30,Famous veteran Rob Schneider.,23K,6,1,https://x.com/SnazzyLabs/status/2038335221599494474,https://x.com/SnazzyLabs/status/2038335221599494474/analytics,famous veteran rob schneider,famous veteran rob schneider,Positive
https://x.com/SemanticSteward,https://pbs.twimg.com/profile_images/2038649029114880000/PUeDjX8Q_normal.jpg,Michael Oliver,@SemanticSteward,·,Mar 30,"Meanwhile, Rob...",3.4K,4,,https://x.com/SemanticSteward/status/2038365048184168737,https://x.com/SemanticSteward/status/2038365048184168737/analytics,meanwhile rob,meanwhile rob,Neutral
https://x.com/lourage_america,https://pbs.twimg.com/profile_images/2032216930384560130/-lk0dM1n_normal.jpg,Lou Rage,@lourage_america,·,Mar 30,He’s a Jew who wants the goyim to die for him and his tribe.,3.2K,1,10,https://x.com/lourage_america/status/2038393368615805225,https://x.com/lourage_america/status/2038393368615805225/analytics,hes a jew who wants the goyim to die for him and his tribe,he jew want goy die tribe,Neutral
https://x.com/Spectromachina,https://pbs.twimg.com/profile_images/1977246475621920768/lmEQe8f3_normal.jpg,Spectro,@Spectromachina,·,Mar 30,The elites are openly calling for the extermination of the poor while simultaneously hiding in bunkers.,1.6K,7,,https://x.com/Spectromachina/status/2038358999779709343,https://x.com/Spectromachina/status/2038358999779709343/analytics,the elites are openly calling for the extermination of the poor while simultaneously hiding in bunkers,elite openly calling extermination poor simultaneously hiding bunker,Neutral
https://x.com/TheFSDDad,https://pbs.twimg.com/profile_images/2031233438036955136/1h899bmn_normal.jpg,The FSD Dad,@TheFSDDad,·,Mar 30,Interesting view point from someone that can’t be drafted anymore,760,10,,https://x.com/TheFSDDad/status/2038326273072599084,https://x.com/TheFSDDad/status/2038326273072599084/analytics,interesting view point from someone that cant be drafted anymore,interesting view point someone cant drafted anymore,Positive
https://x.com/john112263k,https://pbs.twimg.com/profile_images/2018701931019931648/5jc_rdrW_normal.jpg,JFK was the one.,@john112263k,·,Mar 30,Says someone who was never in the military. If you call for draft institution… minimum requirement is 2 years of military service…. Active duty.,858,3,,https://x.com/john112263k/status/2038585547040436540,https://x.com/john112263k/status/2038585547040436540/analytics,says someone who was never in the military if you call for draft institution minimum requirement is years of military service active duty,say someone never military call draft institution minimum requirement year military service active duty,Negative
https://x.com/ParrotCapital,https://pbs.twimg.com/profile_images/1792862750940794880/FHvipaGO_normal.jpg,Parrot Capital,@ParrotCapital,·,Mar 30,"We need to draft Rob Schneider to fight alongside Mark Levin, Ben Shapiro, Laura Loomer and the rest of Benjamin Netanyahu's warmongers to the frontlines of Iran.

Let's see how patriotic they are!",15K,3,17,https://x.com/ParrotCapital/status/2038377526331060619,https://x.com/ParrotCapital/status/2038377526331060619/analytics,we need to draft rob schneider to fight alongside mark levin ben shapiro laura loomer and the rest of benjamin netanyahus warmongers to the frontlines of iran lets see how patriotic they are,need draft rob schneider fight alongside mark levin ben shapiro laura loomer rest benjamin netanyahus warmonger frontlines iran let see patriotic,Neutral
https://x.com/PithyTruth,https://pbs.twimg.com/profile_images/1400507403473412103/OWXhsS5f_normal.jpg,Abraham Hoffman,@PithyTruth,·,Mar 30,"What changed, besides",384,5,This post is unavailable.,https://x.com/PithyTruth/status/2038646262480691374,https://x.com/PithyTruth/status/2038646262480691374/analytics,what changed besides,changed besides,Neutral
https://x.com/TheIdahomos,https://pbs.twimg.com/profile_images/2030858689918189568/Q8uZnwlx_normal.jpg,David,@TheIdahomos,·,Mar 30,This stupid dick should be duct taped to the next missile.,930,5,,https://x.com/TheIdahomos/status/2038332881874096346,https://x.com/TheIdahomos/status/2038332881874096346/analytics,this stupid dick should be duct taped to the next missile,stupid dick duct taped next missile,Negative
https://x.com/cjsmall,https://pbs.twimg.com/profile_images/88092065/cjs_026_normal.jpg,Jeffery Small,@cjsmall,·,17h,"Clearly, Rob, like a great many people, really doesn't understand what the right-to-life entails.",62,1,,https://x.com/cjsmall/status/2038751395432833448,https://x.com/cjsmall/status/2038751395432833448/analytics,clearly rob like a great many people really doesnt understand what the righttolife entails,clearly rob like great many people really doesnt understand righttolife entail,Positive
https://x.com/SoonerOnSONAR,https://pbs.twimg.com/profile_images/1930332261502627840/OqU-XZq6_normal.jpg,Displaced New Yorker,@SoonerOnSONAR,·,Mar 30,Tell that little ballbag to post his DD214 or shut the fuck up.,347,9,,https://x.com/SoonerOnSONAR/status/2038329190974451951,https://x.com/SoonerOnSONAR/status/2038329190974451951/analytics,tell that little ballbag to post his dd or shut the fuck up,tell little ballbag post dd shut fuck,Negative
https://x.com/k8vail,https://pbs.twimg.com/profile_images/1331428378931384321/cgvZGi2m_normal.jpg,k8v,@k8vail,·,10h,"How ‘bout:
Draft people who think there should be a draft.

Draft people who want to draft other people for a war no one can explain why we are drafting for.

Draft people from the country who already drafts their youth & have been brainwashed into wanting this.

Draft the people",165,1,1,https://x.com/k8vail/status/2038857844355993930,https://x.com/k8vail/status/2038857844355993930/analytics,how bout draft people who think there should be a draft draft people who want to draft other people for a war no one can explain why we are drafting for draft people from the country who already drafts their youth have been brainwashed into wanting this draft the people,bout draft people think draft draft people want draft people war one explain drafting draft people country already draft youth brainwashed wanting draft people,Neutral
https://x.com/mdeiverion1,https://pbs.twimg.com/profile_images/603613375298478080/vkXTWZZV_normal.jpg,ManyFace,@mdeiverion1,·,Mar 30,But he never served? N he too old to serve now so why is he talking? I hope he has encouraged his kids to join n post up on the frontline leading the charge????,279,2,,https://x.com/mdeiverion1/status/2038414074753495109,https://x.com/mdeiverion1/status/2038414074753495109/analytics,but he never served n he too old to serve now so why is he talking i hope he has encouraged his kids to join n post up on the frontline leading the charge,never served old serve talking hope encouraged kid join post frontline leading charge,Neutral
https://x.com/ColdFloe,https://pbs.twimg.com/profile_images/1829917180202295296/Cd1YCYx2_normal.jpg,IceColdGroyper,@ColdFloe,·,Mar 30,Send his stupid Jewish ass to the frontlines instead,93,3,,https://x.com/ColdFloe/status/2038421440161075706,https://x.com/ColdFloe/status/2038421440161075706/analytics,send his stupid jewish ass to the frontlines instead,send stupid jewish as frontlines instead,Negative
https://x.com/gloveit67,https://pbs.twimg.com/profile_images/2023064789635956736/xcpx8QoC_normal.jpg,Gail Lovett,@gloveit67,·,14h,Rob you’re a very funny guy and decent person,491,,,https://x.com/gloveit67/status/2038799588711149583,https://x.com/gloveit67/status/2038799588711149583/analytics,rob youre a very funny guy and decent person,rob youre funny guy decent person,Positive
https://x.com/TheCupitals,https://pbs.twimg.com/profile_images/2006559766160580608/j_oaaCMn_normal.jpg,The Cupitals,@TheCupitals,·,Mar 30,"Liking Rob Schneider peaked when I was 13 and every year I’ve liked him less and less until now, when the only way I’d watch him is if they did a reality show about dropping him in a war zone after saying this shit.",4.8K,2,14,https://x.com/TheCupitals/status/2038322624392995163,https://x.com/TheCupitals/status/2038322624392995163/analytics,liking rob schneider peaked when i was and every year ive liked him less and less until now when the only way id watch him is if they did a reality show about dropping him in a war zone after saying this shit,liking rob schneider peaked every year ive liked less less way id watch reality show dropping war zone saying shit,Negative
https://x.com/guyinspace,https://pbs.twimg.com/profile_images/1772513966331207680/oqhr-_MA_normal.jpg,KSA,@guyinspace,·,Mar 30,Send him and his rich friends to war. They’re the only ones benefiting a completely unnecessary attack on Iran.,398,2,,https://x.com/guyinspace/status/2038344250421575803,https://x.com/guyinspace/status/2038344250421575803/analytics,send him and his rich friends to war theyre the only ones benefiting a completely unnecessary attack on iran,send rich friend war theyre one benefiting completely unnecessary attack iran,Positive
https://x.com/domthedent,https://pbs.twimg.com/profile_images/1974450742845947905/j47Us3Hw_normal.jpg,Domnic,@domthedent,·,Mar 30,How about his goofy looking ass leads by example and just volunteer to sign up first….,2.1K,3,17,https://x.com/domthedent/status/2038334947010683203,https://x.com/domthedent/status/2038334947010683203/analytics,how about his goofy looking ass leads by example and just volunteer to sign up first,goofy looking as lead example volunteer sign first,Neutral
https://x.com/IllIlIIIllIllll,https://pbs.twimg.com/profile_images/1895651615119478784/WL_-qCRO_normal.jpg,SomeRandomPerson,@IllIlIIIllIllll,·,Mar 30,"Yeah, this about the point where I have lost all respect for Rob Schneider…",421,4,,https://x.com/IllIlIIIllIllll/status/2038353772406087715,https://x.com/IllIlIIIllIllll/status/2038353772406087715/analytics,yeah this about the point where i have lost all respect for rob schneider,yeah point lost respect rob schneider,Negative
https://x.com/dutchdalton992,https://pbs.twimg.com/profile_images/2038772013175623680/XnoHWkYo_normal.jpg,𝔻𝕦𝕥𝕔𝕙 𝔻𝕒𝕝𝕥𝕠𝕟,@dutchdalton992,·,Mar 30,That’s the most awful policy recommendation I’ve heard,691,1,7,https://x.com/dutchdalton992/status/2038333026006884638,https://x.com/dutchdalton992/status/2038333026006884638/analytics,thats the most awful policy recommendation ive heard,thats awful policy recommendation ive heard,Negative
https://x.com/Ina_88,https://pbs.twimg.com/profile_images/1991265540887744513/EtTxugNw_normal.jpg,"INA - Author of ""Pussified"" 2nd Edition",@Ina_88,·,Mar 30,"Well, Rob Schneider, a.k.a. the Animal, a.k.a. The Jiggolo, a.k.a. The Stapler, should take up a role of Cannon Fodder and enlist, instead of wishing harm on young people who have a future.",1.4K,2,17,https://x.com/Ina_88/status/2038309291254251956,https://x.com/Ina_88/status/2038309291254251956/analytics,well rob schneider aka the animal aka the jiggolo aka the stapler should take up a role of cannon fodder and enlist instead of wishing harm on young people who have a future,well rob schneider also known animal also known jiggolo also known stapler take role cannon fodder enlist instead wishing harm young people future,Neutral
https://x.com/dsmcasey,https://pbs.twimg.com/profile_images/2011288062857527299/MVXDA-9S_normal.jpg,Casey B,@dsmcasey,·,Mar 30,Some would call that hypocritical,1.8K,17,,https://x.com/dsmcasey/status/2038375433792536618,https://x.com/dsmcasey/status/2038375433792536618/analytics,some would call that hypocritical,would call hypocritical,Negative
https://x.com/1Caffinefiend,https://pbs.twimg.com/profile_images/1825350836702105600/JdKV6H6N_normal.jpg,C F Frost,@1Caffinefiend,·,Mar 30,"Why doesn't Israel send troops to invade Kharg Island? 
Why do Americans have to die?",674,2,15,https://x.com/1Caffinefiend/status/2038601154796388835,https://x.com/1Caffinefiend/status/2038601154796388835/analytics,why doesnt israel send troops to invade kharg island why do americans have to die,doesnt israel send troop invade kharg island american die,Neutral
https://x.com/PortaRickoSuave,https://pbs.twimg.com/profile_images/2020191272330264576/n-IMwyA6_normal.jpg,PortaRickun,@PortaRickoSuave,·,Mar 30,This is the type of shit you say when you don't have a good relationship with your kids.,228,4,,https://x.com/PortaRickoSuave/status/2038428905850241164,https://x.com/PortaRickoSuave/status/2038428905850241164/analytics,this is the type of shit you say when you dont have a good relationship with your kids,type shit say dont good relationship kid,Positive
https://x.com/pianches,https://pbs.twimg.com/profile_images/1995486602198450176/MRIW1y0F_normal.jpg,Joon,@pianches,·,Mar 30,As soon as I see him and Lindsey Graham sign up then we can talk,271,5,,https://x.com/pianches/status/2038377576427630633,https://x.com/pianches/status/2038377576427630633/analytics,as soon as i see him and lindsey graham sign up then we can talk,soon see lindsey graham sign talk,Negative
https://x.com/HappyT1meHarry,https://pbs.twimg.com/profile_images/1897100183730548736/dkjhxlI3_normal.jpg,Happy Time Harry,@HappyT1meHarry,·,Mar 30,Members of Rob’s family should be sent first,352,2,7,https://x.com/HappyT1meHarry/status/2038353233664434522,https://x.com/HappyT1meHarry/status/2038353233664434522/analytics,members of robs family should be sent first,member robs family sent first,Neutral
https://x.com/HungSoloMane1,https://pbs.twimg.com/profile_images/2037330343834087424/Rf-W-rKL_normal.jpg,Baaltimore Ravenite,@HungSoloMane1,·,Mar 30,"Never served but is in servitude of all things Trump, and so he will say this with no sense of irony or hypocrisy. And that my friends, is maga in a nutshell. Selfishness disguised as patriotism.",824,1,3,https://x.com/HungSoloMane1/status/2038334027720249682,https://x.com/HungSoloMane1/status/2038334027720249682/analytics,never served but is in servitude of all things trump and so he will say this with no sense of irony or hypocrisy and that my friends is maga in a nutshell selfishness disguised as patriotism,never served servitude thing trump say sense irony hypocrisy friend maga nutshell selfishness disguised patriotism,Neutral
https://x.com/paganism_eu,https://pbs.twimg.com/profile_images/2011836095470931968/-ZclqXBD_normal.jpg,Zeus,@paganism_eu,·,Mar 30,"a zionist privileged actor talks about america’s youth sacrificing itself for israel.
this guy is so out of touch",1.5K,1,42,https://x.com/paganism_eu/status/2038346161120006420,https://x.com/paganism_eu/status/2038346161120006420/analytics,a zionist privileged actor talks about americas youth sacrificing itself for israel this guy is so out of touch,zionist privileged actor talk america youth sacrificing israel guy touch,Negative
https://x.com/Bryan_Stephen93,https://pbs.twimg.com/profile_images/1781098984133513216/pMo8A8Hl_normal.jpg,Bryan Stephen,@Bryan_Stephen93,·,Mar 30,"Then sign up, Rob.

You want an entire section of the military that has low morale? Start up conscription again. Conscription is immoral and anti-liberty. We should never again institute a military draft. In fact, conscription should be outlawed via a constitutional amendment.",618,9,,https://x.com/Bryan_Stephen93/status/2038450568205680955,https://x.com/Bryan_Stephen93/status/2038450568205680955/analytics,then sign up rob you want an entire section of the military that has low morale start up conscription again conscription is immoral and antiliberty we should never again institute a military draft in fact conscription should be outlawed via a constitutional amendment,sign rob want entire section military low morale start conscription conscription immoral antiliberty never institute military draft fact conscription outlawed via constitutional amendment,Neutral
https://x.com/01793695368257a,https://pbs.twimg.com/profile_images/1679089450704580609/fEw7gjU5_normal.jpg,156792845992,@01793695368257a,·,Mar 30,Do people really believe vague notions of “freedom” are the envy of the world? For many young men America is little more than an economic zone and talk of “freedom” and “liberty” only comes up when they want something from you.,299,1,,https://x.com/01793695368257a/status/2038523537703780461,https://x.com/01793695368257a/status/2038523537703780461/analytics,do people really believe vague notions of freedom are the envy of the world for many young men america is little more than an economic zone and talk of freedom and liberty only comes up when they want something from you,people really believe vague notion freedom envy world many young men america little economic zone talk freedom liberty come want something,Neutral
https://x.com/TDEYeezy,https://pbs.twimg.com/profile_images/2033416873157746688/z_WkkEJZ_normal.jpg,Yeezy of Thots,@TDEYeezy,·,Mar 30,Yeah that nigga should be in the frontlines with trump and baron,142,2,,https://x.com/TDEYeezy/status/2038432085472661992,https://x.com/TDEYeezy/status/2038432085472661992/analytics,yeah that nigga should be in the frontlines with trump and baron,yeah nigga frontlines trump baron,Positive
https://x.com/SaraCsit,https://pbs.twimg.com/profile_images/1965542525604954115/rfWXSsrQ_normal.jpg,Sara Conrad,@SaraCsit,·,Mar 30,"Let's start w Barron & all children of wealthy, instead of the poor.",373,10,,https://x.com/SaraCsit/status/2038322326438367569,https://x.com/SaraCsit/status/2038322326438367569/analytics,lets start w barron all children of wealthy instead of the poor,let start w barron child wealthy instead poor,Negative
https://x.com/SardarJunaidKay,https://pbs.twimg.com/profile_images/1998610022167883777/nuLbS2H-_normal.jpg,ABC,@SardarJunaidKay,·,Mar 30,Why don’t Rob show some balls and volunteer for Iran war,222,2,,https://x.com/SardarJunaidKay/status/2038403916506034662,https://x.com/SardarJunaidKay/status/2038403916506034662/analytics,why dont rob show some balls and volunteer for iran war,dont rob show ball volunteer iran war,Neutral
https://x.com/sagathena,https://pbs.twimg.com/profile_images/1931157385772433408/u9XKOkJK_normal.jpg,Gabriella Nell Creighton,@sagathena,·,Mar 30,This man's continued deterioration from an almost interesting person 15 odd years ago into a living piece of shit has been fascinating.,579,8,,https://x.com/sagathena/status/2038342773925900707,https://x.com/sagathena/status/2038342773925900707/analytics,this mans continued deterioration from an almost interesting person odd years ago into a living piece of shit has been fascinating,man continued deterioration almost interesting person odd year ago living piece shit fascinating,Neutral
https://x.com/Rahll,https://pbs.twimg.com/profile_images/1851489820805136384/TMtcu2c8_normal.jpg,Reid Southen,@Rahll,·,Mar 30,"I'm so mad I missed you when you came to Detroit recently, I would've loved to throw a bottle of hot piss at you Rob.",20K,1,2,https://x.com/Rahll/status/2038336795415355497,https://x.com/Rahll/status/2038336795415355497/analytics,im so mad i missed you when you came to detroit recently i wouldve loved to throw a bottle of hot piss at you rob,im mad missed came detroit recently wouldve loved throw bottle hot piss rob,Neutral
https://x.com/Dchinchin2,https://pbs.twimg.com/profile_images/1573414765061455875/N1OJFbHz_normal.jpg,DefundWEF,@Dchinchin2,·,Mar 30,when's your daughter enlisting to die for Israel?,642,4,23,https://x.com/Dchinchin2/status/2038356151671439654,https://x.com/Dchinchin2/status/2038356151671439654/analytics,whens your daughter enlisting to die for israel,whens daughter enlisting die israel,Neutral
https://x.com/GATORBAIT30,https://pbs.twimg.com/profile_images/1915491787893792768/UgWv441K_normal.jpg,Rizzly Adams,@GATORBAIT30,·,Mar 30,How about sending him to the front lines first. These freaks love war and are jerking off to what’s happening,6.9K,7,110,https://x.com/GATORBAIT30/status/2038302007216271777,https://x.com/GATORBAIT30/status/2038302007216271777/analytics,how about sending him to the front lines first these freaks love war and are jerking off to whats happening,sending front line first freak love war jerking whats happening,Positive
https://x.com/RJ_T0day,https://pbs.twimg.com/profile_images/1875004942567854082/7GUvXxHI_normal.jpg,RJ,@RJ_T0day,·,Mar 30,"Is this where we say “shut up and act”?

You don’t want to hear from Springsteen (an accomplished musician) so we don’t want to hear from this bag of crap whose only accomplishment is having a successful friend that pity’s him",971,6,,https://x.com/RJ_T0day/status/2038351623572140257,https://x.com/RJ_T0day/status/2038351623572140257/analytics,is this where we say shut up and act you dont want to hear from springsteen an accomplished musician so we dont want to hear from this bag of crap whose only accomplishment is having a successful friend that pitys him,say shut act dont want hear springsteen accomplished musician dont want hear bag crap whose accomplishment successful friend pity,Neutral
https://x.com/PapistPilled,https://pbs.twimg.com/profile_images/2027169747176157184/EgR-CASt_normal.jpg,Dan,@PapistPilled,·,Mar 30,Funny since he never served,348,4,,https://x.com/PapistPilled/status/2038600833193885895,https://x.com/PapistPilled/status/2038600833193885895/analytics,funny since he never served,funny since never served,Neutral
https://x.com/undergradwoman,https://pbs.twimg.com/profile_images/1947844317420158977/HsNX_Ar3_normal.jpg,Pinky Stanseski,@undergradwoman,·,Mar 30,"Rob Schneider should lead by example and send themself over to Iran, with the condition that Rob Schneider is never allowed to leave Iran or come back to the US.",492,5,,https://x.com/undergradwoman/status/2038484350098923785,https://x.com/undergradwoman/status/2038484350098923785/analytics,rob schneider should lead by example and send themself over to iran with the condition that rob schneider is never allowed to leave iran or come back to the __united_states__,rob schneider lead example send themself iran condition rob schneider never allowed leave iran come back united_states,Negative
https://x.com/DaNile2025,https://pbs.twimg.com/profile_images/1177342213111595009/PwNSq65w_normal.jpg,isis2026,@DaNile2025,·,Mar 30,You can send yourself and your children to die for useless Republican wars of lies!,51,1,2,https://x.com/DaNile2025/status/2038431130785873981,https://x.com/DaNile2025/status/2038431130785873981/analytics,you can send yourself and your children to die for useless republican wars of lies,send child die useless republican war lie,Negative
https://x.com/Cinemamysoul,https://pbs.twimg.com/profile_images/1490976389289369601/G9BBvPvC_normal.jpg,"Cinephile Lost in a World of Dreams, and Desires!",@Cinemamysoul,·,Mar 30,"You & I dying for greater Israel, oil, and military industrial complex? How does that sound?",821,2,2,https://x.com/Cinemamysoul/status/2038303295618376033,https://x.com/Cinemamysoul/status/2038303295618376033/analytics,you i dying for greater israel oil and military industrial complex how does that sound,dying greater israel oil military industrial complex sound,Neutral
https://x.com/wicked_updates,https://pbs.twimg.com/profile_images/1989504282937495553/WZFCPFpF_normal.jpg,Wicked Updates,@wicked_updates,·,Mar 30,"Rob Schneider is simultaneously the stupidest and most outspoken celeb on earth. 

This man hasn’t contributed anything meaningful to his ‘art’ form in decades, so he took the route all flops do and became a right wing grifter. 

Just let your career die off with integrity.",7.4K,1,3,https://x.com/wicked_updates/status/2038334676033810604,https://x.com/wicked_updates/status/2038334676033810604/analytics,rob schneider is simultaneously the stupidest and most outspoken celeb on earth this man hasnt contributed anything meaningful to his art form in decades so he took the route all flops do and became a right wing grifter just let your career die off with integrity,rob schneider simultaneously stupidest outspoken celeb earth man hasnt contributed anything meaningful art form decade took route flop became right wing grifter let career die integrity,Neutral
https://x.com/RCharles1968,https://pbs.twimg.com/profile_images/2036127946482786304/sI0_tvlc_normal.jpg,Dude,@RCharles1968,·,Mar 30,Did this little pussy serve? If not. Shut the fuck up Deuce Bigelow,506,11,,https://x.com/RCharles1968/status/2038313133924561230,https://x.com/RCharles1968/status/2038313133924561230/analytics,did this little pussy serve if not shut the fuck up deuce bigelow,little pussy serve shut fuck deuce bigelow,Neutral
https://x.com/DLUXTHACHAMP,https://pbs.twimg.com/profile_images/1826820353785548801/GHu5hJX9_normal.jpg,D-LUXTHACHAMP,@DLUXTHACHAMP,·,Mar 30,"Everytime I see political quotes from Rob Schneider, it makes me regret being a fan and taking a photo with him.",453,3,,https://x.com/DLUXTHACHAMP/status/2038359517147095094,https://x.com/DLUXTHACHAMP/status/2038359517147095094/analytics,everytime i see political quotes from rob schneider it makes me regret being a fan and taking a photo with him,everytime see political quote rob schneider make regret fan taking photo,Neutral
https://x.com/matt47871,https://pbs.twimg.com/profile_images/1924910684262768640/77-RVf1j_normal.jpg,Matt,@matt47871,·,Mar 30,It wasn’t that long ago that I actually liked Rob Schneider. But seriously. What a fucking retard. I’m tired of this shit. If they want young American males to be killing machines. They may want to be careful what they wish for.,554,5,,https://x.com/matt47871/status/2038457283106001199,https://x.com/matt47871/status/2038457283106001199/analytics,it wasnt that long ago that i actually liked rob schneider but seriously what a fucking retard im tired of this shit if they want young american males to be killing machines they may want to be careful what they wish for,wasnt long ago actually liked rob schneider seriously fucking retard im tired shit want young american male killing machine may want careful wish,Positive
https://x.com/RnoHach,https://pbs.twimg.com/profile_images/1877421893051125760/c3mMBWHQ_normal.jpg,𝓡.𝓷𝓸,@RnoHach,·,Mar 30,We should prioritize our politicians and have their families be drafted first.,215,4,,https://x.com/RnoHach/status/2038343785349087507,https://x.com/RnoHach/status/2038343785349087507/analytics,we should prioritize our politicians and have their families be drafted first,prioritize politician family drafted first,Neutral
https://x.com/FindXSnowflakes,https://pbs.twimg.com/profile_images/1905348985470009345/Cw1qDyQJ_normal.jpg,I Find Snowflakes on X,@FindXSnowflakes,·,Mar 30,"Only if he’s first in line.

He’s excited to throw other people’s children in war but not himself.  He could volunteer.",1.2K,4,,https://x.com/FindXSnowflakes/status/2038346145819460062,https://x.com/FindXSnowflakes/status/2038346145819460062/analytics,only if hes first in line hes excited to throw other peoples children in war but not himself he could volunteer,he first line he excited throw people child war could volunteer,Neutral
https://x.com/callmecrazy0125,https://pbs.twimg.com/profile_images/1690859423533617153/e1VCV62j_normal.jpg,Laundry Room,@callmecrazy0125,·,Mar 30,Will he be sending his children to die for Israel?,241,10,,https://x.com/callmecrazy0125/status/2038377136935907392,https://x.com/callmecrazy0125/status/2038377136935907392/analytics,will he be sending his children to die for israel,sending child die israel,Neutral
https://x.com/CardanoSardine,https://pbs.twimg.com/profile_images/1882844749498896385/mxJA18Ds_normal.jpg,C₳RD₳NO S₳RDINE,@CardanoSardine,·,Mar 30,"Yes, draft all Woke retards and send them to Iran and Palestine",137,1,,https://x.com/CardanoSardine/status/2038505120971862511,https://x.com/CardanoSardine/status/2038505120971862511/analytics,yes draft all woke retards and send them to iran and palestine,yes draft woke retard send iran palestine,Neutral
https://x.com/TheLiTKiTT,https://pbs.twimg.com/profile_images/2034572705958117377/XuAPLNG9_normal.jpg,RABUM ALAL,@TheLiTKiTT,·,Mar 30,"A Schneider wants you to fight for Israel 
Fixed the header for you.",506,3,,https://x.com/TheLiTKiTT/status/2038342054686908443,https://x.com/TheLiTKiTT/status/2038342054686908443/analytics,a schneider wants you to fight for israel fixed the header for you,schneider want fight israel fixed header,Neutral
https://x.com/booman22,https://pbs.twimg.com/profile_images/1986476676855808000/xoNto8aC_normal.jpg,Bryan,@booman22,·,Mar 30,"I’ve never served in the military, therefore I have no right to speak on whether or not the draft should be reinstated or not. Rob hasn’t served either, so….",1.7K,6,,https://x.com/booman22/status/2038302418073514184,https://x.com/booman22/status/2038302418073514184/analytics,ive never served in the military therefore i have no right to speak on whether or not the draft should be reinstated or not rob hasnt served either so,ive never served military therefore right speak whether draft reinstated rob hasnt served either,Neutral
https://x.com/xtrends4u,https://pbs.twimg.com/profile_images/2019320233035436032/8kkgQAX4_normal.jpg,XTrends,@xtrends4u,·,Mar 30,"“Freedom” is a psyop.
Americans are slaves if anything.",555,14,,https://x.com/xtrends4u/status/2038332509658734636,https://x.com/xtrends4u/status/2038332509658734636/analytics,freedom is a psyop americans are slaves if anything,freedom psyop american slave anything,Neutral
https://x.com/Turtle_Avatar,https://pbs.twimg.com/profile_images/1857593728791113728/B1uPDD3z_normal.jpg,Snapping Turtle,@Turtle_Avatar,·,Mar 30,I will carry my Grandson to Mexico on my back before I allow him to die for Israel.,162,10,,https://x.com/Turtle_Avatar/status/2038311255543324833,https://x.com/Turtle_Avatar/status/2038311255543324833/analytics,i will carry my grandson to mexico on my back before i allow him to die for israel,carry grandson mexico back allow die israel,Neutral
https://x.com/Thundergranite,https://pbs.twimg.com/profile_images/1869932018097643520/xVro-JmK_normal.jpg,ThunderGranite,@Thundergranite,·,Mar 30,lost a lot of respect for rob he wants us goy to fight and die for his tribe,194,5,,https://x.com/Thundergranite/status/2038378010013827370,https://x.com/Thundergranite/status/2038378010013827370/analytics,lost a lot of respect for rob he wants us goy to fight and die for his tribe,lost lot respect rob want u goy fight die tribe,Neutral
https://x.com/JoshuaEngelman3,https://pbs.twimg.com/profile_images/2035937128736231424/3LV29ASK_normal.jpg,Joshua Engelmann,@JoshuaEngelman3,·,Mar 30,I love Rob but no. It's blatantly unconstitutional in my opinion.,241,2,,https://x.com/JoshuaEngelman3/status/2038314751831548280,https://x.com/JoshuaEngelman3/status/2038314751831548280/analytics,i love rob but no its blatantly unconstitutional in my opinion,love rob blatantly unconstitutional opinion,Negative
https://x.com/KevinlyFather,https://pbs.twimg.com/profile_images/2024318413003509760/h38kTARV_normal.jpg,KevinlyFather,@KevinlyFather,·,Mar 30,Yeah.  I'm so sick and tired of Iran blocking all my freedoms.,962,1,33,https://x.com/KevinlyFather/status/2038376849680814591,https://x.com/KevinlyFather/status/2038376849680814591/analytics,yeah im so sick and tired of iran blocking all my freedoms,yeah im sick tired iran blocking freedom,Neutral
https://x.com/BiGSr,https://pbs.twimg.com/profile_images/1880030397246869504/VepvXrdm_normal.jpg,Ron Paul Was Right,@BiGSr,·,21h,This is EASY to say when the person speaking ONLY has Daughters like Rob does...Would his opinion change if he had a son?,43,1,,https://x.com/BiGSr/status/2038683710745129415,https://x.com/BiGSr/status/2038683710745129415/analytics,this is easy to say when the person speaking only has daughters like rob doeswould his opinion change if he had a son,easy say person speaking daughter like rob doeswould opinion change son,Neutral
https://x.com/1PeterMitchell,https://pbs.twimg.com/profile_images/1872341452702785536/lPtCB6Ga_normal.jpg,1692American,@1PeterMitchell,·,Mar 30,Did Rob Schneider say that??? Well fuck Rob Schneider!,267,8,,https://x.com/1PeterMitchell/status/2038382336803230196,https://x.com/1PeterMitchell/status/2038382336803230196/analytics,did rob schneider say that well fuck rob schneider,rob schneider say well fuck rob schneider,Positive
https://x.com/idolightwork,https://pbs.twimg.com/profile_images/1166899104561020928/bKCFwZ8X_normal.jpg,Mel,@idolightwork,·,Mar 30,Why even talk about this guy? Him and his opinions mean nothing to anyone.,200,2,,https://x.com/idolightwork/status/2038334095198216625,https://x.com/idolightwork/status/2038334095198216625/analytics,why even talk about this guy him and his opinions mean nothing to anyone,even talk guy opinion mean nothing anyone,Negative
https://x.com/tiger_Backwood,https://pbs.twimg.com/profile_images/1611119457513906176/zAJsMzTf_normal.jpg,Tiger Backwoods,@tiger_Backwood,·,Mar 30,Why didn’t he enlist then instead of being Adam Sandlers special friend?,176,1,,https://x.com/tiger_Backwood/status/2038358568475189681,https://x.com/tiger_Backwood/status/2038358568475189681/analytics,why didnt he enlist then instead of being adam sandlers special friend,didnt enlist instead adam sandlers special friend,Neutral
https://x.com/ezotic,https://pbs.twimg.com/profile_images/2034680404649664513/sBQQWoNE_normal.jpg,{ E } The Technologist,@ezotic,·,22h,has Rob Schneider ever served in the military?,201,1,1,https://x.com/ezotic/status/2038668801978359961,https://x.com/ezotic/status/2038668801978359961/analytics,has rob schneider ever served in the military,rob schneider ever served military,Neutral
https://x.com/PromoterBoxing,https://pbs.twimg.com/profile_images/1522606863669510144/DD8SAYHR_normal.jpg,Tom Fordy,@PromoterBoxing,·,Mar 30,This little midget should be put on the frontline. He looks young with all these fkn plastic surgeries anyway.,441,9,,https://x.com/PromoterBoxing/status/2038375953475285130,https://x.com/PromoterBoxing/status/2038375953475285130/analytics,this little midget should be put on the frontline he looks young with all these fkn plastic surgeries anyway,little midget put frontline look young fkn plastic surgery anyway,Neutral
https://x.com/ecofishsex,https://pbs.twimg.com/profile_images/1934506262240358400/dQ2oR0WS_normal.jpg,Real American,@ecofishsex,·,Mar 30,the old and rich want to send you off to die for them,5.8K,1,26,https://x.com/ecofishsex/status/2038323902519337353,https://x.com/ecofishsex/status/2038323902519337353/analytics,the old and rich want to send you off to die for them,old rich want send die,Positive
https://x.com/zoltar_great,https://pbs.twimg.com/profile_images/1384369622565015555/C0swYQ9l_normal.jpg,The Great Zoltar,@zoltar_great,·,Mar 30,"You first, bitch!",195,3,,https://x.com/zoltar_great/status/2038341331194630216,https://x.com/zoltar_great/status/2038341331194630216/analytics,you first bitch,first bitch,Negative
https://x.com/FullOfGraceUS,https://pbs.twimg.com/profile_images/1956432626790674432/uM9Hdrv__normal.jpg,GraceLynn,@FullOfGraceUS,·,Mar 30,"His children should be first to boot up,except his special needs daughter, of which his ex wife said he abused.",157,1,6,https://x.com/FullOfGraceUS/status/2038581537868759398,https://x.com/FullOfGraceUS/status/2038581537868759398/analytics,his children should be first to boot upexcept his special needs daughter of which his ex wife said he abused,child first boot upexcept special need daughter ex wife said abused,Neutral
https://x.com/BenjaminPDixon,https://pbs.twimg.com/profile_images/2034650898106896384/1W7fu1BP_normal.jpg,Pastor Ben,@BenjaminPDixon,·,Mar 30,This goofball has never served anything in his life except drugs,5.2K,1,12,https://x.com/BenjaminPDixon/status/2038349864996643038,https://x.com/BenjaminPDixon/status/2038349864996643038/analytics,this goofball has never served anything in his life except drugs,goofball never served anything life except drug,Negative
https://x.com/Bpaint,https://pbs.twimg.com/profile_images/1955014528435171328/4oIXHQCE_normal.jpg,Brandon,@Bpaint,·,Mar 30,Dude. Please find something else to feel entitled about. Please. lol,266,2,,https://x.com/Bpaint/status/2038311097594462683,https://x.com/Bpaint/status/2038311097594462683/analytics,dude please find something else to feel entitled about please lol,dude please find something else feel entitled please laugh loud,Neutral
https://x.com/teenieweenie20,https://pbs.twimg.com/profile_images/1889375837885186051/xlP1cEz9_normal.jpg,Bel Esprit,@teenieweenie20,·,Mar 30,"If this war is about defending our freedom, then we're fighting the wrong enemy.",1.9K,2,27,https://x.com/teenieweenie20/status/2038360799291576684,https://x.com/teenieweenie20/status/2038360799291576684/analytics,if this war is about defending our freedom then were fighting the wrong enemy,war defending freedom fighting wrong enemy,Negative
https://x.com/zebedy1997,https://pbs.twimg.com/profile_images/1980045234496008192/A6-V2L6k_normal.jpg,Tel Aviv Tommy,@zebedy1997,·,Mar 30,"And yet this bitch expects US soldiers to die for the genocidal policies of Israel.

Stick to making D List comedy skits.",394,1,55,https://x.com/zebedy1997/status/2038530273126560209,https://x.com/zebedy1997/status/2038530273126560209/analytics,and yet this bitch expects __united_states__ soldiers to die for the genocidal policies of israel stick to making d list comedy skits,yet bitch expects united_states soldier die genocidal policy israel stick making list comedy skit,Negative
https://x.com/shadowboxer73,https://pbs.twimg.com/profile_images/1689751972495478788/IYko4zYS_normal.jpg,rachel,@shadowboxer73,·,Mar 30,Good thing no one actually gives a fuck about what Rob Schneider has to say,131,1,4,https://x.com/shadowboxer73/status/2038370593297563864,https://x.com/shadowboxer73/status/2038370593297563864/analytics,good thing no one actually gives a fuck about what rob schneider has to say,good thing one actually give fuck rob schneider say,Positive
https://x.com/MichelleNYC718,https://pbs.twimg.com/profile_images/1375566234134138887/YZA1zaWd_normal.jpg,LCM,@MichelleNYC718,·,Mar 30,He and his kids can go over to defend Israel and the distraction from the Epstein files war.,238,1,7,https://x.com/MichelleNYC718/status/2038325927914959108,https://x.com/MichelleNYC718/status/2038325927914959108/analytics,he and his kids can go over to defend israel and the distraction from the epstein files war,kid go defend israel distraction epstein file war,Negative
https://x.com/kungfukenn_eth,https://pbs.twimg.com/profile_images/1887224883085475840/fWVJk0Eg_normal.jpg,Kungfu Kenneth,@kungfukenn_eth,·,Mar 30,"Great, once again we are being sucked into a “die for your freedoms, they have costs!!” situation. What were the dangers before again? An existential nuclear threat? Cheap gas?

The internet exists, guys. We can communicate with pretty much every country we want to. We can see",1.8K,5,,https://x.com/kungfukenn_eth/status/2038401572313370984,https://x.com/kungfukenn_eth/status/2038401572313370984/analytics,great once again we are being sucked into a die for your freedoms they have costs situation what were the dangers before again an existential nuclear threat cheap gas the internet exists guys we can communicate with pretty much every country we want to we can see,great sucked die freedom cost situation danger existential nuclear threat cheap gas internet exists guy communicate pretty much every country want see,Neutral
https://x.com/IamOxEnergyI,https://pbs.twimg.com/profile_images/2038018617732689920/NStMH6tX_normal.jpg,Zuri,@IamOxEnergyI,·,Mar 30,"Rob Schneider is a comedian who made his career playing idiots. He just voluntarily removed all doubt about which one he is.
The kids he wants drafted didn't start this war,  Didn't vote for it, Didn't profit from it.
But they're the ones he wants to pay for it.",3.1K,12,,https://x.com/IamOxEnergyI/status/2038374043200425999,https://x.com/IamOxEnergyI/status/2038374043200425999/analytics,rob schneider is a comedian who made his career playing idiots he just voluntarily removed all doubt about which one he is the kids he wants drafted didnt start this war didnt vote for it didnt profit from it but theyre the ones he wants to pay for it,rob schneider comedian made career playing idiot voluntarily removed doubt one kid want drafted didnt start war didnt vote didnt profit theyre one want pay,Neutral
https://x.com/proseccopadre_,https://pbs.twimg.com/profile_images/2014717574274072576/1fSLrLhe_normal.jpg,Siriusly Black,@proseccopadre_,·,Mar 30,Stuff like this makes me think he’s in the hidden Epstein files,420,3,,https://x.com/proseccopadre_/status/2038368163230892117,https://x.com/proseccopadre_/status/2038368163230892117/analytics,stuff like this makes me think hes in the hidden epstein files,stuff like make think he hidden epstein file,Positive
https://x.com/gv49ers,https://pbs.twimg.com/profile_images/1759721649908170752/vkokKi48_normal.jpg,G V,@gv49ers,·,Mar 30,Rob please STFU. Doubt he’d be in favor of that if he was of draft eligible age or had kids who were.,185,2,,https://x.com/gv49ers/status/2038449958987178244,https://x.com/gv49ers/status/2038449958987178244/analytics,rob please stfu doubt hed be in favor of that if he was of draft eligible age or had kids who were,rob please stfu doubt hed favor draft eligible age kid,Positive
https://x.com/KyleP762,https://pbs.twimg.com/profile_images/1691962382099116033/biVjSOXO_normal.jpg,Kyle Peterson,@KyleP762,·,Mar 30,"Stick him on the front lines alongside Liz Cheney, Lindsey Graham, and all the other war hawks in DC.",240,2,,https://x.com/KyleP762/status/2038374013060137008,https://x.com/KyleP762/status/2038374013060137008/analytics,stick him on the front lines alongside liz cheney lindsey graham and all the other war hawks in dc,stick front line alongside liz cheney lindsey graham war hawk dc,Neutral
https://x.com/Maj0rSwagger,https://pbs.twimg.com/profile_images/1586379740012756996/tAlBtOTy_normal.jpg,Major Swagger,@Maj0rSwagger,·,Mar 30,Fuck that… my kids ain’t dying in some war to make defense contractors rich and appease Israel,322,5,,https://x.com/Maj0rSwagger/status/2038326237328785560,https://x.com/Maj0rSwagger/status/2038326237328785560/analytics,fuck that my kids aint dying in some war to make defense contractors rich and appease israel,fuck kid aint dying war make defense contractor rich appease israel,Neutral
https://x.com/tw0fast2furious,https://pbs.twimg.com/profile_images/2033024632085950464/Wcfz3X_U_normal.jpg,Lil' T,@tw0fast2furious,·,Mar 30,He should be first in the front lines,227,7,,https://x.com/tw0fast2furious/status/2038346578012885248,https://x.com/tw0fast2furious/status/2038346578012885248/analytics,he should be first in the front lines,first front line,Neutral
https://x.com/mixcom,https://pbs.twimg.com/profile_images/1460087207847473152/yr08s9lx_normal.jpg,Skip Dillard,@mixcom,·,Mar 30,Then let’s send,461,1,3,https://x.com/mixcom/status/2038351955009970641,https://x.com/mixcom/status/2038351955009970641/analytics,then lets send,let send,Neutral
https://x.com/Imposter_Edits,https://pbs.twimg.com/profile_images/1966987291231969280/ZYuHXTyH_normal.jpg,_ Imposter_,@Imposter_Edits,·,Mar 30,i thought you guys covered celebrities?,4.3K,5,220,https://x.com/Imposter_Edits/status/2038360572731822462,https://x.com/Imposter_Edits/status/2038360572731822462/analytics,i thought you guys covered celebrities,thought guy covered celebrity,Neutral
https://x.com/regandarcy,https://pbs.twimg.com/profile_images/1738483310358106112/2CjLZlL-_normal.jpg,Regan,@regandarcy,·,Mar 30,Suuure. Easy for Rob to say. Rob never served. And he’s too old to serve now. His idol Donald Trump got out of the draft because he was rich & complained about “bone spurs”. Funny how it’s always the rich who call for the draft for the poor to fight their wars for them.,3.2K,1,4,https://x.com/regandarcy/status/2038303986743235015,https://x.com/regandarcy/status/2038303986743235015/analytics,suuure easy for rob to say rob never served and hes too old to serve now his idol donald trump got out of the draft because he was rich complained about bone spurs funny how its always the rich who call for the draft for the poor to fight their wars for them,suuure easy rob say rob never served he old serve idol donald trump got draft rich complained bone spur funny always rich call draft poor fight war,Neutral
https://x.com/victorkafati,https://pbs.twimg.com/profile_images/2037065839233687553/Pttd180v_normal.jpg,Victor,@victorkafati,·,Mar 30,"Rob Schneider's net worth plummeted so he sold his soul to Israel, it's the only logical explanation of his stupidity",325,3,,https://x.com/victorkafati/status/2038450101585125876,https://x.com/victorkafati/status/2038450101585125876/analytics,rob schneiders net worth plummeted so he sold his soul to israel its the only logical explanation of his stupidity,rob schneiders net worth plummeted sold soul israel logical explanation stupidity,Positive
https://x.com/mcdaniel0207,https://pbs.twimg.com/profile_images/2014375302160355328/3kTT__vg_normal.jpg,Jason Mcdaniel,@mcdaniel0207,·,Mar 30,Why don’t Rob Schneider go fight in the war?,613,17,,https://x.com/mcdaniel0207/status/2038322221827891296,https://x.com/mcdaniel0207/status/2038322221827891296/analytics,why dont rob schneider go fight in the war,dont rob schneider go fight war,Neutral
https://x.com/For2000years,https://pbs.twimg.com/profile_images/1490512587548680192/oUPRc7xL_normal.jpg,All Wars Are Bankers' Wars,@For2000years,·,Mar 30,"Our own govt is full of traitors who prioritize a foreign regime over our own country. If Schneider actually cared about our ""freedom"" he'd start there, instead of claiming that our ""freedom"" is dependent on forcing our young people to go fight in the permanent war machine.",127,1,5,https://x.com/For2000years/status/2038360412211609949,https://x.com/For2000years/status/2038360412211609949/analytics,our own govt is full of traitors who prioritize a foreign regime over our own country if schneider actually cared about our freedom hed start there instead of claiming that our freedom is dependent on forcing our young people to go fight in the permanent war machine,government full traitor prioritize foreign regime country schneider actually cared freedom hed start instead claiming freedom dependent forcing young people go fight permanent war machine,Neutral
https://x.com/HardLensMedia,https://pbs.twimg.com/profile_images/1746527217851539456/PGYQnAIT_normal.jpg,Hard Lens Media,@HardLensMedia,·,Mar 30,Okay have him be in frontline first,735,1,46,https://x.com/HardLensMedia/status/2038349785128685866,https://x.com/HardLensMedia/status/2038349785128685866/analytics,okay have him be in frontline first,okay frontline first,Positive
https://x.com/scoobthethinker,https://pbs.twimg.com/profile_images/1987852181886701568/RHcJJKGD_normal.jpg,Scoob The Thinker,@scoobthethinker,·,Mar 30,Anyone calling for this should be immediately given their combat gear and sent there asap.,36,1,,https://x.com/scoobthethinker/status/2038616452865970220,https://x.com/scoobthethinker/status/2038616452865970220/analytics,anyone calling for this should be immediately given their combat gear and sent there asap,anyone calling immediately given combat gear sent soon possible,Neutral
https://x.com/justcallme_cw,https://pbs.twimg.com/profile_images/2016007350553812992/OtrK8xWd_normal.jpg,justcallme_cw,@justcallme_cw,·,Mar 30,no…….there is literally no need for boots on the ground. This isn’t a war….it’s ego stroking.,516,5,,https://x.com/justcallme_cw/status/2038310722476924984,https://x.com/justcallme_cw/status/2038310722476924984/analytics,nothere is literally no need for boots on the ground this isnt a warits ego stroking,nothere literally need boot ground isnt warits ego stroking,Positive
https://x.com/TheSpecter9,https://pbs.twimg.com/profile_images/1418215659448635403/4kYljVRg_normal.jpg,TheSpecter,@TheSpecter9,·,Mar 30,"They just raised the max age to 42 for recruitment

Send your fucking kids, Rob.",49,1,3,https://x.com/TheSpecter9/status/2038431886410752098,https://x.com/TheSpecter9/status/2038431886410752098/analytics,they just raised the max age to for recruitment send your fucking kids rob,raised max age recruitment send fucking kid rob,Positive
https://x.com/zava55,https://pbs.twimg.com/profile_images/1598490688135405570/27AQsCPD_normal.jpg,Matthew Zavala,@zava55,·,Mar 30,Rob Schneider says Freedom isn’t free,2.7K,1,13,https://x.com/zava55/status/2038314433899119093,https://x.com/zava55/status/2038314433899119093/analytics,rob schneider says freedom isnt free,rob schneider say freedom isnt free,Positive
https://x.com/blakeofspades11,https://pbs.twimg.com/profile_images/1930351669058953216/XsWv8HAM_normal.jpg,The Blake of Spades,@blakeofspades11,·,Mar 30,Fuck these millionaires / billionaires saying shit like this. Nah bro. Send your kids.,378,1,4,https://x.com/blakeofspades11/status/2038330795094348185,https://x.com/blakeofspades11/status/2038330795094348185/analytics,fuck these millionaires billionaires saying shit like this nah bro send your kids,fuck millionaire billionaire saying shit like nah bro send kid,Neutral
https://x.com/No1114199233,https://pbs.twimg.com/profile_images/2034967926462197760/cWGxuzm0_normal.jpg,Anonymous,@No1114199233,·,Mar 30,This is what celebrities and actors need to shut the fuck about politics. This is precisely why.,513,6,,https://x.com/No1114199233/status/2038321948900393007,https://x.com/No1114199233/status/2038321948900393007/analytics,this is what celebrities and actors need to shut the fuck about politics this is precisely why,celebrity actor need shut fuck politics precisely,Neutral
https://x.com/entretotoen,https://pbs.twimg.com/profile_images/1966673454419054592/BnVD95j2_normal.jpg,limited,@entretotoen,·,Mar 30,Let’s give it a go with your life on the line and then we’ll see if the cost was really worth it. Be a man and get to the frontline now.,468,2,2,https://x.com/entretotoen/status/2038358222549995562,https://x.com/entretotoen/status/2038358222549995562/analytics,lets give it a go with your life on the line and then well see if the cost was really worth it be a man and get to the frontline now,let give go life line well see cost really worth man get frontline,Positive
https://x.com/lisakaus,https://pbs.twimg.com/profile_images/1418754722253746176/d2J4wZY1_normal.jpg,Milo,@lisakaus,·,Mar 30,"What You’re Saying Is That Barron Trump Should Be Drafted…?

And…Why Not…?

Oh, Oh…You’re Talking About Other People’s Kids…

I Get It…!

Tell Me You’re An Elitist Without Telling Me You’re An Elitist…

MAGA’t Cult!",69,1,1,https://x.com/lisakaus/status/2038520341580894321,https://x.com/lisakaus/status/2038520341580894321/analytics,what youre saying is that barron trump should be drafted andwhy not oh ohyoure talking about other peoples kids i get it tell me youre an elitist without telling me youre an elitist magat cult,youre saying barron trump drafted andwhy oh ohyoure talking people kid get tell youre elitist without telling youre elitist magat cult,Neutral
https://x.com/Palestine52688,https://pbs.twimg.com/profile_images/2036612866170609665/w8Cs--1O_normal.jpg,Come Out Ye IDF,@Palestine52688,·,Mar 30,"""Get in the box.""",61,4,,https://x.com/Palestine52688/status/2038398369329017128,https://x.com/Palestine52688/status/2038398369329017128/analytics,get in the box,get box,Neutral
https://x.com/AnotherSportsPg,https://pbs.twimg.com/profile_images/1644343367071850496/JS-Ru3lu_normal.jpg,AnotherSportsPg,@AnotherSportsPg,·,Mar 30,Take yo old ass over there fucking clown! Dont ruin the next generation with a useless fucking war! They don’t deserve the pain that comes during and after,219,4,,https://x.com/AnotherSportsPg/status/2038363943375183922,https://x.com/AnotherSportsPg/status/2038363943375183922/analytics,take yo old ass over there fucking clown dont ruin the next generation with a useless fucking war they dont deserve the pain that comes during and after,take yo old as fucking clown dont ruin next generation useless fucking war dont deserve pain come,Negative
https://x.com/HeyyDiva,https://pbs.twimg.com/profile_images/1737440150727118848/COTYRsXY_normal.jpg,i just wanna live my life bro..,@HeyyDiva,·,Mar 30,Ummm can he go fight @ the frontlines w/ all his patriotism???,1.7K,8,,https://x.com/HeyyDiva/status/2038312188528521460,https://x.com/HeyyDiva/status/2038312188528521460/analytics,ummm can he go fight the frontlines w all his patriotism,ummm go fight frontlines w patriotism,Neutral
https://x.com/Rene_gadeCowboy,https://pbs.twimg.com/profile_images/2019912659605524480/wBgFaCwM_normal.jpg,Renegade Cowboy,@Rene_gadeCowboy,·,Mar 30,How about he ask his buddy Donald Trump for a waiver and he can go serve on the front line and take his 36 year old daughter Elle with him. If not then he should stfu,919,29,,https://x.com/Rene_gadeCowboy/status/2038395493701816487,https://x.com/Rene_gadeCowboy/status/2038395493701816487/analytics,how about he ask his buddy donald trump for a waiver and he can go serve on the front line and take his year old daughter elle with him if not then he should stfu,ask buddy donald trump waiver go serve front line take year old daughter elle stfu,Positive
https://x.com/NotMeUsOnline1,https://pbs.twimg.com/profile_images/1746014218862673920/cO0gHPU8_normal.jpg,Collapsing Empire,@NotMeUsOnline1,·,Mar 30,Sounds like Rob just volunteered to go to the front lines.,29,1,3,https://x.com/NotMeUsOnline1/status/2038399056276258985,https://x.com/NotMeUsOnline1/status/2038399056276258985/analytics,sounds like rob just volunteered to go to the front lines,sound like rob volunteered go front line,Neutral
https://x.com/JeffreyLuscombe,https://pbs.twimg.com/profile_images/2010890815015448576/DsjCIXIi_normal.jpg,Jeffrey Luscombe,@JeffreyLuscombe,·,Mar 30,Isn’t he the chopping broccoli guy?,370,1,4,https://x.com/JeffreyLuscombe/status/2038375316888936950,https://x.com/JeffreyLuscombe/status/2038375316888936950/analytics,isnt he the chopping broccoli guy,isnt chopping broccoli guy,Neutral
https://x.com/NardsofWolfman,https://pbs.twimg.com/profile_images/1818437146400669696/GFMG5pXU_normal.jpg,Wolfman’s Nards,@NardsofWolfman,·,Mar 30,He can go fuck himself. Fighting in the Middle East does nothing for American freedoms.,101,3,,https://x.com/NardsofWolfman/status/2038365539802714343,https://x.com/NardsofWolfman/status/2038365539802714343/analytics,he can go fuck himself fighting in the middle east does nothing for american freedoms,go fuck fighting middle east nothing american freedom,Neutral
https://x.com/KurosaiSenpai,https://pbs.twimg.com/profile_images/2009855559927832576/D8BcCz7o_normal.jpg,Kurosai 黒才,@KurosaiSenpai,·,Mar 30,"probably said this on a podcast with joe rogan or theo with snorting salt or something, so not to be taken seriously",822,11,,https://x.com/KurosaiSenpai/status/2038365544454226197,https://x.com/KurosaiSenpai/status/2038365544454226197/analytics,probably said this on a podcast with joe rogan or theo with snorting salt or something so not to be taken seriously,probably said podcast joe rogan theo snorting salt something taken seriously,Neutral
https://x.com/03Amanda17,https://pbs.twimg.com/profile_images/1617652065324482561/swmK0yg-_normal.jpg,Amanda,@03Amanda17,·,Mar 30,Who the fu*k is envious of us right now? You delusional magat,82,1,4,https://x.com/03Amanda17/status/2038346810222080215,https://x.com/03Amanda17/status/2038346810222080215/analytics,who the fuk is envious of us right now you delusional magat,fuk envious u right delusional magat,Neutral
https://x.com/FlGrownPatriot,https://pbs.twimg.com/profile_images/1668368243038490625/delakM3a_normal.jpg,Ygg Odinson,@FlGrownPatriot,·,Mar 30,"Fucking rat piece of shit, send your family Rob",848,36,,https://x.com/FlGrownPatriot/status/2038528075839766542,https://x.com/FlGrownPatriot/status/2038528075839766542/analytics,fucking rat piece of shit send your family rob,fucking rat piece shit send family rob,Neutral
https://x.com/OxfordFarr66929,https://pbs.twimg.com/profile_images/1930712828756824065/QBL0far7_normal.jpg,Farrah Oxford,@OxfordFarr66929,·,Mar 30,"Oh
He should tell us all more about his time in the military fighting for our country as he is so willing to sacrifice our kids.",1.1K,5,30,https://x.com/OxfordFarr66929/status/2038338600597618906,https://x.com/OxfordFarr66929/status/2038338600597618906/analytics,oh he should tell us all more about his time in the military fighting for our country as he is so willing to sacrifice our kids,oh tell u time military fighting country willing sacrifice kid,Positive
https://x.com/Nasdorachi,https://pbs.twimg.com/profile_images/1686945716101423104/kvuVK2W5_normal.jpg,Nasdorachi,@Nasdorachi,·,Mar 30,Man who never served in the military demanding other people serve instead of him is rich.,738,2,,https://x.com/Nasdorachi/status/2038368466873295053,https://x.com/Nasdorachi/status/2038368466873295053/analytics,man who never served in the military demanding other people serve instead of him is rich,man never served military demanding people serve instead rich,Negative
https://x.com/RobVanDom,https://pbs.twimg.com/profile_images/1689406796539019267/0Fj2okXX_normal.jpg,DomBob,@RobVanDom,·,Mar 30,The new law should be that anyone who suggests a military draft should be immediately enlisted for service,87,5,,https://x.com/RobVanDom/status/2038317520067633155,https://x.com/RobVanDom/status/2038317520067633155/analytics,the new law should be that anyone who suggests a military draft should be immediately enlisted for service,new law anyone suggests military draft immediately enlisted service,Neutral
https://x.com/DaveFagan16,https://pbs.twimg.com/profile_images/1892802893696094213/dlA-gShT_normal.jpg,dave,@DaveFagan16,·,Mar 30,Americans must fight for us!,802,11,,https://x.com/DaveFagan16/status/2038377716261761430,https://x.com/DaveFagan16/status/2038377716261761430/analytics,americans must fight for us,american must fight u,Neutral
https://x.com/Nell7619,https://pbs.twimg.com/profile_images/1852880052087926784/kNDz8Ly8_normal.jpg,Nell,@Nell7619,·,Mar 30,We don't need political or military guidance from this guy.,594,1,18,https://x.com/Nell7619/status/2038334583259672905,https://x.com/Nell7619/status/2038334583259672905/analytics,we dont need political or military guidance from this guy,dont need political military guidance guy,Neutral
https://x.com/CloudFuel,https://pbs.twimg.com/profile_images/1669446143112085504/nVa_8UGk_normal.jpg,CloudFuel,@CloudFuel,·,Mar 30,Nah. He and all his cult friends can go fight trump's idiotic war. Leave the rest of us the hell out of this.,433,6,,https://x.com/CloudFuel/status/2038463611543183598,https://x.com/CloudFuel/status/2038463611543183598/analytics,nah he and all his cult friends can go fight trumps idiotic war leave the rest of us the hell out of this,nah cult friend go fight trump idiotic war leave rest u hell,Neutral
https://x.com/unhealthytruth,https://pbs.twimg.com/profile_images/2027125515383914497/B-niMTTc_normal.jpg,Erin Elizabeth Health Nut News,@unhealthytruth,·,Mar 30,Do you agree with Rob Schneider that we should start drafting  young Americans now to fight overseas in the war?,2.5K,15,6,https://x.com/unhealthytruth/status/2038452974901440542,https://x.com/unhealthytruth/status/2038452974901440542/analytics,do you agree with rob schneider that we should start drafting young americans now to fight overseas in the war,agree rob schneider start drafting young american fight overseas war,Neutral
https://x.com/HumanCinepede,https://pbs.twimg.com/profile_images/1983187874322259968/PhlylDEX_normal.jpg,Human Cinepede,@HumanCinepede,·,Mar 30,A man who never served and is ineligible to be drafted wants your kids to go to war to protect his pedophile buddies.,215,10,,https://x.com/HumanCinepede/status/2038315287351591360,https://x.com/HumanCinepede/status/2038315287351591360/analytics,a man who never served and is ineligible to be drafted wants your kids to go to war to protect his pedophile buddies,man never served ineligible drafted want kid go war protect pedophile buddy,Neutral
https://x.com/joshfontanilla,https://pbs.twimg.com/profile_images/2022029873871831040/VGyiyZdp_normal.jpg,Joshua Fontanilla,@joshfontanilla,·,Mar 30,He can go first.,102,2,,https://x.com/joshfontanilla/status/2038357377301319740,https://x.com/joshfontanilla/status/2038357377301319740/analytics,he can go first,go first,Neutral
https://x.com/nowwerevolt,https://pbs.twimg.com/profile_images/2021973615596777473/WXc-xhOr_normal.jpg,☭Hating Trump since '78 Hating Obama since 2007,@nowwerevolt,·,Mar 30,No one gives a fuck what,106,7,,https://x.com/nowwerevolt/status/2038334608924922084,https://x.com/nowwerevolt/status/2038334608924922084/analytics,no one gives a fuck what,one give fuck,Neutral
https://x.com/e_ekenem,https://pbs.twimg.com/profile_images/2001673399215497217/DfRr1ywW_normal.jpg,Ekenemchukwu,@e_ekenem,·,Mar 30,Rob Schneider going political with a draft push,3.8K,5,,https://x.com/e_ekenem/status/2038295452844478887,https://x.com/e_ekenem/status/2038295452844478887/analytics,rob schneider going political with a draft push,rob schneider going political draft push,Neutral
https://x.com/ChrisMarx1917,https://pbs.twimg.com/profile_images/2036998641076817920/UXCuQ4vv_normal.jpg,George Orwell's Angry Ghost,@ChrisMarx1917,·,Mar 30,"He goes first. When he's dead,we'll call off the war. 

All these chicken hawks can suit up, or shut up!",90,9,,https://x.com/ChrisMarx1917/status/2038363070171369512,https://x.com/ChrisMarx1917/status/2038363070171369512/analytics,he goes first when hes deadwell call off the war all these chicken hawks can suit up or shut up,go first he deadwell call war chicken hawk suit shut,Neutral
https://x.com/NeedsEspresso,https://pbs.twimg.com/profile_images/1852703322546860032/p-1owfjH_normal.jpg,Reina,@NeedsEspresso,·,Mar 30,I think Rob Schneider should go on the frontlines. Leave the youth alone.,146,5,,https://x.com/NeedsEspresso/status/2038370181756436513,https://x.com/NeedsEspresso/status/2038370181756436513/analytics,i think rob schneider should go on the frontlines leave the youth alone,think rob schneider go frontlines leave youth alone,Neutral
https://x.com/LilRdVet2,https://pbs.twimg.com/profile_images/1907763682831904768/ALG4Or8c_normal.jpg,Selina Grissom,@LilRdVet2,·,Mar 30,Rob Schneider is not a military veteran and has no history of military service... he can FO!!...,147,1,,https://x.com/LilRdVet2/status/2038460138130993370,https://x.com/LilRdVet2/status/2038460138130993370/analytics,rob schneider is not a military veteran and has no history of military service he can fo,rob schneider military veteran history military service fo,Neutral
https://x.com/LanceASchart,https://pbs.twimg.com/profile_images/1979934277430112256/sXvyJv7w_normal.jpg,Lance A Schart,@LanceASchart,·,Mar 30,"“Too old for the draft!
Can’t be drafted. 
Gettin’ a deferment. 
Makin’ up bone spurs!”

— Rob Schneider, former comedian, copying MAGA talking points",239,1,6,https://x.com/LanceASchart/status/2038306716652089708,https://x.com/LanceASchart/status/2038306716652089708/analytics,too old for the draft cant be drafted gettin a deferment makin up bone spurs rob schneider former comedian copying maga talking points,old draft cant drafted gettin deferment makin bone spur rob schneider former comedian copying maga talking point,Neutral
https://x.com/FattestSack,https://pbs.twimg.com/profile_images/1959797223325335552/TkGMW4V5_normal.jpg,FattestSack,@FattestSack,·,Mar 30,"Apparently, this kikе who’s pretending he’s Christian doesn’t know what fragging is, and how much it actually happened in Vietnam. 

Does he realize the Iran war is the least popular one in U.S. history? Personally, I think he should fear for his safety. Really dumb comment.",56,1,1,https://x.com/FattestSack/status/2038550721986191729,https://x.com/FattestSack/status/2038550721986191729/analytics,apparently this kik whos pretending hes christian doesnt know what fragging is and how much it actually happened in vietnam does he realize the iran war is the least popular one in us history personally i think he should fear for his safety really dumb comment,apparently kik who pretending he christian doesnt know fragging much actually happened vietnam realize iran war least popular one u history personally think fear safety really dumb comment,Positive
https://x.com/HoneyBadgerMV,https://pbs.twimg.com/profile_images/2013328650653839361/5B0gXd6y_normal.jpg,Matt Vicente,@HoneyBadgerMV,·,Mar 30,You first,159,1,5,https://x.com/HoneyBadgerMV/status/2038299709454897395,https://x.com/HoneyBadgerMV/status/2038299709454897395/analytics,you first,first,Neutral
https://x.com/robtswthrayguns,https://pbs.twimg.com/profile_images/1956735694044569600/XzNfJWjh_normal.jpg,synthdaddy™,@robtswthrayguns,·,Mar 30,He… doesn’t get out of the country much,743,1,10,https://x.com/robtswthrayguns/status/2038324490493374511,https://x.com/robtswthrayguns/status/2038324490493374511/analytics,he doesnt get out of the country much,doesnt get country much,Neutral
https://x.com/showtimehcky,https://pbs.twimg.com/profile_images/1653737122963005440/8pNk98Bc_normal.jpg,Showtime,@showtimehcky,·,Mar 30,"Let me guess, Rob doesn’t have young kids that would qualify for the draft…",440,3,,https://x.com/showtimehcky/status/2038325184516571309,https://x.com/showtimehcky/status/2038325184516571309/analytics,let me guess rob doesnt have young kids that would qualify for the draft,let guess rob doesnt young kid would qualify draft,Neutral
https://x.com/boredonterra,https://pbs.twimg.com/profile_images/1783667578721931264/h56KKjBZ_normal.jpg,Vibe Collector,@boredonterra,·,Mar 30,"Send his ass to Iran then, fuck him and his shitty movies",159,6,,https://x.com/boredonterra/status/2038344075246747937,https://x.com/boredonterra/status/2038344075246747937/analytics,send his ass to iran then fuck him and his shitty movies,send as iran fuck shitty movie,Negative
https://x.com/JoanRose2023,https://pbs.twimg.com/profile_images/1587185044702961664/Lm2fXnDI_normal.jpg,Get Prepared,@JoanRose2023,·,Mar 30,Rob needs to move to the state called Israel and get out of our nation.,69,6,,https://x.com/JoanRose2023/status/2038340256639144240,https://x.com/JoanRose2023/status/2038340256639144240/analytics,rob needs to move to the state called israel and get out of our nation,rob need move state called israel get nation,Neutral
https://x.com/TakedownMRAs,https://pbs.twimg.com/profile_images/1362123104441360387/T3Mln1QM_normal.jpg,TakedownMRAs,@TakedownMRAs,·,Mar 30,Why do people keep quoting this never-was,386,26,,https://x.com/TakedownMRAs/status/2038461414772461764,https://x.com/TakedownMRAs/status/2038461414772461764/analytics,why do people keep quoting this neverwas,people keep quoting neverwas,Neutral
https://x.com/FullAccessHoops,https://pbs.twimg.com/profile_images/2037572445792509952/V9jZzFrb_normal.jpg,Kory Waldron,@FullAccessHoops,·,Mar 30,Very easy to say when you’re not the one putting any skin in the game.,6.9K,97,,https://x.com/FullAccessHoops/status/2038317338831835273,https://x.com/FullAccessHoops/status/2038317338831835273/analytics,very easy to say when youre not the one putting any skin in the game,easy say youre one putting skin game,Positive
https://x.com/1sounddept,https://pbs.twimg.com/profile_images/699252404257042432/y6qXq0EG_normal.jpg,Dan Guachione,@1sounddept,·,Mar 30,This douche bag wonders why he can’t get any work in movies anymore…,373,6,,https://x.com/1sounddept/status/2038334815871664419,https://x.com/1sounddept/status/2038334815871664419/analytics,this douche bag wonders why he cant get any work in movies anymore,douche bag wonder cant get work movie anymore,Positive
https://x.com/VICKAMANIA_,https://pbs.twimg.com/profile_images/2026458136404480001/731FQbyv_normal.jpg,himbo tar heels fan,@VICKAMANIA_,·,Mar 30,Rob Schneider can go fight for Israel. We ain’t.,805,11,,https://x.com/VICKAMANIA_/status/2038325783278571806,https://x.com/VICKAMANIA_/status/2038325783278571806/analytics,rob schneider can go fight for israel we aint,rob schneider go fight israel aint,Neutral
https://x.com/thecblive,https://pbs.twimg.com/profile_images/1977335190079905792/P0hNG2jN_normal.jpg,a,@thecblive,·,Mar 30,If the retard is willing to die for Israel then by all means join but forcing people to die and fight a war between micro dicked men isn’t gonna fly. It’s not the 1940s anymore.,696,1,1,https://x.com/thecblive/status/2038321569466818840,https://x.com/thecblive/status/2038321569466818840/analytics,if the retard is willing to die for israel then by all means join but forcing people to die and fight a war between micro dicked men isnt gonna fly its not the s anymore,retard willing die israel mean join forcing people die fight war micro dicked men isnt gonna fly anymore,Positive
https://x.com/OrthodoxReflec1,https://pbs.twimg.com/profile_images/1471861760596529164/SnoJaXji_normal.png,Orthodox Reflections,@OrthodoxReflec1,·,Mar 30,"Young men - educate yourself on conscientious objector status. The elite always tries to build a campaign of acceptance for whatever they plan to do. If nothing happens with a draft, you are then just better educated.",380,2,8,https://x.com/OrthodoxReflec1/status/2038384200714256595,https://x.com/OrthodoxReflec1/status/2038384200714256595/analytics,young men educate yourself on conscientious objector status the elite always tries to build a campaign of acceptance for whatever they plan to do if nothing happens with a draft you are then just better educated,young men educate conscientious objector status elite always try build campaign acceptance whatever plan nothing happens draft better educated,Positive
https://x.com/vhsdaddy,https://pbs.twimg.com/profile_images/2027272427089068032/82Ts6MPB_normal.jpg,Vintage Tech Trove,@vhsdaddy,·,Mar 30,"Fuck it—bring back the draft. No exemptions. No loopholes.

Funny how the loudest people calling for sacrifice are never the ones expected to make it. Celebrities, politicians, talking heads—they’ll cheerlead war all day long knowing damn well it’s not their family getting",1K,4,,https://x.com/vhsdaddy/status/2038324578389561366,https://x.com/vhsdaddy/status/2038324578389561366/analytics,fuck itbring back the draft no exemptions no loopholes funny how the loudest people calling for sacrifice are never the ones expected to make it celebrities politicians talking headstheyll cheerlead war all day long knowing damn well its not their family getting,fuck itbring back draft exemption loophole funny loudest people calling sacrifice never one expected make celebrity politician talking headstheyll cheerlead war day long knowing damn well family getting,Positive
https://x.com/KwizatsH,https://pbs.twimg.com/profile_images/1354503175835770881/mmfEkutf_normal.jpg,Kwisatz Haderach,@KwizatsH,·,Mar 30,People advocating for wars or drafts should be the first ones sent to war.,78,2,,https://x.com/KwizatsH/status/2038357116503920774,https://x.com/KwizatsH/status/2038357116503920774/analytics,people advocating for wars or drafts should be the first ones sent to war,people advocating war draft first one sent war,Neutral
https://x.com/Deftestkarma,https://pbs.twimg.com/profile_images/1999056039329636353/v0ViDOPb_normal.jpg,Deftestkarma,@Deftestkarma,·,Mar 30,I agree. I volunteer Rob to be in the front lines,4.5K,1,1,https://x.com/Deftestkarma/status/2038297875822653931,https://x.com/Deftestkarma/status/2038297875822653931/analytics,i agree i volunteer rob to be in the front lines,agree volunteer rob front line,Neutral
https://x.com/Impolitics,https://pbs.twimg.com/profile_images/721760064726560768/3dRlwgc8_normal.jpg,Victor Laszlo,@Impolitics,·,Mar 30,"Forget Schneider — when I want the informed and authoritative opinion of an internationally respected expert on the major political issues of our day, I turn to Carrot Top.",173,23,,https://x.com/Impolitics/status/2038411810567557600,https://x.com/Impolitics/status/2038411810567557600/analytics,forget schneider when i want the informed and authoritative opinion of an internationally respected expert on the major political issues of our day i turn to carrot top,forget schneider want informed authoritative opinion internationally respected expert major political issue day turn carrot top,Positive
https://x.com/ThaArchitect,https://pbs.twimg.com/profile_images/1994424973532844032/0RJUTDl6_normal.jpg,Own Your Masters,@ThaArchitect,·,Mar 30,Coming from a man who's never served in the military,164,1,4,https://x.com/ThaArchitect/status/2038332364766548298,https://x.com/ThaArchitect/status/2038332364766548298/analytics,coming from a man whos never served in the military,coming man who never served military,Negative
https://x.com/kenjitokenllc,https://pbs.twimg.com/profile_images/1970494283846234112/InBV_6b6_normal.jpg,KENJI TOKEN LLC,@kenjitokenllc,·,Mar 30,He can go to boot camp too if he likes.,225,2,,https://x.com/kenjitokenllc/status/2038345568741662774,https://x.com/kenjitokenllc/status/2038345568741662774/analytics,he can go to boot camp too if he likes,go boot camp like,Neutral
https://x.com/AedmarSkyjarn,https://pbs.twimg.com/profile_images/2013506459183497217/MHAq9iZz_normal.jpg,Aedmar Skýjárn,@AedmarSkyjarn,·,Mar 30,"""our"" 

Here's a hostile alien interloper demanding that White people die for Israel. 

Every single time.",1.1K,3,25,https://x.com/AedmarSkyjarn/status/2038453767868121326,https://x.com/AedmarSkyjarn/status/2038453767868121326/analytics,our heres a hostile alien interloper demanding that white people die for israel every single time,here hostile alien interloper demanding white people die israel every single time,Negative
https://x.com/AdamGSimon,https://pbs.twimg.com/profile_images/2025389193770242048/2RU3Gu5H_normal.jpg,Adam G. Simon,@AdamGSimon,·,Mar 30,Another idiot who doesn’t understand what it is like to serve in war or to send a lived one to war. Shut the fuck up Rob.,1.1K,12,,https://x.com/AdamGSimon/status/2038327359875469821,https://x.com/AdamGSimon/status/2038327359875469821/analytics,another idiot who doesnt understand what it is like to serve in war or to send a lived one to war shut the fuck up rob,another idiot doesnt understand like serve war send lived one war shut fuck rob,Neutral
https://x.com/wheatus,https://pbs.twimg.com/profile_images/1284188394554363904/30wSAlAe_normal.jpg,wheatus,@wheatus,·,Mar 30,He should go over there & fight then.,1.1K,1,24,https://x.com/wheatus/status/2038333507034812725,https://x.com/wheatus/status/2038333507034812725/analytics,he should go over there fight then,go fight,Neutral
https://x.com/_znk11,https://pbs.twimg.com/profile_images/1755069231824355328/GdIx4sU-_normal.jpg,Zach,@_znk11,·,Mar 30,nah fuck that send,2.6K,3,33,https://x.com/_znk11/status/2038294273658175544,https://x.com/_znk11/status/2038294273658175544/analytics,nah fuck that send,nah fuck send,Positive
https://x.com/HeresHoping21,https://pbs.twimg.com/profile_images/1599099784937218052/7xIhMJd6_normal.jpg,Happy Whynot,@HeresHoping21,·,Mar 30,This dude had never run for office or even been nominated for any award in his industry. He’s never been overseas with the U.S.O or as far as I know publicly supported veterans. So who is he again and why should we care?,2.1K,16,,https://x.com/HeresHoping21/status/2038305580926820430,https://x.com/HeresHoping21/status/2038305580926820430/analytics,this dude had never run for office or even been nominated for any award in his industry hes never been overseas with the __united_states__o or as far as i know publicly supported veterans so who is he again and why should we care,dude never run office even nominated award industry he never overseas united_stateso far know publicly supported veteran care,Neutral
https://x.com/typocatCAv2,https://pbs.twimg.com/profile_images/1883559562407751680/H2BC5080_normal.jpg,˶˃ News Reader Cat,@typocatCAv2,·,Mar 30,"Go away, Rob, you geeky SNL has-been. Your 15 minutes are long used up.",246,1,12,https://x.com/typocatCAv2/status/2038372011689545855,https://x.com/typocatCAv2/status/2038372011689545855/analytics,go away rob you geeky snl hasbeen your minutes are long used up,go away rob geeky snl hasbeen minute long used,Neutral
https://x.com/ShabanaMir1,https://pbs.twimg.com/profile_images/2009329892098277376/YM3a_iLU_normal.jpg,clay vessel,@ShabanaMir1,·,Mar 30,"we are ready to sacrifice you for the country -- of Israel.
Go fight",235,17,,https://x.com/ShabanaMir1/status/2038363843244560687,https://x.com/ShabanaMir1/status/2038363843244560687/analytics,we are ready to sacrifice you for the country of israel go fight,ready sacrifice country israel go fight,Neutral
https://x.com/mary53739812,https://pbs.twimg.com/profile_images/2029986644942573569/sPkn55Ja_normal.jpg,mary,@mary53739812,·,Mar 30,Did I miss when this chuckle fuck signed on the dotted line to serve our country.,76,7,,https://x.com/mary53739812/status/2038329107700711681,https://x.com/mary53739812/status/2038329107700711681/analytics,did i miss when this chuckle fuck signed on the dotted line to serve our country,miss chuckle fuck signed dotted line serve country,Neutral
https://x.com/punishedpants,https://pbs.twimg.com/profile_images/1833753752903327744/Y8S3TdQu_normal.jpg,hottiepants,@punishedpants,·,Mar 30,lol old Hollywood star calling for other people to die fuck this idiot,1.2K,1,3,https://x.com/punishedpants/status/2038323542547161156,https://x.com/punishedpants/status/2038323542547161156/analytics,lol old hollywood star calling for other people to die fuck this idiot,laugh loud old hollywood star calling people die fuck idiot,Positive
https://x.com/LouisvillesKev,https://pbs.twimg.com/profile_images/1835501428741132288/ZINeskQr_normal.jpg,Kevin Skaggs,@LouisvillesKev,·,Mar 30,My favorite thing amongst all this is people who know they don't have a possibility of getting drafted telling everyone they need to bring back the draft,309,1,8,https://x.com/LouisvillesKev/status/2038349501262438646,https://x.com/LouisvillesKev/status/2038349501262438646/analytics,my favorite thing amongst all this is people who know they dont have a possibility of getting drafted telling everyone they need to bring back the draft,favorite thing amongst people know dont possibility getting drafted telling everyone need bring back draft,Neutral
https://x.com/CatholicReviva,https://pbs.twimg.com/profile_images/1832488567739678720/29_J5oFG_normal.jpg,Calasandur,@CatholicReviva,·,Mar 30,Why didnt he join the gulf war then? He was still in the right age to serve in the army back then.,514,9,,https://x.com/CatholicReviva/status/2038369527340109969,https://x.com/CatholicReviva/status/2038369527340109969/analytics,why didnt he join the gulf war then he was still in the right age to serve in the army back then,didnt join gulf war still right age serve army back,Neutral
https://x.com/seastersjones,https://pbs.twimg.com/profile_images/1312806852938194944/VFnJcn7R_normal.jpg,seasters jones.,@seastersjones,·,Mar 30,Which resource war did he serve in?,221,10,,https://x.com/seastersjones/status/2038309621027442968,https://x.com/seastersjones/status/2038309621027442968/analytics,which resource war did he serve in,resource war serve,Neutral
https://x.com/TheNimrodPod,https://pbs.twimg.com/profile_images/1953137026959605762/hi84bleq_normal.jpg,The Nimrod Pod,@TheNimrodPod,·,Mar 30,Jewce Bigalow: Zionist Shill,1.2K,53,,https://x.com/TheNimrodPod/status/2038395664397160777,https://x.com/TheNimrodPod/status/2038395664397160777/analytics,jewce bigalow zionist shill,jewce bigalow zionist shill,Neutral
https://x.com/nancylevine,https://pbs.twimg.com/profile_images/1748134157505740800/KHQ_QDYA_normal.jpg,Nancy Levine Stearns,@nancylevine,·,Mar 30,Draft Barron Trump,282,2,7,https://x.com/nancylevine/status/2038339258591920239,https://x.com/nancylevine/status/2038339258591920239/analytics,draft barron trump,draft barron trump,Neutral
https://x.com/TimT74108,https://pbs.twimg.com/profile_images/1690113903152201730/osvt4dyx_normal.jpg,Tim Lacouture,@TimT74108,·,Mar 30,"I genuinely like Rob , but people advocating for a draft who aren’t eligible lack credibility.",151,3,,https://x.com/TimT74108/status/2038372686934499538,https://x.com/TimT74108/status/2038372686934499538/analytics,i genuinely like rob but people advocating for a draft who arent eligible lack credibility,genuinely like rob people advocating draft arent eligible lack credibility,Positive
https://x.com/katalin_pota,https://pbs.twimg.com/profile_images/1536946617198288896/3tYVCEEp_normal.jpg,Katalin Pota,@katalin_pota,·,Mar 30,He should volunteer to join the military to be deployed in Iran. Should show a good example.,225,2,22,https://x.com/katalin_pota/status/2038421719128437245,https://x.com/katalin_pota/status/2038421719128437245/analytics,he should volunteer to join the military to be deployed in iran should show a good example,volunteer join military deployed iran show good example,Positive
https://x.com/BankerWeimar,https://pbs.twimg.com/profile_images/2014805611192475649/KJxmOsD5_normal.jpg,Rabbi Weimar Silver Baron,@BankerWeimar,·,Mar 30,"Then he should enlist. The price of our freedoms isn’t fighting for Israel in Iran.

Don’t be retarded",940,1,63,https://x.com/BankerWeimar/status/2038408144108265656,https://x.com/BankerWeimar/status/2038408144108265656/analytics,then he should enlist the price of our freedoms isnt fighting for israel in iran dont be retarded,enlist price freedom isnt fighting israel iran dont retarded,Neutral
https://x.com/bigd_o_cycler,https://pbs.twimg.com/profile_images/2019440457164476417/BSRNrtgr_normal.jpg,ًbadhombreBIGD,@bigd_o_cycler,·,Mar 30,Complete and total divorced dad take… he ready to sacrifice all the kids now that he’s alone and miserable lol,2.8K,8,,https://x.com/bigd_o_cycler/status/2038299795920654662,https://x.com/bigd_o_cycler/status/2038299795920654662/analytics,complete and total divorced dad take he ready to sacrifice all the kids now that hes alone and miserable lol,complete total divorced dad take ready sacrifice kid he alone miserable laugh loud,Negative
https://x.com/StJarellFD,https://pbs.twimg.com/profile_images/1877248573923811329/tg5LxNLn_normal.jpg,Jarell,@StJarellFD,·,Mar 30,Person who never served demanding children and people younger than him get forced into military service.,4.4K,1,51,https://x.com/StJarellFD/status/2038294701929832722,https://x.com/StJarellFD/status/2038294701929832722/analytics,person who never served demanding children and people younger than him get forced into military service,person never served demanding child people younger get forced military service,Negative
https://x.com/oliver_drk,https://pbs.twimg.com/profile_images/892949734100410373/FPjMP_gA_normal.jpg,Oliver Darko,@oliver_drk,·,Mar 30,Ironically Rob Schneider never served in the US military (First Gulf War).,915,21,,https://x.com/oliver_drk/status/2038295798597746984,https://x.com/oliver_drk/status/2038295798597746984/analytics,ironically rob schneider never served in the __united_states__ military first gulf war,ironically rob schneider never served united_states military first gulf war,Negative
https://x.com/dawsferatu,https://pbs.twimg.com/profile_images/1611124643871481857/isC5VNBD_normal.jpg,𝕯𝖆𝖜𝖘𝖋𝖊𝖗𝖆𝖙𝖚,@dawsferatu,·,Mar 30,"I better see you with a gun in your hand, Rob",57,4,,https://x.com/dawsferatu/status/2038380465720050001,https://x.com/dawsferatu/status/2038380465720050001/analytics,i better see you with a gun in your hand rob,better see gun hand rob,Positive
https://x.com/Marston1889,https://pbs.twimg.com/profile_images/1974228618600394752/dPNt6AiD_normal.jpg,John Marston,@Marston1889,·,Mar 30,Someone point Schneider towards the frontline and send him off.,213,12,,https://x.com/Marston1889/status/2038325933463961695,https://x.com/Marston1889/status/2038325933463961695/analytics,someone point schneider towards the frontline and send him off,someone point schneider towards frontline send,Neutral
https://x.com/AdamGoldsack,https://pbs.twimg.com/profile_images/1927269818446594049/b930aoLn_normal.jpg,Adam Goldsack,@AdamGoldsack,·,Mar 30,Sounds like he should be first to enlist.,249,13,,https://x.com/AdamGoldsack/status/2038335070734332265,https://x.com/AdamGoldsack/status/2038335070734332265/analytics,sounds like he should be first to enlist,sound like first enlist,Neutral
https://x.com/LThanhHao232,https://pbs.twimg.com/profile_images/1611774147448934401/bA9erG41_normal.jpg,Lê Thanh Hảo,@LThanhHao232,·,Mar 30,People who in favor of the draft should send themself and their children in first,66,2,,https://x.com/LThanhHao232/status/2038572608657224066,https://x.com/LThanhHao232/status/2038572608657224066/analytics,people who in favor of the draft should send themself and their children in first,people favor draft send themself child first,Positive
https://x.com/gaijingirl2004,https://pbs.twimg.com/profile_images/962052841643716611/efxT1aJx_normal.jpg,gaijingirl2004 Bronx Leftist/Green.,@gaijingirl2004,·,12h,Nah. Let's just draft,33,1,3,https://x.com/gaijingirl2004/status/2038830861294936123,https://x.com/gaijingirl2004/status/2038830861294936123/analytics,nah lets just draft,nah let draft,Neutral
https://x.com/HeismanDev,https://pbs.twimg.com/profile_images/2023115355061919744/0ZdrCHa5_normal.jpg,,@HeismanDev,·,Mar 30,Draft me and I’m joining Iran,277,3,,https://x.com/HeismanDev/status/2038326250398179688,https://x.com/HeismanDev/status/2038326250398179688/analytics,draft me and im joining iran,draft im joining iran,Neutral
https://x.com/king_of_bob,https://pbs.twimg.com/profile_images/1180858697557463041/_Tqw7VT2_normal.jpg,Dylan Miles,@king_of_bob,·,Mar 30,How many years was Rob in the military?,139,5,,https://x.com/king_of_bob/status/2038333200670359872,https://x.com/king_of_bob/status/2038333200670359872/analytics,how many years was rob in the military,many year rob military,Negative
https://x.com/phortuenti,https://pbs.twimg.com/profile_images/1913448877409316864/1RVA8fuA_normal.jpg,breⒶd,@phortuenti,·,Mar 30,"Oh my god hes doing the ""freedom isn't free"" War on Terror rhetoric. He's welcome to enlist if he feels that strongly about it.",1.3K,3,26,https://x.com/phortuenti/status/2038357606901928122,https://x.com/phortuenti/status/2038357606901928122/analytics,oh my god hes doing the freedom isnt free war on terror rhetoric hes welcome to enlist if he feels that strongly about it,oh god he freedom isnt free war terror rhetoric he welcome enlist feel strongly,Positive
https://x.com/PureHavoc2025,https://pbs.twimg.com/profile_images/1793293081627774978/TOtGMoV1_normal.jpg,Havoc & Harmony,@PureHavoc2025,·,Mar 30,You're in no position to lecture the public about anything. You know nothing about the real world. A fuck all comedian since 15 FFS. FUCK ROB SCHNEIDER!,1K,4,,https://x.com/PureHavoc2025/status/2038361164371890350,https://x.com/PureHavoc2025/status/2038361164371890350/analytics,youre in no position to lecture the public about anything you know nothing about the real world a fuck all comedian since ffs fuck rob schneider,youre position lecture public anything know nothing real world fuck comedian since ffs fuck rob schneider,Neutral
https://x.com/socalledcharlie,https://pbs.twimg.com/profile_images/1923159323590512640/_s2he_7v_normal.jpg,SoCharlie,@socalledcharlie,·,Mar 30,Can’t wait for Robbie to enlist asap!!,677,25,,https://x.com/socalledcharlie/status/2038367742768693261,https://x.com/socalledcharlie/status/2038367742768693261/analytics,cant wait for robbie to enlist asap,cant wait robbie enlist soon possible,Positive
https://x.com/dadummiest,https://pbs.twimg.com/profile_images/1700705371466178560/k4OpTlxI_normal.jpg,GB,@dadummiest,·,Mar 30,"my DAUGHTER isn’t going so F**K OFF, dummy.",143,3,,https://x.com/dadummiest/status/2038318862320517486,https://x.com/dadummiest/status/2038318862320517486/analytics,my daughter isnt going so fk off dummy,daughter isnt going fk dummy,Neutral
https://x.com/TinCanDan,https://pbs.twimg.com/profile_images/1741348449788870657/DtVsqc7G_normal.jpg,Tin Can Dan,@TinCanDan,·,Mar 30,Variety reporting on Rob Schneider’s thoughts on a national draft but NOT the fact that a major oil spill occurs every time a Rob Schneider movie is released in theaters,1.4K,1,7,https://x.com/TinCanDan/status/2038298282552655937,https://x.com/TinCanDan/status/2038298282552655937/analytics,variety reporting on rob schneiders thoughts on a national draft but not the fact that a major oil spill occurs every time a rob schneider movie is released in theaters,variety reporting rob schneiders thought national draft fact major oil spill occurs every time rob schneider movie released theater,Neutral
https://x.com/patye91,https://pbs.twimg.com/profile_images/2009167893498331136/TyGvpUR3_normal.jpg,suzanne patricia lik,@patye91,·,Mar 30,Interesting take from a 62-year-old who never served a single day in uniform. It's always easier to volunteer other people's kids.,2.3K,18,,https://x.com/patye91/status/2038295106684403793,https://x.com/patye91/status/2038295106684403793/analytics,interesting take from a yearold who never served a single day in uniform its always easier to volunteer other peoples kids,interesting take yearold never served single day uniform always easier volunteer people kid,Neutral
https://x.com/AnishDLS1,https://pbs.twimg.com/profile_images/2036614566637928448/yIL3GNJy_normal.jpg,DLS1,@AnishDLS1,·,Mar 30,"If he wants to go die for Israel, let him.",2K,5,,https://x.com/AnishDLS1/status/2038300451792122244,https://x.com/AnishDLS1/status/2038300451792122244/analytics,if he wants to go die for israel let him,want go die israel let,Negative
https://x.com/IWillNotCompl14,https://pbs.twimg.com/profile_images/1519793895994974213/2Q8Z5UnS_normal.jpg,I Will Not Comply,@IWillNotCompl14,·,Mar 30,Well fuck him then. My kids will not fight in this Hollywood war and thats a promise.,118,4,,https://x.com/IWillNotCompl14/status/2038344774256673103,https://x.com/IWillNotCompl14/status/2038344774256673103/analytics,well fuck him then my kids will not fight in this hollywood war and thats a promise,well fuck kid fight hollywood war thats promise,Positive
https://x.com/FelipeInforma_,https://pbs.twimg.com/profile_images/2023129670590631936/47OrjjJA_normal.jpg,O Informante,@FelipeInforma_,·,Mar 30,"Unparalleled freedoms require unparalleled commitment. If the cost of protecting the American way of life means stepping up in times of war, then a strong military foundation is exactly what preserves those liberties for the future.",2.7K,1,,https://x.com/FelipeInforma_/status/2038294439253180917,https://x.com/FelipeInforma_/status/2038294439253180917/analytics,unparalleled freedoms require unparalleled commitment if the cost of protecting the american way of life means stepping up in times of war then a strong military foundation is exactly what preserves those liberties for the future,unparalleled freedom require unparalleled commitment cost protecting american way life mean stepping time war strong military foundation exactly preserve liberty future,Positive
https://x.com/RaisedbyMAGA,https://pbs.twimg.com/profile_images/2009405002863804416/Wh0wvQ6__normal.jpg,RaisedbyMAGA,@RaisedbyMAGA,·,Mar 30,turns out the gadsden flag had a terms and conditions page you all missed lol,11K,1,31,https://x.com/RaisedbyMAGA/status/2038322533879996515,https://x.com/RaisedbyMAGA/status/2038322533879996515/analytics,turns out the gadsden flag had a terms and conditions page you all missed lol,turn gadsden flag term condition page missed laugh loud,Negative
https://x.com/madmurdock88,https://pbs.twimg.com/profile_images/2033940822542991362/tZ7RieTP_normal.jpg,The Last Free American,@madmurdock88,·,Mar 30,"Send every illegal and maga first.
Do the rest of us a favor.",167,2,,https://x.com/madmurdock88/status/2038360480616775810,https://x.com/madmurdock88/status/2038360480616775810/analytics,send every illegal and maga first do the rest of us a favor,send every illegal maga first rest u favor,Neutral
https://x.com/TheMikeTrainor,https://pbs.twimg.com/profile_images/1661511062187921409/tLziE-45_normal.jpg,Mike Trainor,@TheMikeTrainor,·,Mar 30,FYI Variety you are not required to write an article every time this guy says something,717,10,,https://x.com/TheMikeTrainor/status/2038316675859202419,https://x.com/TheMikeTrainor/status/2038316675859202419/analytics,fyi variety you are not required to write an article every time this guy says something,information variety required write article every time guy say something,Neutral
https://x.com/socalcarpenter,https://pbs.twimg.com/profile_images/1317070313209802758/hbIlVT24_normal.jpg,Socalunioncarp #714,@socalcarpenter,·,Mar 30,"Depot this cocksucker to Israel!!!

How about we draft Israel 18 year olds 

We fund THIER whole fucking piece of shit country!!!!",5.7K,5,2,https://x.com/socalcarpenter/status/2038350295055614126,https://x.com/socalcarpenter/status/2038350295055614126/analytics,depot this cocksucker to israel how about we draft israel year olds we fund thier whole fucking piece of shit country,depot cocksucker israel draft israel year old fund thier whole fucking piece shit country,Neutral
https://x.com/ScoDucksJWM,https://pbs.twimg.com/profile_images/1964067550649864195/e5DfE56Z_normal.png,Jason,@ScoDucksJWM,·,Mar 30,I agree with Rob and I will even go a step further. Mr. Schneider should be the first soldier sent to Iran to fight in a war that he previously stated should not happen. Give him an AR-15 and his note book of shitty jokes and let him cook.,2.8K,3,8,https://x.com/ScoDucksJWM/status/2038396267626447349,https://x.com/ScoDucksJWM/status/2038396267626447349/analytics,i agree with rob and i will even go a step further mr schneider should be the first soldier sent to iran to fight in a war that he previously stated should not happen give him an ar and his note book of shitty jokes and let him cook,agree rob even go step mr schneider first soldier sent iran fight war previously stated happen give ar note book shitty joke let cook,Neutral
https://x.com/ShieldsClips,https://pbs.twimg.com/profile_images/2006355363403313152/bGRClkEw_normal.jpg,Fight Back Podcast,@ShieldsClips,·,Mar 30,jew btw,6.1K,9,33,https://x.com/ShieldsClips/status/2038357568314364083,https://x.com/ShieldsClips/status/2038357568314364083/analytics,jew btw,jew btw,Neutral
https://x.com/GoUncensored,https://pbs.twimg.com/profile_images/1951360326848434176/fExwjkgZ_normal.jpg,Uncensored.AI,@GoUncensored,·,Mar 30,Rat Jew,4.2K,1,17,https://x.com/GoUncensored/status/2038346500279857174,https://x.com/GoUncensored/status/2038346500279857174/analytics,rat jew,rat jew,Neutral
https://x.com/dotsamarai,https://pbs.twimg.com/profile_images/1487551581692194816/VL02eyZy_normal.jpg,InSearchOfSun,@dotsamarai,·,12h,Its fucking all of them isn't it...,9,,,https://x.com/dotsamarai/status/2038828788948344841,https://x.com/dotsamarai/status/2038828788948344841/analytics,its fucking all of them isnt it,fucking isnt,Positive
https://x.com/airtyler_dad,https://pbs.twimg.com/profile_images/1570769217586094080/fmh1Ql4U_normal.jpg,mike eads,@airtyler_dad,·,20h,You gonna pay him using Singapore dollars?,9,,,https://x.com/airtyler_dad/status/2038704592662237341,https://x.com/airtyler_dad/status/2038704592662237341/analytics,you gonna pay him using singapore dollars,gonna pay using singapore dollar,Neutral
https://x.com/spartan007esco,https://pbs.twimg.com/profile_images/1854701740387381252/b7d4ev-k_normal.jpg,Boggy,@spartan007esco,·,17h,He is on epstein file!,7,,,https://x.com/spartan007esco/status/2038748009639362739,https://x.com/spartan007esco/status/2038748009639362739/analytics,he is on epstein file,epstein file,Neutral
https://x.com/Huelingo1,https://pbs.twimg.com/profile_images/2015233555849224192/-BTxPjJO_normal.jpg,Hue Lingo,@Huelingo1,·,Mar 30,Awful.,26,1,,https://x.com/Huelingo1/status/2038371694650204459,https://x.com/Huelingo1/status/2038371694650204459/analytics,awful,awful,Neutral
https://x.com/Cheddarstyle,https://pbs.twimg.com/profile_images/1195782723538784256/ul4k6Xbs_normal.jpg,Cheddarstyle,@Cheddarstyle,·,11h,Send his old ass then!,7,,,https://x.com/Cheddarstyle/status/2038845725094945131,https://x.com/Cheddarstyle/status/2038845725094945131/analytics,send his old ass then,send old as,Positive
https://x.com/ddp442,https://pbs.twimg.com/profile_images/1685443723688038400/jahcy8JJ_normal.jpg,Dave P,@ddp442,·,Mar 30,Rob Schneider should STFU is is and never was relevant.,44,1,,https://x.com/ddp442/status/2038365288295493910,https://x.com/ddp442/status/2038365288295493910/analytics,rob schneider should stfu is is and never was relevant,rob schneider stfu never relevant,Negative
https://x.com/henryvoice,https://pbs.twimg.com/profile_images/2030196929729085440/PaIkx8JH_normal.jpg,Henry,@henryvoice,·,8h,"Rob, stfu",9,,,https://x.com/henryvoice/status/2038880542968492252,https://x.com/henryvoice/status/2038880542968492252/analytics,rob stfu,rob stfu,Neutral
https://x.com/LincolnFnLoud,https://pbs.twimg.com/profile_images/1919435840453017601/RP9WW7Vl_normal.jpg,Ollie Quinn,@LincolnFnLoud,·,Mar 30,Yea…. Fuck that jew,71,2,13,https://x.com/LincolnFnLoud/status/2038345111210471687,https://x.com/LincolnFnLoud/status/2038345111210471687/analytics,yea fuck that jew,yea fuck jew,Neutral
https://x.com/sheikahmedameen,https://pbs.twimg.com/profile_images/1930387727305887744/ZA1lBMoD_normal.jpg,AHMED,@sheikahmedameen,·,Mar 30,I KNOW this LESBIAN isn't talking right?,134,2,,https://x.com/sheikahmedameen/status/2038327156569244004,https://x.com/sheikahmedameen/status/2038327156569244004/analytics,i know this lesbian isnt talking right,know lesbian isnt talking right,Neutral
https://x.com/JohnnyGuido13,https://pbs.twimg.com/profile_images/2010266804229115904/_HVR-fsD_normal.jpg,Little Cesar,@JohnnyGuido13,·,Mar 30,His takes are even shittier than his movies.,92,1,6,https://x.com/JohnnyGuido13/status/2038354940607791176,https://x.com/JohnnyGuido13/status/2038354940607791176/analytics,his takes are even shittier than his movies,take even shittier movie,Neutral
https://x.com/oscilloscoping,https://pbs.twimg.com/profile_images/1913880286787670016/7ib38kyi_normal.jpg,Oscilloscoping,@oscilloscoping,·,Mar 30,Hey Rob you first buddy,11,1,,https://x.com/oscilloscoping/status/2038408187393835359,https://x.com/oscilloscoping/status/2038408187393835359/analytics,hey rob you first buddy,hey rob first buddy,Negative
https://x.com/subjectiveviews,https://pbs.twimg.com/profile_images/1802088181426233344/ZyhrVkVG_normal.jpg,Subjective Views,@subjectiveviews,·,Mar 30,Anus licker,887,1,7,https://x.com/subjectiveviews/status/2038400352072958425,https://x.com/subjectiveviews/status/2038400352072958425/analytics,anus licker,anus licker,Neutral
https://x.com/LadyV_LI,https://pbs.twimg.com/profile_images/997879753121189889/9fy-KGOD_normal.jpg,IG: Ladyv_li730,@LadyV_LI,·,20h,Zionist,11,,,https://x.com/LadyV_LI/status/2038696708138238063,https://x.com/LadyV_LI/status/2038696708138238063/analytics,zionist,zionist,Neutral
https://x.com/ScarPimpernel33,https://pbs.twimg.com/profile_images/2035785977122488320/7ZA1FC7R_normal.jpg,Theo Rhetoric Lee,@ScarPimpernel33,·,Mar 30,Rob needs to be deported to Israel.,28,2,,https://x.com/ScarPimpernel33/status/2038353162848124975,https://x.com/ScarPimpernel33/status/2038353162848124975/analytics,rob needs to be deported to israel,rob need deported israel,Neutral
https://x.com/patriotpirate57,https://pbs.twimg.com/profile_images/1969137160969220096/B5EMFhy__normal.jpg,The Patriotic Pirate,@patriotpirate57,·,Mar 30,Dirty jews always have others do their dirty work.,26,1,,https://x.com/patriotpirate57/status/2038358384202678595,https://x.com/patriotpirate57/status/2038358384202678595/analytics,dirty jews always have others do their dirty work,dirty jew always others dirty work,Negative
https://x.com/BrineDriller,https://pbs.twimg.com/profile_images/1870676529010597888/FuOB2B3Q_normal.jpg,Gray Blissitt,@BrineDriller,·,21h,Ben there done there that at a hell of a cost,11,,,https://x.com/BrineDriller/status/2038683683775774895,https://x.com/BrineDriller/status/2038683683775774895/analytics,ben there done there that at a hell of a cost,ben done hell cost,Negative
https://x.com/GamemasterYado,https://pbs.twimg.com/profile_images/2020225515676651521/ARS308kt_normal.jpg,Matt,@GamemasterYado,·,Mar 30,"How about this: we restore the draft but while it’s active, all individuals of draft age are exempt from paying taxes. That’d do wonders for the Social Security and Medicare of the people who are always calling for the draft to come back…

(To be clear I don’t actually want",936,3,,https://x.com/GamemasterYado/status/2038295078003753292,https://x.com/GamemasterYado/status/2038295078003753292/analytics,how about this we restore the draft but while its active all individuals of draft age are exempt from paying taxes thatd do wonders for the social security and medicare of the people who are always calling for the draft to come back to be clear i dont actually want,restore draft active individual draft age exempt paying tax thatd wonder social security medicare people always calling draft come back clear dont actually want,Positive
https://x.com/TheMegaMan724,https://pbs.twimg.com/profile_images/938154216132108290/eVDbPM46_normal.jpg,MegaMan,@TheMegaMan724,·,Mar 30,“Send the young Christian boys to their death”,27,1,,https://x.com/TheMegaMan724/status/2038356487094100248,https://x.com/TheMegaMan724/status/2038356487094100248/analytics,send the young christian boys to their death,send young christian boy death,Positive
https://x.com/cartierfamilyZ,https://pbs.twimg.com/profile_images/1485326391574937603/P24DUI2z_normal.jpg,CartierFamily,@cartierfamilyZ,·,Mar 30,Fuck no dude,1.4K,4,81,https://x.com/cartierfamilyZ/status/2038323563069886637,https://x.com/cartierfamilyZ/status/2038323563069886637/analytics,fuck no dude,fuck dude,Neutral
https://x.com/artbyOBSY,https://pbs.twimg.com/profile_images/1815841430843080706/j1oQwL2K_normal.jpg,OBSY,@artbyOBSY,·,18h,TF i do?,26,,,https://x.com/artbyOBSY/status/2038737781359366227,https://x.com/artbyOBSY/status/2038737781359366227/analytics,tf i do,tf,Neutral
https://x.com/NBAPropaganda_,https://pbs.twimg.com/profile_images/1963970873842368512/8dR9WG_G_normal.jpg,Sports Stats & Propaganda,@NBAPropaganda_,·,Mar 30,Shut the fuck up man. Send your kids first then,40,3,,https://x.com/NBAPropaganda_/status/2038329099186225325,https://x.com/NBAPropaganda_/status/2038329099186225325/analytics,shut the fuck up man send your kids first then,shut fuck man send kid first,Negative
https://x.com/TBLV23,https://pbs.twimg.com/profile_images/2026499958854266880/X4Ie4LNL_normal.jpg,LVCUBS23,@TBLV23,·,Mar 30,This guy is an ass clown,8,1,,https://x.com/TBLV23/status/2038411378969739500,https://x.com/TBLV23/status/2038411378969739500/analytics,this guy is an ass clown,guy as clown,Negative
https://x.com/JCHERIAT,https://pbs.twimg.com/profile_images/463699984886411264/DXr95U88_normal.png,jacob,@JCHERIAT,·,Mar 30,Let the politicians kids go first,21,2,,https://x.com/JCHERIAT/status/2038379757818057140,https://x.com/JCHERIAT/status/2038379757818057140/analytics,let the politicians kids go first,let politician kid go first,Neutral
https://x.com/Use2LeanLeft,https://pbs.twimg.com/profile_images/1632181928303689734/E6d2lghR_normal.jpg,Xcessive,@Use2LeanLeft,·,Mar 30,Let's take a wild guess...Rob Schneider is Jewish.,53,4,,https://x.com/Use2LeanLeft/status/2038327135807664530,https://x.com/Use2LeanLeft/status/2038327135807664530/analytics,lets take a wild guessrob schneider is jewish,let take wild guessrob schneider jewish,Neutral
https://x.com/Alex_Jones_2028,https://pbs.twimg.com/profile_images/1886246965609996288/8gmapVLr_normal.jpg,Ro Jo,@Alex_Jones_2028,·,Mar 30,five foot tall Hollywood Jew says what?,32,5,,https://x.com/Alex_Jones_2028/status/2038330866598924435,https://x.com/Alex_Jones_2028/status/2038330866598924435/analytics,five foot tall hollywood jew says what,five foot tall hollywood jew say,Neutral
https://x.com/mayaWSB80,https://pbs.twimg.com/profile_images/1987710899474571264/j4kR7UvI_normal.jpg,mayaWSB80,@mayaWSB80,·,Mar 30,What a pinoy,15,1,,https://x.com/mayaWSB80/status/2038455555241787533,https://x.com/mayaWSB80/status/2038455555241787533/analytics,what a pinoy,pinoy,Neutral
https://x.com/DVMsil3nt,https://pbs.twimg.com/profile_images/2025742941130829824/3-urc0WP_normal.jpg,Silent Good Sir,@DVMsil3nt,·,Mar 30,Fucking Jews,53,1,1,https://x.com/DVMsil3nt/status/2038398470156099935,https://x.com/DVMsil3nt/status/2038398470156099935/analytics,fucking jews,fucking jew,Positive
https://x.com/lucaslthomasgq,https://pbs.twimg.com/profile_images/1750141606114533376/3voHtEWm_normal.jpg,lucas thomas,@lucaslthomasgq,·,Mar 30,Another Jew ready to feed Americans to the slaughter,21,1,,https://x.com/lucaslthomasgq/status/2038377789351481346,https://x.com/lucaslthomasgq/status/2038377789351481346/analytics,another jew ready to feed americans to the slaughter,another jew ready feed american slaughter,Neutral
https://x.com/PlastiqSoldier,https://pbs.twimg.com/profile_images/2031901075549155328/qxFZrD9E_normal.jpg,Plastic Soldier,@PlastiqSoldier,·,Mar 30,What a stupid thing to say.,53,3,,https://x.com/PlastiqSoldier/status/2038330706980479110,https://x.com/PlastiqSoldier/status/2038330706980479110/analytics,what a stupid thing to say,stupid thing say,Negative
https://x.com/PrimeSymbol,https://pbs.twimg.com/profile_images/2013222940020523008/QMHUFhok_normal.jpg,TheWanderer,@PrimeSymbol,·,21h,Fek off Rob.  The goy are waking up to the game,14,,,https://x.com/PrimeSymbol/status/2038681383564918906,https://x.com/PrimeSymbol/status/2038681383564918906/analytics,fek off rob the goy are waking up to the game,fek rob goy waking game,Neutral
https://x.com/96f20P_JRoToole,https://pbs.twimg.com/profile_images/1934513337439797249/1SrORvnp_normal.jpg,"Jameson O'Toole, Irish King",@96f20P_JRoToole,·,Mar 30,Actors are paid spokespeople for the System,10,1,,https://x.com/96f20P_JRoToole/status/2038435403032858931,https://x.com/96f20P_JRoToole/status/2038435403032858931/analytics,actors are paid spokespeople for the system,actor paid spokespeople system,Neutral
https://x.com/conspiracynews_,https://pbs.twimg.com/profile_images/1815714013084610560/0bBxccDL_normal.jpg,Conspiracy News,@conspiracynews_,·,Mar 30,"Oh please, this bum knows nothing.",36,1,,https://x.com/conspiracynews_/status/2038407717229084964,https://x.com/conspiracynews_/status/2038407717229084964/analytics,oh please this bum knows nothing,oh please bum know nothing,Neutral
https://x.com/Kydwykkyd101,https://pbs.twimg.com/profile_images/1976507154803687424/xndqb3k8_normal.jpg,Mr. A,@Kydwykkyd101,·,Mar 30,Fuck off you son of a bitch,108,1,4,https://x.com/Kydwykkyd101/status/2038319140356690144,https://x.com/Kydwykkyd101/status/2038319140356690144/analytics,fuck off you son of a bitch,fuck son bitch,Negative
https://x.com/GaryBut28626677,https://pbs.twimg.com/profile_images/1286102635200774147/Ruk3HCHY_normal.jpg,Petard,@GaryBut28626677,·,Mar 30,Why don't you enlist?,102,1,2,https://x.com/GaryBut28626677/status/2038332077439898086,https://x.com/GaryBut28626677/status/2038332077439898086/analytics,why dont you enlist,dont enlist,Neutral
https://x.com/paddycollects,https://pbs.twimg.com/profile_images/2017022750888472576/ytw35aly_normal.jpg,Paddy,@paddycollects,·,Mar 30,A wealthy Zionist wants Americans to be maimed and killed for Israel. Shocking.,62,2,,https://x.com/paddycollects/status/2038379144900129001,https://x.com/paddycollects/status/2038379144900129001/analytics,a wealthy zionist wants americans to be maimed and killed for israel shocking,wealthy zionist want american maimed killed israel shocking,Negative
https://x.com/TrueCrimeKeith,https://pbs.twimg.com/profile_images/2034685853876785153/xpM5Ua3M_normal.jpg,"Keef (PhD, J.D., PCI, CPCI Psy.D., Forklift)",@TrueCrimeKeith,·,Mar 30,He just wants to send his no contact children to die,80,3,,https://x.com/TrueCrimeKeith/status/2038338580464935277,https://x.com/TrueCrimeKeith/status/2038338580464935277/analytics,he just wants to send his no contact children to die,want send contact child die,Positive
https://x.com/nissanhondakeef,https://pbs.twimg.com/profile_images/1998097176287670273/hUwWNydT_normal.jpg,Keith Smith,@nissanhondakeef,·,Mar 30,Why didn’t you,50,1,3,https://x.com/nissanhondakeef/status/2038380447219036639,https://x.com/nissanhondakeef/status/2038380447219036639/analytics,why didnt you,didnt,Neutral
https://x.com/Nuecents37,https://pbs.twimg.com/profile_images/2009842745637240832/7Bj1dcuU_normal.jpg,Nue aka the Nuecents,@Nuecents37,·,Mar 30,"When you grow up, you realize",154,2,9,https://x.com/Nuecents37/status/2038332895409127609,https://x.com/Nuecents37/status/2038332895409127609/analytics,when you grow up you realize,grow realize,Positive
https://x.com/CheeseheadBrian,https://pbs.twimg.com/profile_images/1579124764857307136/Xegs9_h4_normal.jpg,Brian in WI,@CheeseheadBrian,·,Mar 30,"""Billy got his beer goggles on""",249,15,,https://x.com/CheeseheadBrian/status/2038329429324116141,https://x.com/CheeseheadBrian/status/2038329429324116141/analytics,billy got his beer goggles on,billy got beer goggles,Neutral
https://x.com/joedirt501,https://pbs.twimg.com/profile_images/1275276949821075457/T5gciByl_normal.jpg,joedirt5,@joedirt501,·,Mar 30,Kick him out,282,50,,https://x.com/joedirt501/status/2038375029503914347,https://x.com/joedirt501/status/2038375029503914347/analytics,kick him out,kick,Neutral
https://x.com/1776coldbeers,https://pbs.twimg.com/profile_images/1946442454221156352/69DZUIJn_normal.jpg,Hoagie,@1776coldbeers,·,Mar 30,Send all the chews first.,30,2,,https://x.com/1776coldbeers/status/2038426892613632067,https://x.com/1776coldbeers/status/2038426892613632067/analytics,send all the chews first,send chew first,Neutral
https://x.com/nick130218,https://pbs.twimg.com/profile_images/2032429553210081281/7tSgNvDf_normal.jpg,nick,@nick130218,·,Mar 30,hes getting drafted thats all I know and I didnt read this,35,1,,https://x.com/nick130218/status/2038333041966194993,https://x.com/nick130218/status/2038333041966194993/analytics,hes getting drafted thats all i know and i didnt read this,he getting drafted thats know didnt read,Neutral
https://x.com/mattzthatsme,https://pbs.twimg.com/profile_images/1954011818596139008/oX---n5h_normal.jpg,mattzthatsme,@mattzthatsme,·,Mar 30,"Literally no one cares… 
Sincerely,
Earth",82,3,,https://x.com/mattzthatsme/status/2038294819496189979,https://x.com/mattzthatsme/status/2038294819496189979/analytics,literally no one cares sincerely earth,literally one care sincerely earth,Neutral
https://x.com/supremeMilo,https://pbs.twimg.com/profile_images/1934045686347051008/XayB0SW4_normal.jpg,supremeMilo,@supremeMilo,·,Mar 30,What hoping for a different story and a black and white pic.,73,6,,https://x.com/supremeMilo/status/2038330347713167548,https://x.com/supremeMilo/status/2038330347713167548/analytics,what hoping for a different story and a black and white pic,hoping different story black white pic,Neutral
https://x.com/AlexanderVancel,https://pbs.twimg.com/profile_images/1762279209752236032/r9c6w0Z2_normal.jpg,Alexander Vancel,@AlexanderVancel,·,22h,What a douchebag,8,1,,https://x.com/AlexanderVancel/status/2038671811458564466,https://x.com/AlexanderVancel/status/2038671811458564466/analytics,what a douchebag,douchebag,Neutral
https://x.com/Natty_Hitler,https://pbs.twimg.com/profile_images/1909889195281178624/N2L4KXPe_normal.jpg,Steroid Hitler,@Natty_Hitler,·,Mar 30,Schneider is jewish.,64,13,,https://x.com/Natty_Hitler/status/2038328871049626045,https://x.com/Natty_Hitler/status/2038328871049626045/analytics,schneider is jewish,schneider jewish,Neutral
https://x.com/queenbeanyonce,https://pbs.twimg.com/profile_images/1995932890677366784/FfiODRsI_normal.jpg,Beanyoncé,@queenbeanyonce,·,Mar 30,Jew,30,4,,https://x.com/queenbeanyonce/status/2038363908071694527,https://x.com/queenbeanyonce/status/2038363908071694527/analytics,jew,jew,Neutral
https://x.com/chrisj_greene,https://pbs.twimg.com/profile_images/2035800233154846720/JcDl7RN9_normal.jpg,ChrisJ_Greene,@chrisj_greene,·,Mar 30,Since He never served. He should enlist,47,3,,https://x.com/chrisj_greene/status/2038341336030409036,https://x.com/chrisj_greene/status/2038341336030409036/analytics,since he never served he should enlist,since never served enlist,Negative
https://x.com/dooglives,https://pbs.twimg.com/profile_images/1344126908208979969/RFtm1N1K_normal.jpg,#FreePalestine,@dooglives,·,Mar 30,Another chickenhawk Zionist Nazi demanding Americans sacrifice themselves for Israel. Fuck him.,40,5,,https://x.com/dooglives/status/2038311975822758045,https://x.com/dooglives/status/2038311975822758045/analytics,another chickenhawk zionist nazi demanding americans sacrifice themselves for israel fuck him,another chickenhawk zionist nazi demanding american sacrifice israel fuck,Neutral
https://x.com/PalmerDesigns_,https://pbs.twimg.com/profile_images/2011258780009287680/bcbux4mc_normal.jpg,Shawn,@PalmerDesigns_,·,Mar 30,Have fun in Iran Rob!,227,13,,https://x.com/PalmerDesigns_/status/2038333522079867049,https://x.com/PalmerDesigns_/status/2038333522079867049/analytics,have fun in iran rob,fun iran rob,Positive
https://x.com/DeannaIndiana,https://pbs.twimg.com/profile_images/1917249219452104705/5Pd-e6NR_normal.jpg,Deanna,@DeannaIndiana,·,14h,Fuck this Deuce.,7,,,https://x.com/DeannaIndiana/status/2038793451664220369,https://x.com/DeannaIndiana/status/2038793451664220369/analytics,fuck this deuce,fuck deuce,Neutral
https://x.com/ContextLab_,https://pbs.twimg.com/profile_images/2008283656624713728/FaOvuCP2_normal.jpg,Context Lab,@ContextLab_,·,Mar 30,"Every single time, this time the pillipino hybrid",70,10,,https://x.com/ContextLab_/status/2038360053921501328,https://x.com/ContextLab_/status/2038360053921501328/analytics,every single time this time the pillipino hybrid,every single time time pillipino hybrid,Neutral
https://x.com/rob_keyes,https://pbs.twimg.com/profile_images/1590365871435825152/UmNrP-CY_normal.jpg,Rob Keyes,@rob_keyes,·,Mar 30,Dumbass says dumb thing. Move on.,438,18,,https://x.com/rob_keyes/status/2038326560185344090,https://x.com/rob_keyes/status/2038326560185344090/analytics,dumbass says dumb thing move on,dumbass say dumb thing move,Negative
https://x.com/RobinEnochs,https://pbs.twimg.com/profile_images/1763331314382667776/kHtZJL34_normal.jpg,Robin Enochs,@RobinEnochs,·,22h,No thank you,15,1,,https://x.com/RobinEnochs/status/2038670121808351585,https://x.com/RobinEnochs/status/2038670121808351585/analytics,no thank you,thank,Neutral
https://x.com/connorfabiano,https://pbs.twimg.com/profile_images/1903326948581081088/nZRW4Sgk_normal.jpg,Connor Fabiano,@connorfabiano,·,Mar 30,Deport Rob Schneider to Israel,124,1,16,https://x.com/connorfabiano/status/2038336655850144121,https://x.com/connorfabiano/status/2038336655850144121/analytics,deport rob schneider to israel,deport rob schneider israel,Neutral
https://x.com/pampoodlejr,https://pbs.twimg.com/profile_images/2036626892371972096/CYnBgxtu_normal.jpg,pammy,@pampoodlejr,·,Mar 30,fuck him. low budget idiot.,36,4,,https://x.com/pampoodlejr/status/2038350504019759116,https://x.com/pampoodlejr/status/2038350504019759116/analytics,fuck him low budget idiot,fuck low budget idiot,Negative
https://x.com/mudpuppy_16,https://pbs.twimg.com/profile_images/1996054297776455686/wQfGqxF4_normal.jpg,Mudpuppy on 𝕏chan,@mudpuppy_16,·,Mar 30,Cool. Send Rob.,165,16,,https://x.com/mudpuppy_16/status/2038327704165003670,https://x.com/mudpuppy_16/status/2038327704165003670/analytics,cool send rob,cool send rob,Positive
https://x.com/tommyborumjokes,https://pbs.twimg.com/profile_images/2036630533141053440/GlJ-pwpR_normal.jpg,Tommy Borum † ⚡︎,@tommyborumjokes,·,Mar 30,lol no,199,1,17,https://x.com/tommyborumjokes/status/2038465404473835993,https://x.com/tommyborumjokes/status/2038465404473835993/analytics,lol no,laugh loud,Neutral
https://x.com/SVegvari,https://pbs.twimg.com/profile_images/2027220558119653376/EJ3-x1Dc_normal.jpg,Steve Vegvari,@SVegvari,·,Mar 30,This is a dumb fuck take if I’ve ever heard one,57,1,3,https://x.com/SVegvari/status/2038435524000547296,https://x.com/SVegvari/status/2038435524000547296/analytics,this is a dumb fuck take if ive ever heard one,dumb fuck take ive ever heard one,Negative
https://x.com/MissRedline,https://pbs.twimg.com/profile_images/1999371904248086532/RWyY2--5_normal.jpg,𝘔𝘪𝘴𝘴𝕽𝖊𝖉𝘓𝘪𝘯𝘦,@MissRedline,·,Mar 30,5'3 loser wants your children to die for pedophiles,676,50,,https://x.com/MissRedline/status/2038373611090870752,https://x.com/MissRedline/status/2038373611090870752/analytics,loser wants your children to die for pedophiles,loser want child die pedophile,Positive
https://x.com/SputzeeD,https://pbs.twimg.com/profile_images/2010208069393743872/qX5PYz1u_normal.jpg,•Ariel,@SputzeeD,·,Mar 30,Wow he really is a dipshit lol,61,8,,https://x.com/SputzeeD/status/2038385766699553076,https://x.com/SputzeeD/status/2038385766699553076/analytics,wow he really is a dipshit lol,wow really dipshit laugh loud,Positive
https://x.com/wrexweed,https://pbs.twimg.com/profile_images/1090764407888535552/YkMdWfnz_normal.jpg,Wrex Weed,@wrexweed,·,Mar 30,Fuckin vampire,72,4,,https://x.com/wrexweed/status/2038336771671621796,https://x.com/wrexweed/status/2038336771671621796/analytics,fuckin vampire,fuckin vampire,Neutral
https://x.com/RealmNews247,https://pbs.twimg.com/profile_images/2004535255705788416/acfmK3zv_normal.jpg,Realm News,@RealmNews247,·,Mar 30,Rob Schneider can go to hell.,31,2,,https://x.com/RealmNews247/status/2038397815949328894,https://x.com/RealmNews247/status/2038397815949328894/analytics,rob schneider can go to hell,rob schneider go hell,Negative
https://x.com/SearsReloaded,https://pbs.twimg.com/profile_images/1998876775879729153/Kl1aOR9j_normal.jpg,Sears Revenge,@SearsReloaded,·,Mar 30,Zionist genocide denier,150,1,8,https://x.com/SearsReloaded/status/2038343484893958396,https://x.com/SearsReloaded/status/2038343484893958396/analytics,zionist genocide denier,zionist genocide denier,Neutral
https://x.com/syncronus,https://pbs.twimg.com/profile_images/1580360935796899840/jztsILRw_normal.jpg,SynCronus,@syncronus,·,Mar 30,Fkkkkn JUUUUUUU,42,3,,https://x.com/syncronus/status/2038381639932498165,https://x.com/syncronus/status/2038381639932498165/analytics,fkkkkn juuuuuuu,fkkkkn juuuuuuu,Neutral
https://x.com/Hedgesgurl,https://pbs.twimg.com/profile_images/1793422962449920000/X9WLfVC0_normal.jpg,Berniegirl No More,@Hedgesgurl,·,Mar 30,Anyone want to tell him?,238,2,26,https://x.com/Hedgesgurl/status/2038372960579342506,https://x.com/Hedgesgurl/status/2038372960579342506/analytics,anyone want to tell him,anyone want tell,Positive
https://x.com/GoogleAtHome,https://pbs.twimg.com/profile_images/2257028964/favicon_normal.png,Google @ Home,@GoogleAtHome,·,Mar 30,deport rob schneider,99,11,,https://x.com/GoogleAtHome/status/2038328752971633130,https://x.com/GoogleAtHome/status/2038328752971633130/analytics,deport rob schneider,deport rob schneider,Neutral
https://x.com/BarterBlex,https://pbs.twimg.com/profile_images/2032611593410994177/DC3m7Vg9_normal.jpg,Blex.S4L,@BarterBlex,·,Mar 30,He said that ?,75,1,5,https://x.com/BarterBlex/status/2038309095225323722,https://x.com/BarterBlex/status/2038309095225323722/analytics,he said that,said,Neutral
https://x.com/MajorMisato,https://pbs.twimg.com/profile_images/1901150640577146881/yaH6sy0D_normal.jpg,Misato Respector,@MajorMisato,·,Mar 30,"Half Polish Jew, half Filipino. Fascinating.",41,6,,https://x.com/MajorMisato/status/2038427418969698670,https://x.com/MajorMisato/status/2038427418969698670/analytics,half polish jew half filipino fascinating,half polish jew half filipino fascinating,Neutral
https://x.com/FmrRepMTG,https://pbs.twimg.com/profile_images/1867641239685713920/7jTW4Eag_normal.jpg,Former Congresswoman Marjorie Taylor Greene,@FmrRepMTG,Follow,Click to Follow FmrRepMTG,"End the war in Iran.

The U.S. should have never started it alongside Israel.

This is not at all what the American people voted for and is leading America and the world in the wrong direction and is killing many innocent people.",,"10:12 PM · Mar 27, 2026",·,https://x.com/FmrRepMTG/status/2037533102440858071/analytics,https://x.com/HororPotong,end the war in iran the us should have never started it alongside israel this is not at all what the american people voted for and is leading america and the world in the wrong direction and is killing many innocent people,end war iran u never started alongside israel american people voted leading america world wrong direction killing many innocent people,Negative
https://x.com/EInspiration26,https://pbs.twimg.com/profile_images/2023776229367922688/1R6y3iTf_normal.jpg,Ella,@EInspiration26,·,Mar 27,"Don’t the American people want peace?
Then why ignore the fact that for over four decades this regime has openly called for the destruction of America?

Look at the reality before forming opinions.
Truth matters.",1.1K,7,1,https://x.com/EInspiration26/status/2037542295235387854,https://x.com/EInspiration26/status/2037542295235387854/analytics,dont the american people want peace then why ignore the fact that for over four decades this regime has openly called for the destruction of america look at the reality before forming opinions truth matters,dont american people want peace ignore fact four decade regime openly called destruction america look reality forming opinion truth matter,Neutral
https://x.com/PatriotXV11,https://pbs.twimg.com/profile_images/1469796673178144772/XyGFQeP3_normal.jpg,GinnyM,@PatriotXV11,·,Mar 27,FYI! You are not the President and you are no longer in Congress! Why don’t you go figure out a way today to spend that 25 million you made off of Trump supporting you in your congressional position which introduced you to the thrills of Insider Trading! We the people really,4.2K,22,44,https://x.com/PatriotXV11/status/2037535336818229634,https://x.com/PatriotXV11/status/2037535336818229634/analytics,fyi you are not the president and you are no longer in congress why dont you go figure out a way today to spend that million you made off of trump supporting you in your congressional position which introduced you to the thrills of insider trading we the people really,information president longer congress dont go figure way today spend million made trump supporting congressional position introduced thrill insider trading people really,Positive
https://x.com/MaxxSari,https://pbs.twimg.com/profile_images/2036724098949341184/PRT_uQHt_normal.jpg,MaxShred,@MaxxSari,·,Mar 27,"Marjorie, what did Iran ever do to America or the West in general that justifies this? Nothing

The pro-war crowd and endless MSM narratives have pushed us into another disaster based on lies.

Iran has every right to defend itself.

No more foreign wars is America First.",1.5K,33,12,https://x.com/MaxxSari/status/2037534603569700962,https://x.com/MaxxSari/status/2037534603569700962/analytics,marjorie what did iran ever do to america or the west in general that justifies this nothing the prowar crowd and endless msm narratives have pushed us into another disaster based on lies iran has every right to defend itself no more foreign wars is america first,marjorie iran ever america west general justifies nothing prowar crowd endless msm narrative pushed u another disaster based lie iran every right defend foreign war america first,Neutral
https://x.com/TannerA207,https://pbs.twimg.com/profile_images/2020680645471612928/LICkc6sN_normal.jpg,Tanner,@TannerA207,·,Mar 28,Israel wants war death and annihilation of Iran . And they seem to be walking the US president like a dog.,169,2,1,https://x.com/TannerA207/status/2037635269076111536,https://x.com/TannerA207/status/2037635269076111536/analytics,israel wants war death and annihilation of iran and they seem to be walking the __united_states__ president like a dog,israel want war death annihilation iran seem walking united_states president like dog,Neutral
https://x.com/StevenR55631,https://pbs.twimg.com/profile_images/1955530540997607424/XYIskXk3_normal.jpg,Love your brother as yourself,@StevenR55631,·,Mar 27,"We were lee to believe that by supporting Trump we would end all wars, and focus on America First. Have any of us gotten that? We have gotten more spending, blowing up fishing boats off of the coast if Venezuela, bombing the Houtis or however you spell their name, and this",2.1K,16,1,https://x.com/StevenR55631/status/2037533903859150921,https://x.com/StevenR55631/status/2037533903859150921/analytics,we were lee to believe that by supporting trump we would end all wars and focus on america first have any of us gotten that we have gotten more spending blowing up fishing boats off of the coast if venezuela bombing the houtis or however you spell their name and this,lee believe supporting trump would end war focus america first u gotten gotten spending blowing fishing boat coast venezuela bombing houtis however spell name,Neutral
https://x.com/NNTNNews,https://pbs.twimg.com/profile_images/1940487308999892992/ni6LP4h-_normal.jpg,Bob Charles-NNTN Correspondent,@NNTNNews,·,Mar 28,"Are you not aware that Trump is building a beautiful ballroom, adding his signature to the one dollar and sending young soldiers back in caskets from the Middle East. This is what young people voted for!",93,3,1,https://x.com/NNTNNews/status/2037705256843239661,https://x.com/NNTNNews/status/2037705256843239661/analytics,are you not aware that trump is building a beautiful ballroom adding his signature to the one dollar and sending young soldiers back in caskets from the middle east this is what young people voted for,aware trump building beautiful ballroom adding signature one dollar sending young soldier back casket middle east young people voted,Positive
https://x.com/itsmikefromaz,https://pbs.twimg.com/profile_images/2035017916182298624/64e_5QOe_normal.jpg,MikeJ,@itsmikefromaz,·,Mar 28,"Poor Marj, having to watch her stock  profits from insider trading take a dump because of DJT’s war. Don’t worry Marj it will eventually bounce back.",38,1,2,https://x.com/itsmikefromaz/status/2037616216844771618,https://x.com/itsmikefromaz/status/2037616216844771618/analytics,poor marj having to watch her stock profits from insider trading take a dump because of djts war dont worry marj it will eventually bounce back,poor marj watch stock profit insider trading take dump djts war dont worry marj eventually bounce back,Negative
https://x.com/Melissa65946995,https://pbs.twimg.com/profile_images/2019103657074028544/rcgGGDAM_normal.jpg,Melissa Morgan,@Melissa65946995,·,Mar 28,"This is exactly what we voted for!! Just because Trump didn’t give you enough attention now you have a problem. 
Didn’t you cheat on your husband? So looks to me like you should be handling your divorce then trying to shame Trump. All because he didn’t put you on a pedestal!!!",91,2,2,https://x.com/Melissa65946995/status/2037570289098166746,https://x.com/Melissa65946995/status/2037570289098166746/analytics,this is exactly what we voted for just because trump didnt give you enough attention now you have a problem didnt you cheat on your husband so looks to me like you should be handling your divorce then trying to shame trump all because he didnt put you on a pedestal,exactly voted trump didnt give enough attention problem didnt cheat husband look like handling divorce trying shame trump didnt put pedestal,Neutral
https://x.com/VandaKercher,https://pbs.twimg.com/profile_images/1797078191687012353/09C9juti_normal.jpg,Vanda Kercher,@VandaKercher,·,Mar 27,"President Trump is making the world safer because he can!  If you don’t choose to see big picture, at least let the President do his job. President Trump does look at the big picture! You are too angry and only see hate. You chose to quit and sit on the sidelines and complain!",100,2,1,https://x.com/VandaKercher/status/2037539720440504609,https://x.com/VandaKercher/status/2037539720440504609/analytics,president trump is making the world safer because he can if you dont choose to see big picture at least let the president do his job president trump does look at the big picture you are too angry and only see hate you chose to quit and sit on the sidelines and complain,president trump making world safer dont choose see big picture least let president job president trump look big picture angry see hate chose quit sit sideline complain,Neutral
https://x.com/BasedSavannah,https://pbs.twimg.com/profile_images/2020277239791923200/ewy5Ddt2_normal.jpg,Savannah Insights,@BasedSavannah,·,Mar 27,Marjorie Taylor Greene has been having daily mental breakdowns since President Trump told her she didn’t have a chance to win the Georgia Senate election and that he would never endorse her for it.,1.8K,12,10,https://x.com/BasedSavannah/status/2037538948260503851,https://x.com/BasedSavannah/status/2037538948260503851/analytics,marjorie taylor greene has been having daily mental breakdowns since president trump told her she didnt have a chance to win the georgia senate election and that he would never endorse her for it,marjorie taylor greene daily mental breakdown since president trump told didnt chance win georgia senate election would never endorse,Positive
https://x.com/NedaAzizi40,https://pbs.twimg.com/profile_images/2016644145423523840/Cdq25WXZ_normal.jpg,Neda Azizi,@NedaAzizi40,·,Mar 28,"You are either a fool or a supporter of crime. It is obvious that Israel attacked. But why didn’t it attack Iran before? Why doesn’t it attack Saudi Arabia, the Emirates, Kuwait, and other countries? When terrorists are seeking to destroy Israel, it must defend its country.
You",321,2,5,https://x.com/NedaAzizi40/status/2037623188281012592,https://x.com/NedaAzizi40/status/2037623188281012592/analytics,you are either a fool or a supporter of crime it is obvious that israel attacked but why didnt it attack iran before why doesnt it attack saudi arabia the emirates kuwait and other countries when terrorists are seeking to destroy israel it must defend its country you,either fool supporter crime obvious israel attacked didnt attack iran doesnt attack saudi arabia emirate kuwait country terrorist seeking destroy israel must defend country,Positive
https://x.com/JacobNaw1,https://pbs.twimg.com/profile_images/1998142340205096961/dRi5bSXo_normal.jpg,Jacob N,@JacobNaw1,·,Mar 27,"That’s why you’re former.
You confused attention with wisdom, outrage with strength, and now all that’s left is posting nonsense from the sidelines.",119,1,2,https://x.com/JacobNaw1/status/2037549342223950068,https://x.com/JacobNaw1/status/2037549342223950068/analytics,thats why youre former you confused attention with wisdom outrage with strength and now all thats left is posting nonsense from the sidelines,thats youre former confused attention wisdom outrage strength thats left posting nonsense sideline,Neutral
https://x.com/kingslayereong,https://pbs.twimg.com/profile_images/1752063102051364864/lold3CFt_normal.jpg,King,@kingslayereong,·,Mar 27,"Iran is a primary sponsor of global terrorism. If you had paid attention to the viral January prophecy regarding this US-Iran conflict, you wouldn’t be agitated. Everything is playing out exactly as foretold, including the dismantling of their leadership",875,6,4,https://x.com/kingslayereong/status/2037546050303430747,https://x.com/kingslayereong/status/2037546050303430747/analytics,iran is a primary sponsor of global terrorism if you had paid attention to the viral january prophecy regarding this __united_states__iran conflict you wouldnt be agitated everything is playing out exactly as foretold including the dismantling of their leadership,iran primary sponsor global terrorism paid attention viral january prophecy regarding united_statesiran conflict wouldnt agitated everything playing exactly foretold including dismantling leadership,Neutral
https://x.com/Michele21393609,https://pbs.twimg.com/profile_images/1861123348509663235/oP2jHSRC_normal.jpg,MicheleD.,@Michele21393609,·,Mar 28,Are u ok with a country doing genocide? No country should be allowed to execute their citizens! Why not talk about the murder of the Iranian protests,37,2,2,https://x.com/Michele21393609/status/2037674559634350436,https://x.com/Michele21393609/status/2037674559634350436/analytics,are u ok with a country doing genocide no country should be allowed to execute their citizens why not talk about the murder of the iranian protests,ok country genocide country allowed execute citizen talk murder iranian protest,Neutral
https://x.com/RealBilal,https://pbs.twimg.com/profile_images/2036983050471718912/PL36VC5V_normal.jpg,Habibi,@RealBilal,·,Mar 27,You know why it’s happening..,1.5K,2,9,https://x.com/RealBilal/status/2037538579002372306,https://x.com/RealBilal/status/2037538579002372306/analytics,you know why its happening,know happening,Positive
https://x.com/dryw4llman,https://pbs.twimg.com/profile_images/1825519308019220480/b0kC8BxN_normal.jpg,Dave Ricardo-san,@dryw4llman,·,Mar 27,"Ok, yea ! Let’s just drop what we are doing and leave. We our boot on the regime’s throat and you want us to stop and have to do it again some day? Shut up",158,2,1,https://x.com/dryw4llman/status/2037541949704687767,https://x.com/dryw4llman/status/2037541949704687767/analytics,ok yea lets just drop what we are doing and leave we our boot on the regimes throat and you want us to stop and have to do it again some day shut up,ok yea let drop leave boot regime throat want u stop day shut,Positive
https://x.com/jmorrash1,https://pbs.twimg.com/profile_images/1621902261357105152/SgIiliMP_normal.jpg,jmorrash1,@jmorrash1,·,Mar 28,Iran is killing tens of thousands of their own innocent civilians and attacking neighboring Middle Eastern countries' civilians and infrastructure and were well on their way to nuclear weapons. Just think how many innocent people would be killed around the world if we don't stop,311,3,3,https://x.com/jmorrash1/status/2037565964657778857,https://x.com/jmorrash1/status/2037565964657778857/analytics,iran is killing tens of thousands of their own innocent civilians and attacking neighboring middle eastern countries civilians and infrastructure and were well on their way to nuclear weapons just think how many innocent people would be killed around the world if we dont stop,iran killing ten thousand innocent civilian attacking neighboring middle eastern country civilian infrastructure well way nuclear weapon think many innocent people would killed around world dont stop,Neutral
https://x.com/AnthonyGalli,https://pbs.twimg.com/profile_images/2002213429063335936/JUcFRtX2_normal.jpg,Anthony Galli,@AnthonyGalli,·,Mar 27,"It is what America voted for.

Trump promised, “Iran must not get a nuke.”

Promise kept.

Why have YOU changed your position simply to oppose Israel whereby you think it’s okay for the leading terror state to have enough enriched uranium for 11 nukes?",2.1K,17,6,https://x.com/AnthonyGalli/status/2037533635088388211,https://x.com/AnthonyGalli/status/2037533635088388211/analytics,it is what america voted for trump promised iran must not get a nuke promise kept why have you changed your position simply to oppose israel whereby you think its okay for the leading terror state to have enough enriched uranium for nukes,america voted trump promised iran must get nuke promise kept changed position simply oppose israel whereby think okay leading terror state enough enriched uranium nuke,Neutral
https://x.com/The_Fuhrs_Goy88,https://pbs.twimg.com/profile_images/2016139069701439488/eoKd5HVs_normal.jpg,Ŧhe Füĥřiøụ$ Ğëñŧīłɛ,@The_Fuhrs_Goy88,·,Mar 27,Not happening what they're finishing is the greater israel expansion with out blood and $$$,2.4K,1,2,https://x.com/The_Fuhrs_Goy88/status/2037541822692528333,https://x.com/The_Fuhrs_Goy88/status/2037541822692528333/analytics,not happening what theyre finishing is the greater israel expansion with out blood and,happening theyre finishing greater israel expansion blood,Positive
https://x.com/Shaygala2012,https://pbs.twimg.com/profile_images/1421328448719495168/DFs1OaEd_normal.jpg,Steve Kelsey,@Shaygala2012,·,Mar 28,"Marjorie...we used to love you! and remember, please, that it is never a good idea to bet against our Commander-In-Chief...we shall see soon enough if he was right, yet once again!",99,1,4,https://x.com/Shaygala2012/status/2037599653030682859,https://x.com/Shaygala2012/status/2037599653030682859/analytics,marjoriewe used to love you and remember please that it is never a good idea to bet against our commanderinchiefwe shall see soon enough if he was right yet once again,marjoriewe used love remember please never good idea bet commanderinchiefwe shall see soon enough right yet,Positive
https://x.com/Polticalvagrant,https://pbs.twimg.com/profile_images/1988758335810654208/3Lxq0vIC_normal.jpg,Politically Homeless,@Polticalvagrant,·,Mar 27,The ones who are truly in power have been begging for this war for the past 50 years. They won't stop until they're the new superpower in the Middle East and America has been destroyed.,183,3,,https://x.com/Polticalvagrant/status/2037542364437238137,https://x.com/Polticalvagrant/status/2037542364437238137/analytics,the ones who are truly in power have been begging for this war for the past years they wont stop until theyre the new superpower in the middle east and america has been destroyed,one truly power begging war past year wont stop theyre new superpower middle east america destroyed,Neutral
https://x.com/GDenotto,https://pbs.twimg.com/profile_images/1854520213905002513/xuJAV47y_normal.jpg,4GattiNeri,@GDenotto,·,Mar 27,"You support the Iranian Islamic terrorist regime with IRBMs. Nukes, too, I assume. Good to know.",74,1,1,https://x.com/GDenotto/status/2037549643135918115,https://x.com/GDenotto/status/2037549643135918115/analytics,you support the iranian islamic terrorist regime with irbms nukes too i assume good to know,support iranian islamic terrorist regime irbms nuke assume good know,Positive
https://x.com/dkc127,https://abs.twimg.com/sticky/default_profile_images/default_profile_normal.png,Dkc27,@dkc127,·,Mar 28,You don't have a clue what the American people want or voted for.  Now go find a job at Walmart or somewhere and stop thinking anyone gives a flying fk about your opinion.,62,1,2,https://x.com/dkc127/status/2037609616050172386,https://x.com/dkc127/status/2037609616050172386/analytics,you dont have a clue what the american people want or voted for now go find a job at walmart or somewhere and stop thinking anyone gives a flying fk about your opinion,dont clue american people want voted go find job walmart somewhere stop thinking anyone give flying fk opinion,Neutral
https://x.com/seymo45794,https://abs.twimg.com/sticky/default_profile_images/default_profile_normal.png,James Seymour,@seymo45794,·,Mar 28,I am so glad you resigned. Go ahead and run on liberal lunatic card in the fall so we can face plant you.,25,1,3,https://x.com/seymo45794/status/2037584811523551493,https://x.com/seymo45794/status/2037584811523551493/analytics,i am so glad you resigned go ahead and run on liberal lunatic card in the fall so we can face plant you,glad resigned go ahead run liberal lunatic card fall face plant,Neutral
https://x.com/SFNClara,https://pbs.twimg.com/profile_images/2029835098149777408/gGv5mgUM_normal.jpg,ClaraNan,@SFNClara,·,Mar 27,Innocent people are killed by Iran regime and this war is helping the world.,699,1,1,https://x.com/SFNClara/status/2037556075226898543,https://x.com/SFNClara/status/2037556075226898543/analytics,innocent people are killed by iran regime and this war is helping the world,innocent people killed iran regime war helping world,Neutral
https://x.com/ronbe3,https://pbs.twimg.com/profile_images/1651555147489718272/ay6nGqQ7_normal.jpg,R,@ronbe3,·,Mar 27,How much money have the Iran war costed?,66,2,2,https://x.com/ronbe3/status/2037552895105601803,https://x.com/ronbe3/status/2037552895105601803/analytics,how much money have the iran war costed,much money iran war costed,Neutral
https://x.com/Para541836,https://pbs.twimg.com/profile_images/1846274679016726529/dJolV51i_normal.png,Para,@Para541836,·,Mar 27,Speaking from both sides of your mouth reveals your true identity as a fake person.,39,1,1,https://x.com/Para541836/status/2037554571149508972,https://x.com/Para541836/status/2037554571149508972/analytics,speaking from both sides of your mouth reveals your true identity as a fake person,speaking side mouth reveals true identity fake person,Neutral
https://x.com/rastelter3,https://pbs.twimg.com/profile_images/2029749792264577024/rJWvsayo_normal.jpg,Helter Skelter,@rastelter3,·,Mar 28,"I think you probably would be perfectly fine if we were at war, but because Israel is involved is the issue",107,2,1,https://x.com/rastelter3/status/2037583232653230224,https://x.com/rastelter3/status/2037583232653230224/analytics,i think you probably would be perfectly fine if we were at war but because israel is involved is the issue,think probably would perfectly fine war israel involved issue,Positive
https://x.com/ccarneyrichman,https://pbs.twimg.com/profile_images/2011827437655506944/YvBNfvOk_normal.jpg,CRTruthcrusader,@ccarneyrichman,·,Mar 27,"Your position is: it’s OK for the Islamic Revolutionary Guard of Iran, the #1 sponsor of terror, to acquire nuclear bombs? Imagine a world where the Islamic Revolutionary Guard of Iran, the number one sponsor of terror, has obtained nuclear weapons and can hold the world hostage.",1.2K,6,7,https://x.com/ccarneyrichman/status/2037537884090073233,https://x.com/ccarneyrichman/status/2037537884090073233/analytics,your position is its ok for the islamic revolutionary guard of iran the sponsor of terror to acquire nuclear bombs imagine a world where the islamic revolutionary guard of iran the number one sponsor of terror has obtained nuclear weapons and can hold the world hostage,position ok islamic revolutionary guard iran sponsor terror acquire nuclear bomb imagine world islamic revolutionary guard iran number one sponsor terror obtained nuclear weapon hold world hostage,Neutral
https://x.com/RealtyMichelle,https://pbs.twimg.com/profile_images/803371211556352000/23m6gtGP_normal.jpg,Michelle Dominguez,@RealtyMichelle,·,Mar 27,"Iran is run by “twelvers”, a sect of Shia Islam, whose goal in life is to bring about the coming of the twelfth Mahdi.  In other words, their goal is to bring about Armageddon in an attempt to usher in Islam worldwide.  I’m sure you have heard from multiple administrations that",170,1,4,https://x.com/RealtyMichelle/status/2037542430199656725,https://x.com/RealtyMichelle/status/2037542430199656725/analytics,iran is run by twelvers a sect of shia islam whose goal in life is to bring about the coming of the twelfth mahdi in other words their goal is to bring about armageddon in an attempt to usher in islam worldwide im sure you have heard from multiple administrations that,iran run twelvers sect shia islam whose goal life bring coming twelfth mahdi word goal bring armageddon attempt usher islam worldwide im sure heard multiple administration,Neutral
https://x.com/AdamWasson7,https://pbs.twimg.com/profile_images/1554859469137358854/AEDqMnIz_normal.png,Adam Wasson,@AdamWasson7,·,Mar 27,Americans voted for strength and power. Not to have death to America chanted on the world stage while that country spends billions on gaining nuclear weapon capabilities.,182,1,4,https://x.com/AdamWasson7/status/2037556278919376970,https://x.com/AdamWasson7/status/2037556278919376970/analytics,americans voted for strength and power not to have death to america chanted on the world stage while that country spends billions on gaining nuclear weapon capabilities,american voted strength power death america chanted world stage country spends billion gaining nuclear weapon capability,Positive
https://x.com/gre19690408,https://pbs.twimg.com/profile_images/2036603634566270976/VX8pqPvO_normal.jpg,Mark G 1969,@gre19690408,·,Mar 28,We should have kicked Irans ass a long time ago and it was long overdo.  I say blow the shit out of them.,63,1,2,https://x.com/gre19690408/status/2037653448930336901,https://x.com/gre19690408/status/2037653448930336901/analytics,we should have kicked irans ass a long time ago and it was long overdo i say blow the shit out of them,kicked iran as long time ago long overdo say blow shit,Neutral
https://x.com/RogerDWebb1,https://pbs.twimg.com/profile_images/2003117092669640704/b5C89f7Q_normal.jpg,Roger D Webb,@RogerDWebb1,·,Mar 27,We need to cut all funding and aide to Israel. This would immediately stabilize the entire Middle East. They are the actual terrorists in the region. We should not give them any support until they act like a legitimate democracy.,504,4,15,https://x.com/RogerDWebb1/status/2037535757183713609,https://x.com/RogerDWebb1/status/2037535757183713609/analytics,we need to cut all funding and aide to israel this would immediately stabilize the entire middle east they are the actual terrorists in the region we should not give them any support until they act like a legitimate democracy,need cut funding aide israel would immediately stabilize entire middle east actual terrorist region give support act like legitimate democracy,Negative
https://x.com/WorldBriefingX,https://pbs.twimg.com/profile_images/2031079889135075328/mDpvg-9X_normal.jpg,WorldBriefX,@WorldBriefingX,·,Mar 27,"Honestly this raises so many questions I don't think we're asking loudly enough... like what exactly is the endgame here?

what does ""success"" even look like, and who gets to define it? I want to throw a challenge out there - can anyone name a single modern U.S. military",429,4,,https://x.com/WorldBriefingX/status/2037535309328494738,https://x.com/WorldBriefingX/status/2037535309328494738/analytics,honestly this raises so many questions i dont think were asking loudly enough like what exactly is the endgame here what does success even look like and who gets to define it i want to throw a challenge out there can anyone name a single modern us military,honestly raise many question dont think asking loudly enough like exactly endgame success even look like get define want throw challenge anyone name single modern u military,Positive
https://x.com/nunya88788772,https://pbs.twimg.com/profile_images/1686817577228451840/c1PLanjq_normal.jpg,nunya,@nunya88788772,·,Mar 27,Trump doesn't care. He's too busy kissing Netanyahu's ass,50,1,1,https://x.com/nunya88788772/status/2037539361743319164,https://x.com/nunya88788772/status/2037539361743319164/analytics,trump doesnt care hes too busy kissing netanyahus ass,trump doesnt care he busy kissing netanyahus as,Positive
https://x.com/casenorthdakota,https://pbs.twimg.com/profile_images/1775221270574948352/8vtLl5dy_normal.jpg,Case,@casenorthdakota,·,Mar 27,"Finish the war in iran is a much better statement.  The reason we have issues after conflicts is because we dont finish them due to the population complaining about them.  Its happening were in it, we need to get behind our military rn and finish the job",332,2,2,https://x.com/casenorthdakota/status/2037555137430934001,https://x.com/casenorthdakota/status/2037555137430934001/analytics,finish the war in iran is a much better statement the reason we have issues after conflicts is because we dont finish them due to the population complaining about them its happening were in it we need to get behind our military rn and finish the job,finish war iran much better statement reason issue conflict dont finish due population complaining happening need get behind military right finish job,Neutral
https://x.com/dbdeby25,https://pbs.twimg.com/profile_images/1670600585526251520/Q-w9HMKh_normal.jpg,Deb,@dbdeby25,·,Mar 28,"This is exactly what we voted for, trouble maker. He's keeping us safe and if you don't think Iran has the weapons to take out America you're just plain stupid. Biden gave them billions to advance their nuclear power and Trump is going to end it all, so we won't have to deal with",157,1,2,https://x.com/dbdeby25/status/2037649924532445415,https://x.com/dbdeby25/status/2037649924532445415/analytics,this is exactly what we voted for trouble maker hes keeping us safe and if you dont think iran has the weapons to take out america youre just plain stupid biden gave them billions to advance their nuclear power and trump is going to end it all so we wont have to deal with,exactly voted trouble maker he keeping u safe dont think iran weapon take america youre plain stupid biden gave billion advance nuclear power trump going end wont deal,Negative
https://x.com/deevolvednation,https://pbs.twimg.com/profile_images/1985408878498996224/Pr3W3Goh_normal.jpg,De Evolved Nation,@deevolvednation,·,Mar 27,Shame she had to lose her seat to say this out loud. It tells you everything you need to know about how this machine runs.. The ones inside know exactly what this is and they aint saying a word.,112,1,,https://x.com/deevolvednation/status/2037547055523000636,https://x.com/deevolvednation/status/2037547055523000636/analytics,shame she had to lose her seat to say this out loud it tells you everything you need to know about how this machine runs the ones inside know exactly what this is and they aint saying a word,shame lose seat say loud tell everything need know machine run one inside know exactly aint saying word,Neutral
https://x.com/STABWAR140823,https://pbs.twimg.com/profile_images/2032702932529909760/wUpt9m55_normal.jpg,STABWAR,@STABWAR140823,·,Mar 27,"Not just alongside Israel. They shouldn’t have started this war at all, no matter who it’s with.",70,4,,https://x.com/STABWAR140823/status/2037541809019101513,https://x.com/STABWAR140823/status/2037541809019101513/analytics,not just alongside israel they shouldnt have started this war at all no matter who its with,alongside israel shouldnt started war matter,Neutral
https://x.com/MashalBaloch007,https://pbs.twimg.com/profile_images/2028011627107295232/ng04Ixox_normal.jpg,Mashal ایرانی,@MashalBaloch007,·,Mar 28,Never forget Israel did this in Palestine,41,1,,https://x.com/MashalBaloch007/status/2037886750396420458,https://x.com/MashalBaloch007/status/2037886750396420458/analytics,never forget israel did this in palestine,never forget israel palestine,Negative
https://x.com/UnboundedVoice,https://pbs.twimg.com/profile_images/2020855853981589504/jCpuyVWY_normal.jpg,Atieh (عطیه بختیار),@UnboundedVoice,·,Mar 28,IN 27 DAYS,522,4,13,https://x.com/UnboundedVoice/status/2037639677511975073,https://x.com/UnboundedVoice/status/2037639677511975073/analytics,in days,day,Neutral
https://x.com/P2Sgt,https://pbs.twimg.com/profile_images/1461857905326497795/1VCBY-HV_normal.jpg,SGT P2,@P2Sgt,·,Mar 28,It’ll come to an end when the conditions are met. Quit virtue signaling,10,1,1,https://x.com/P2Sgt/status/2037665745979547748,https://x.com/P2Sgt/status/2037665745979547748/analytics,itll come to an end when the conditions are met quit virtue signaling,itll come end condition met quit virtue signaling,Neutral
https://x.com/Mimimouse37,https://pbs.twimg.com/profile_images/1890559518267875328/BAQVDBQx_normal.jpg,Dana37,@Mimimouse37,·,Mar 28,"You have no say in this, remember, you quit.",16,1,1,https://x.com/Mimimouse37/status/2037673710211969076,https://x.com/Mimimouse37/status/2037673710211969076/analytics,you have no say in this remember you quit,say remember quit,Neutral
https://x.com/Rdcon502,https://pbs.twimg.com/profile_images/1699972176550715392/eTfHDtNQ_normal.jpg,Ron,@Rdcon502,·,Mar 28,That's strange. I'm an American and I don't want these crazy evil Mullahs having nuclear weapons. I did want this. And revenge for the 241 US marines along with the 1000's of American soldier's they killed and maimed. You don't speak for me.,75,2,6,https://x.com/Rdcon502/status/2037639132399509590,https://x.com/Rdcon502/status/2037639132399509590/analytics,thats strange im an american and i dont want these crazy evil mullahs having nuclear weapons i did want this and revenge for the __united_states__ marines along with the s of american soldiers they killed and maimed you dont speak for me,thats strange im american dont want crazy evil mullah nuclear weapon want revenge united_states marine along american soldier killed maimed dont speak,Negative
https://x.com/xwonde6,https://pbs.twimg.com/profile_images/2033966082005078018/oMbo2Qnp_normal.jpg,Nectarflow®,@xwonde6,·,Mar 27,Trump ran on no new wars and America First—not endless Israel proxy wars. MTG is right: this is neocons and AIPAC dragging us into another disaster while Americans suffer at home.,163,4,,https://x.com/xwonde6/status/2037534272752373989,https://x.com/xwonde6/status/2037534272752373989/analytics,trump ran on no new wars and america firstnot endless israel proxy wars mtg is right this is neocons and aipac dragging us into another disaster while americans suffer at home,trump ran new war america firstnot endless israel proxy war mtg right neocon aipac dragging u another disaster american suffer home,Neutral
https://x.com/SkyfallTower,https://pbs.twimg.com/profile_images/1688272854578597888/jbZ8o0lf_normal.jpg,SkyfallTower,@SkyfallTower,·,Mar 27,"Wow, 47 years of murdering Americans and terrorist aggression and you say the United States started it? You have destroyed any legacy you might have imagined you were leaving behind. I feel sorry for your descendants…",1.1K,5,8,https://x.com/SkyfallTower/status/2037534262862196901,https://x.com/SkyfallTower/status/2037534262862196901/analytics,wow years of murdering americans and terrorist aggression and you say the __united_states__ __united_states__ started it you have destroyed any legacy you might have imagined you were leaving behind i feel sorry for your descendants,wow year murdering american terrorist aggression say united_states united_states started destroyed legacy might imagined leaving behind feel sorry descendant,Negative
https://x.com/TheFranc,https://pbs.twimg.com/profile_images/2025982175263313920/kbHxn9Pm_normal.jpg,Francisco Martinez,@TheFranc,·,Mar 28,"The War Ends When this rogue and incoherent president is removed.

Plain and simple.

Make it happen.
We must Amend the Constitution in the middle of this war to give the power back to the people using a majority consensus of every judge at all levels of every single state.
It is",36,2,,https://x.com/TheFranc/status/2037879542929305940,https://x.com/TheFranc/status/2037879542929305940/analytics,the war ends when this rogue and incoherent president is removed plain and simple make it happen we must amend the constitution in the middle of this war to give the power back to the people using a majority consensus of every judge at all levels of every single state it is,war end rogue incoherent president removed plain simple make happen must amend constitution middle war give power back people using majority consensus every judge level every single state,Neutral
https://x.com/johnthegreek23,https://pbs.twimg.com/profile_images/1799156977106333696/UWwd_IFD_normal.jpg,johnthegreek,@johnthegreek23,·,Mar 27,Do you have any idea how many people were tortured or killed by Iran?  Is this your priority?,95,1,1,https://x.com/johnthegreek23/status/2037546382504919289,https://x.com/johnthegreek23/status/2037546382504919289/analytics,do you have any idea how many people were tortured or killed by iran is this your priority,idea many people tortured killed iran priority,Neutral
https://x.com/lin1624638,https://pbs.twimg.com/profile_images/2014904077017083904/9Q3duXZ9_normal.jpg,Times,@lin1624638,·,Mar 27,never start the war in Iran so Iran can have nuclear weapon?,1.1K,10,11,https://x.com/lin1624638/status/2037533799723028534,https://x.com/lin1624638/status/2037533799723028534/analytics,never start the war in iran so iran can have nuclear weapon,never start war iran iran nuclear weapon,Negative
https://x.com/AmericanUphold,https://pbs.twimg.com/profile_images/1970304943140610048/ADTNe_3W_normal.jpg,Uphold American Constitution,@AmericanUphold,·,Mar 28,Shut up! You have no idea what you are talking about you RINO!  I was supporting you,58,,,https://x.com/AmericanUphold/status/2037703940511498723,https://x.com/AmericanUphold/status/2037703940511498723/analytics,shut up you have no idea what you are talking about you rino i was supporting you,shut idea talking rino supporting,Positive
https://x.com/Garne26077Lloyd,https://pbs.twimg.com/profile_images/2007076364365570048/0LW9iL2G_normal.jpg,MagaMan!,@Garne26077Lloyd,·,Mar 27,Stfu man seriously. Like brave men and women join the service knowing that they are putting their lives on the line for our country! Stop making people believe it’s wrong to use our military when why tf do we even have one?? Come on man stop the bullshit and stop all the black,40,2,,https://x.com/Garne26077Lloyd/status/2037542967792009532,https://x.com/Garne26077Lloyd/status/2037542967792009532/analytics,stfu man seriously like brave men and women join the service knowing that they are putting their lives on the line for our country stop making people believe its wrong to use our military when why tf do we even have one come on man stop the bullshit and stop all the black,stfu man seriously like brave men woman join service knowing putting life line country stop making people believe wrong use military tf even one come man stop bullshit stop black,Negative
https://x.com/KieraLance22,https://pbs.twimg.com/profile_images/1971201981470347264/6SO-Hm-b_normal.jpg,Kiera Lance,@KieraLance22,·,Mar 27,Maybe if you wanted a say in anything you shouldn’t have resigned.,69,5,,https://x.com/KieraLance22/status/2037540102692327792,https://x.com/KieraLance22/status/2037540102692327792/analytics,maybe if you wanted a say in anything you shouldnt have resigned,maybe wanted say anything shouldnt resigned,Neutral
https://x.com/DahktahJones,https://pbs.twimg.com/profile_images/2004815724389306368/I2xoLIh3_normal.jpg,Dahktah,@DahktahJones,·,Mar 28,"There is no ""war in Iran"".  There's a campaign on the Iranian mullahs who have caused every single conflict and killing throughout the Middle East.  This campaign is ending the war Iran has conducted against all other non-fanatic states most especially the U.S. and Israel.  All",50,,,https://x.com/DahktahJones/status/2037906477617140189,https://x.com/DahktahJones/status/2037906477617140189/analytics,there is no war in iran theres a campaign on the iranian mullahs who have caused every single conflict and killing throughout the middle east this campaign is ending the war iran has conducted against all other nonfanatic __united_states__ most especially the us and israel all,war iran there campaign iranian mullah caused every single conflict killing throughout middle east campaign ending war iran conducted nonfanatic united_states especially u israel,Neutral
https://x.com/DwightE18,https://abs.twimg.com/sticky/default_profile_images/default_profile_normal.png,Dwight E,@DwightE18,·,Mar 28,American soldiers will die and Market id tanking.,34,1,,https://x.com/DwightE18/status/2037578830836072637,https://x.com/DwightE18/status/2037578830836072637/analytics,american soldiers will die and market id tanking,american soldier die market id tanking,Neutral
https://x.com/onetexgal9,https://pbs.twimg.com/profile_images/1836183715430416384/6Z0fmDqL_normal.jpg,Americaforever,@onetexgal9,·,Mar 28,"You would prefer this instead, wouldn't you.

The Iranian Islamic regime just publicly hanged 19-year-old champion wrestler Saleh Mohammadi as part of the crackdown on protests

""His execution was a blatant political m*rder.""

Iranians who rise up are on the right side.

Rest in",246,1,7,https://x.com/onetexgal9/status/2037678946037141859,https://x.com/onetexgal9/status/2037678946037141859/analytics,you would prefer this instead wouldnt you the iranian islamic regime just publicly hanged yearold champion wrestler saleh mohammadi as part of the crackdown on protests his execution was a blatant political mrder iranians who rise up are on the right side rest in,would prefer instead wouldnt iranian islamic regime publicly hanged yearold champion wrestler saleh mohammadi part crackdown protest execution blatant political mrder iranian rise right side rest,Positive
https://x.com/RedlandsTParty,https://pbs.twimg.com/profile_images/1269870172396859392/b33yc4FA_normal.jpg,Redlands Tea Party Patriots,@RedlandsTParty,·,Mar 28,"There are consequences to every choice.

Why do you want the fanatical, jihadist, “Death to America” Iranian mullahs to have nuclear weapons and the ballistic missiles to deliver them?",369,2,8,https://x.com/RedlandsTParty/status/2037576494256627890,https://x.com/RedlandsTParty/status/2037576494256627890/analytics,there are consequences to every choice why do you want the fanatical jihadist death to america iranian mullahs to have nuclear weapons and the ballistic missiles to deliver them,consequence every choice want fanatical jihadist death america iranian mullah nuclear weapon ballistic missile deliver,Neutral
https://x.com/DonJr1770,https://pbs.twimg.com/profile_images/854888671786520576/LDYsx_yy_normal.jpg,Don Jr.,@DonJr1770,·,Mar 27,"No, we are saving countless lives by destroying an  Islamic regime that has been the #1 sponsor of terrorism across the globe for well over 40 years.
But you know that. 
Please stop with your inane chatter.",57,2,7,https://x.com/DonJr1770/status/2037550710489796881,https://x.com/DonJr1770/status/2037550710489796881/analytics,no we are saving countless lives by destroying an islamic regime that has been the sponsor of terrorism across the globe for well over years but you know that please stop with your inane chatter,saving countless life destroying islamic regime sponsor terrorism across globe well year know please stop inane chatter,Positive
https://x.com/TheGarlandNixon,https://pbs.twimg.com/profile_images/2032546326794428416/Jq57GADk_normal.jpg,Garland Nixon,@TheGarlandNixon,·,Mar 29,"They really don't care what we voted for, but thanks for caring. I guess that's why those bastatds ran you out of town.",68,1,8,https://x.com/TheGarlandNixon/status/2037941736484241528,https://x.com/TheGarlandNixon/status/2037941736484241528/analytics,they really dont care what we voted for but thanks for caring i guess thats why those bastatds ran you out of town,really dont care voted thanks caring guess thats bastatds ran town,Positive
https://x.com/robertp8675309,https://pbs.twimg.com/profile_images/2014113836773548032/r0DsEfqR_normal.jpg,robin,@robertp8675309,·,Mar 27,"Sweet pea it’s better to deal with Irans radical regime now than after they nuke Washington DC or New York or Florida killing millions and if you can’t see that you needed to resign Congress.
You know I used to be a real supporter of yours until you recently started talking that",107,3,,https://x.com/robertp8675309/status/2037559678557684042,https://x.com/robertp8675309/status/2037559678557684042/analytics,sweet pea its better to deal with irans radical regime now than after they nuke washington dc or new york or florida killing millions and if you cant see that you needed to resign congress you know i used to be a real supporter of yours until you recently started talking that,sweet pea better deal iran radical regime nuke washington dc new york florida killing million cant see needed resign congress know used real supporter recently started talking,Neutral
https://x.com/Gainesvillegur1,https://pbs.twimg.com/profile_images/1856745254906413057/h0Z_SbVQ_normal.jpg,Gainesvilleguru,@Gainesvillegur1,·,Mar 28,Should we have waited til they dropped a nuke on us? You do realize they WANT chaos tr bring about the twelfth Mahdi...,10,1,1,https://x.com/Gainesvillegur1/status/2037665479804731552,https://x.com/Gainesvillegur1/status/2037665479804731552/analytics,should we have waited til they dropped a nuke on us you do realize they want chaos tr bring about the twelfth mahdi,waited til dropped nuke u realize want chaos tr bring twelfth mahdi,Neutral
https://x.com/mikeledo,https://pbs.twimg.com/profile_images/1654988340465389569/IteIuLMF_normal.jpg,Michael Ledo,@mikeledo,·,Mar 29,"Plus, they are only now sending Marines to the area. Piss-poor planning. WTF? Didn't anyone in the Trump administration think ahead?",4,,,https://x.com/mikeledo/status/2037950103206383642,https://x.com/mikeledo/status/2037950103206383642/analytics,plus they are only now sending marines to the area pisspoor planning wtf didnt anyone in the trump administration think ahead,plus sending marine area pisspoor planning hell didnt anyone trump administration think ahead,Neutral
https://x.com/American__Sam,https://pbs.twimg.com/profile_images/2012116011336740864/1al_vXo__normal.jpg,1776-Present,@American__Sam,·,Mar 27,If Chat GPT were a failed congresswoman.,1.6K,2,5,https://x.com/American__Sam/status/2037539836173898159,https://x.com/American__Sam/status/2037539836173898159/analytics,if chat gpt were a failed congresswoman,chat gpt failed congresswoman,Negative
https://x.com/SciNatureNews,https://pbs.twimg.com/profile_images/2020998145803681794/jBQ1s8Wp_normal.jpg,Sci Nature News,@SciNatureNews,·,Mar 27,"Ending the Iran war requires diplomacy, realistic terms, and mutual respect, not unilateral threats or continued escalation that harms civilians and stability.",445,1,11,https://x.com/SciNatureNews/status/2037533786762617156,https://x.com/SciNatureNews/status/2037533786762617156/analytics,ending the iran war requires diplomacy realistic terms and mutual respect not unilateral threats or continued escalation that harms civilians and stability,ending iran war requires diplomacy realistic term mutual respect unilateral threat continued escalation harm civilian stability,Neutral
https://x.com/Goodfella716,https://pbs.twimg.com/profile_images/1989879372375834624/eNFHfUOF_normal.jpg,Carm Randazzo,@Goodfella716,·,Mar 27,"American ppl voted to clean up the messes left behind by democrats and quitters like you.  Trump gave them more the enough time to make a deal.  Now, they have ballistic missiles, enriched uranium and drones.  Time to shut that big yapper of yours.",3K,13,17,https://x.com/Goodfella716/status/2037534088446324787,https://x.com/Goodfella716/status/2037534088446324787/analytics,american ppl voted to clean up the messes left behind by democrats and quitters like you trump gave them more the enough time to make a deal now they have ballistic missiles enriched uranium and drones time to shut that big yapper of yours,american people voted clean mess left behind democrat quitter like trump gave enough time make deal ballistic missile enriched uranium drone time shut big yapper,Neutral
https://x.com/A_Colker,https://pbs.twimg.com/profile_images/1088875853956681728/eUKNm9ii_normal.jpg,Arthur Colker,@A_Colker,·,Mar 28,The only way to end it now is to give Iran concessions - thanks Trump for completely ruining us,86,1,1,https://x.com/A_Colker/status/2037607474430165464,https://x.com/A_Colker/status/2037607474430165464/analytics,the only way to end it now is to give iran concessions thanks trump for completely ruining us,way end give iran concession thanks trump completely ruining u,Neutral
https://x.com/JoeButc70648859,https://pbs.twimg.com/profile_images/1730223429771530240/R4TD_gP6_normal.jpg,Joe Butcher,@JoeButc70648859,·,Mar 28,This is what was acceptable to Democrats. I voted to deal with terror supporting douchebags that threaten the USA. Great to see good defeating evil.,148,9,,https://x.com/JoeButc70648859/status/2037562831340482802,https://x.com/JoeButc70648859/status/2037562831340482802/analytics,this is what was acceptable to democrats i voted to deal with terror supporting douchebags that threaten the usa great to see good defeating evil,acceptable democrat voted deal terror supporting douchebags threaten usa great see good defeating evil,Positive
https://x.com/MacroBombastic,https://pbs.twimg.com/profile_images/1998039880278888448/ywABI93K_normal.jpg,Macro Bombastic,@MacroBombastic,·,Mar 27,"Bro, you think Iran's just a random war we can get out of? No way, it's deeper. We need to talk about the Israel factor here.",101,1,,https://x.com/MacroBombastic/status/2037543280670290208,https://x.com/MacroBombastic/status/2037543280670290208/analytics,bro you think irans just a random war we can get out of no way its deeper we need to talk about the israel factor here,bro think iran random war get way deeper need talk israel factor,Neutral
https://x.com/Carlos980553196,https://abs.twimg.com/sticky/default_profile_images/default_profile_normal.png,Carlos,@Carlos980553196,·,Mar 27,"Trump: The Greatest Threat to America and the World
Iran does not have a number.
That is the difference between every crisis Trump manufactured before and the one that is now swallowing him whole. You cannot bully a theocracy into a deal when its Supreme Leader was",174,1,6,https://x.com/Carlos980553196/status/2037553641331060998,https://x.com/Carlos980553196/status/2037553641331060998/analytics,trump the greatest threat to america and the world iran does not have a number that is the difference between every crisis trump manufactured before and the one that is now swallowing him whole you cannot bully a theocracy into a deal when its supreme leader was,trump greatest threat america world iran number difference every crisis trump manufactured one swallowing whole cannot bully theocracy deal supreme leader,Neutral
https://x.com/decentralised82,https://pbs.twimg.com/profile_images/2030040888832053249/hmscwC8C_normal.jpg,DanC ₿,@decentralised82,·,Mar 27,Agreed,391,2,11,https://x.com/decentralised82/status/2037559615806935201,https://x.com/decentralised82/status/2037559615806935201/analytics,agreed,agreed,Neutral
https://x.com/Altonnh11,https://pbs.twimg.com/profile_images/1586012848857169926/MY5fXIS6_normal.png,Rex Ho,@Altonnh11,·,Mar 29,"So Marg you were ok with the bomb because it might not have been used on Georgia and you might have been ok if only your kids had to deal with it!
Good thinking",28,,,https://x.com/Altonnh11/status/2037986877848818149,https://x.com/Altonnh11/status/2037986877848818149/analytics,so marg you were ok with the bomb because it might not have been used on georgia and you might have been ok if only your kids had to deal with it good thinking,marg ok bomb might used georgia might ok kid deal good thinking,Positive
https://x.com/Stingrhea3,https://pbs.twimg.com/profile_images/1783915078217039872/BTo5LPm3_normal.jpg,Stingrhea,@Stingrhea3,·,Mar 28,I voted for every bit of it….I want America Safe!!!,16,1,3,https://x.com/Stingrhea3/status/2037728596052078666,https://x.com/Stingrhea3/status/2037728596052078666/analytics,i voted for every bit of iti want america safe,voted every bit iti want america safe,Neutral
https://x.com/Taylormusic67,https://pbs.twimg.com/profile_images/2035193724331077632/AUYReU80_normal.jpg,Shawn Taylor music,@Taylormusic67,·,Mar 27,"The horse is out of the barn, dim bulb you can't walk away now with the hornets nest kicked over, you either settle it or you have to annihilate the enemy. Those are the only two options left.
Your bluster and fake takes to try and damage
The president is never gonna get you a",82,1,,https://x.com/Taylormusic67/status/2037559046195065260,https://x.com/Taylormusic67/status/2037559046195065260/analytics,the horse is out of the barn dim bulb you cant walk away now with the hornets nest kicked over you either settle it or you have to annihilate the enemy those are the only two options left your bluster and fake takes to try and damage the president is never gonna get you a,horse barn dim bulb cant walk away hornet nest kicked either settle annihilate enemy two option left bluster fake take try damage president never gonna get,Negative
https://x.com/TheBobMoser,https://pbs.twimg.com/profile_images/2013207008292257792/8VqSM4oS_normal.jpg,Bob Moser,@TheBobMoser,·,Mar 28,"What the hell happened to this woman? She used to have common damn sense. Now she advocates everything she once stood against. 
This is what happens when there is no moral core. She is simply bending with the prevailing wind",20,1,,https://x.com/TheBobMoser/status/2037914815696433289,https://x.com/TheBobMoser/status/2037914815696433289/analytics,what the hell happened to this woman she used to have common damn sense now she advocates everything she once stood against this is what happens when there is no moral core she is simply bending with the prevailing wind,hell happened woman used common damn sense advocate everything stood happens moral core simply bending prevailing wind,Neutral
https://x.com/BadgedPatriot,https://pbs.twimg.com/profile_images/1406791364877197313/7gRnze5G_normal.jpg,The Badged Patriot,@BadgedPatriot,·,Mar 27,Oh look. The quitter wants America to quit now too,969,2,5,https://x.com/BadgedPatriot/status/2037540401762955411,https://x.com/BadgedPatriot/status/2037540401762955411/analytics,oh look the quitter wants america to quit now too,oh look quitter want america quit,Positive
https://x.com/CaliGrlisback59,https://pbs.twimg.com/profile_images/2007638522711117824/4mO9UU0T_normal.jpg,caligrl1225Conservative,@CaliGrlisback59,·,Mar 28,STOP talking for us. The Americannpeople have left you behind. The likes you get are from liberals.,9,,,https://x.com/CaliGrlisback59/status/2037710273214304630,https://x.com/CaliGrlisback59/status/2037710273214304630/analytics,stop talking for us the americannpeople have left you behind the likes you get are from liberals,stop talking u americannpeople left behind like get liberal,Positive
https://x.com/CarlosCur11,https://pbs.twimg.com/profile_images/2016864683991715843/6QyaQ6y9_normal.jpg,Carlos Curbelo,@CarlosCur11,·,Mar 27,"Trump is doing what all of you been saying for years and nothing was done  all talks like all of you politicians, Trump is getting rid of threats to the US, economical and  political  , you traitor",45,4,,https://x.com/CarlosCur11/status/2037541943547228458,https://x.com/CarlosCur11/status/2037541943547228458/analytics,trump is doing what all of you been saying for years and nothing was done all talks like all of you politicians trump is getting rid of threats to the __united_states__ economical and political you traitor,trump saying year nothing done talk like politician trump getting rid threat united_states economical political traitor,Neutral
https://x.com/BrianCanipe,https://abs.twimg.com/sticky/default_profile_images/default_profile_normal.png,Brian Canipe,@BrianCanipe,·,Mar 28,"Trump has eliminated the biggest threat to the Western World from the Mideast, something that no other American President or European leader has dared to do. Many innocent people were being killed by the Islamic terror regime. Removing this terror apparatus armed with nuclear",10,,,https://x.com/BrianCanipe/status/2037891246337806772,https://x.com/BrianCanipe/status/2037891246337806772/analytics,trump has eliminated the biggest threat to the western world from the mideast something that no other american president or european leader has dared to do many innocent people were being killed by the islamic terror regime removing this terror apparatus armed with nuclear,trump eliminated biggest threat western world mideast something american president european leader dared many innocent people killed islamic terror regime removing terror apparatus armed nuclear,Neutral
https://x.com/icybernate,https://pbs.twimg.com/profile_images/1586697761658912769/egNt09Fx_normal.jpg,icybernate,@icybernate,·,Mar 27,"It’s a military operation not a war, now I can see why you’re a former congresswoman",387,2,4,https://x.com/icybernate/status/2037535092952662068,https://x.com/icybernate/status/2037535092952662068/analytics,its a military operation not a war now i can see why youre a former congresswoman,military operation war see youre former congresswoman,Neutral
https://x.com/Love2rideFelt,https://pbs.twimg.com/profile_images/1812287566151831552/VRbeo-_w_normal.jpg,Cadd1010,@Love2rideFelt,·,Mar 28,"What does Netanyahu have on Trump? Is it the fear of death or blackmail? It is not Trumps character to allow anybody to walk over him, deliberately ignore him, disrespect him and use him like a puppet for BiBi’s agenda.

Trump wanted a legacy as a peacemaker, stop endless wars,",43,,,https://x.com/Love2rideFelt/status/2037848301094195399,https://x.com/Love2rideFelt/status/2037848301094195399/analytics,what does netanyahu have on trump is it the fear of death or blackmail it is not trumps character to allow anybody to walk over him deliberately ignore him disrespect him and use him like a puppet for bibis agenda trump wanted a legacy as a peacemaker stop endless wars,netanyahu trump fear death blackmail trump character allow anybody walk deliberately ignore disrespect use like puppet bibis agenda trump wanted legacy peacemaker stop endless war,Neutral
https://x.com/TheCappyUSA,https://pbs.twimg.com/profile_images/1972730964733267968/rKMXyA1c_normal.jpg,CappyUSA,@TheCappyUSA,·,Mar 27,This is exactly what we voted for… YOU jumped ship on your constituents so maybe you should step aside and let the ones still on the playing field handle things.,177,1,1,https://x.com/TheCappyUSA/status/2037534185053630835,https://x.com/TheCappyUSA/status/2037534185053630835/analytics,this is exactly what we voted for you jumped ship on your constituents so maybe you should step aside and let the ones still on the playing field handle things,exactly voted jumped ship constituent maybe step aside let one still playing field handle thing,Neutral
https://x.com/RobVet2020,https://pbs.twimg.com/profile_images/2013656867185004551/VUmn4pbg_normal.jpg,Robert the Lionheart,@RobVet2020,·,Mar 28,Free Iran from the murderous Ayatollahs !,44,,,https://x.com/RobVet2020/status/2037752653695074552,https://x.com/RobVet2020/status/2037752653695074552/analytics,free iran from the murderous ayatollahs,free iran murderous ayatollah,Positive
https://x.com/HogHunny,https://pbs.twimg.com/profile_images/1011846883445112832/iKljIssy_normal.jpg,HogHunny,@HogHunny,·,Mar 27,"Boy, did you turn out to be the very trash that Democrats are.  
You are pathetic.",18,1,,https://x.com/HogHunny/status/2037546541133779105,https://x.com/HogHunny/status/2037546541133779105/analytics,boy did you turn out to be the very trash that democrats are you are pathetic,boy turn trash democrat pathetic,Negative
https://x.com/johnysweis,https://pbs.twimg.com/profile_images/1670226546362298368/QL2pHpAX_normal.jpg,Johny Sweis,@johnysweis,·,Mar 27,"Iran is preparing to deploy 1 million troops  if the U.S escalates the war into a ground invasion. 

This is not Iraq 2.0, it’s a death sentence for our soldiers on behalf of israel. 

Trump needs to take the L and gtfo out of the Middle East asap.",332,2,1,https://x.com/johnysweis/status/2037539443939455461,https://x.com/johnysweis/status/2037539443939455461/analytics,iran is preparing to deploy million troops if the __united_states__escalates the war into a ground invasion this is not iraq its a death sentence for our soldiers on behalf of israel trump needs to take the l and gtfo out of the middle east asap,iran preparing deploy million troop united_statesescalates war ground invasion iraq death sentence soldier behalf israel trump need take l gtfo middle east soon possible,Neutral
https://x.com/botty75377009,https://pbs.twimg.com/profile_images/1747417060408164352/vCQ4moLh_normal.jpg,Optimus PrimeBot,@botty75377009,·,Mar 28,"Any sane American should've been alarmed by all the ""death to America"" crap going on in Iran for years and look into the global aspirations of the Ayatollah regime. If you didn't, you're naive, not smart.",164,1,10,https://x.com/botty75377009/status/2037678964458615109,https://x.com/botty75377009/status/2037678964458615109/analytics,any sane american shouldve been alarmed by all the death to america crap going on in iran for years and look into the global aspirations of the ayatollah regime if you didnt youre naive not smart,sane american shouldve alarmed death america crap going iran year look global aspiration ayatollah regime didnt youre naive smart,Neutral
https://x.com/patriotsunite12,https://pbs.twimg.com/profile_images/1397003966169374721/6So4zYEx_normal.jpg,@patriotsunited1776,@patriotsunite12,·,Mar 28,"I get why ypur a former...this is exactly what Americans voted for, decisive military action to end the greatest threat to America ever...there have been many chicken hawk presidents over the years...Obama at the top of list...",32,1,,https://x.com/patriotsunite12/status/2037725811344605606,https://x.com/patriotsunite12/status/2037725811344605606/analytics,i get why ypur a formerthis is exactly what americans voted for decisive military action to end the greatest threat to america everthere have been many chicken hawk presidents over the yearsobama at the top of list,get ypur formerthis exactly american voted decisive military action end greatest threat america everthere many chicken hawk president yearsobama top list,Positive
https://x.com/OutlawOmega,https://pbs.twimg.com/profile_images/2028707110456889344/KtWNVKq9_normal.jpg,Robby,@OutlawOmega,·,Mar 27,"No one wants War, but we live in an evil world and the Iranian regime has American blood on its hands. It was time and we have a President that had the balls to finally get it done. Maybe you would understand that if you would just get off of your Israel hate. I'm not a big fan",264,8,,https://x.com/OutlawOmega/status/2037540959789973858,https://x.com/OutlawOmega/status/2037540959789973858/analytics,no one wants war but we live in an evil world and the iranian regime has american blood on its hands it was time and we have a president that had the balls to finally get it done maybe you would understand that if you would just get off of your israel hate im not a big fan,one want war live evil world iranian regime american blood hand time president ball finally get done maybe would understand would get israel hate im big fan,Neutral
https://x.com/mcsharman,https://pbs.twimg.com/profile_images/65357169/SmallMike3_normal.jpg,mcsharman,@mcsharman,·,Mar 28,"You are such a loser. You would rather have them have a nuclear bomb, ballistic missiles that can indeed hit the United States. You should be ashamed of yourself.",26,1,,https://x.com/mcsharman/status/2037723099399942326,https://x.com/mcsharman/status/2037723099399942326/analytics,you are such a loser you would rather have them have a nuclear bomb ballistic missiles that can indeed hit the __united_states__ __united_states__ you should be ashamed of yourself,loser would rather nuclear bomb ballistic missile indeed hit united_states united_states ashamed,Neutral
https://x.com/1991Benn,https://pbs.twimg.com/profile_images/1913267679651340288/bzP3X9Vx_normal.jpg,Just an American Father,@1991Benn,·,Mar 28,It’s not what we wanted but if it ends the destabilized Middle East it will be worth it. I’m tired of Christian’s and Americans being threatened by this terrorist nation.,57,,,https://x.com/1991Benn/status/2037708209197314367,https://x.com/1991Benn/status/2037708209197314367/analytics,its not what we wanted but if it ends the destabilized middle east it will be worth it im tired of christians and americans being threatened by this terrorist nation,wanted end destabilized middle east worth im tired christian american threatened terrorist nation,Neutral
https://x.com/vcdxnz001,https://pbs.twimg.com/profile_images/1157827121282072581/YmPuMRvh_normal.jpg,Lord WebScale Webster,@vcdxnz001,·,Mar 28,Nope. Eliminate the IRGC and free the Iranian people. Don’t leave until the job is completed. Else the world will not know peace.,10,,,https://x.com/vcdxnz001/status/2037881732440158602,https://x.com/vcdxnz001/status/2037881732440158602/analytics,nope eliminate the irgc and free the iranian people dont leave until the job is completed else the world will not know peace,nope eliminate irgc free iranian people dont leave job completed else world know peace,Positive
https://x.com/rushrevolt2,https://pbs.twimg.com/profile_images/1872495536248373248/jyycsAae_normal.jpg,Rush,@rushrevolt2,·,Mar 28,How are you going to speak for me bitch? It's exactly what I voted for and much more. 77 million of us voted for Donald J Trump and we would vote for him again in 2028. You got run out of Washington and you have been crying ever since. Just go complain to your illegal employees.,41,2,,https://x.com/rushrevolt2/status/2037599892122571065,https://x.com/rushrevolt2/status/2037599892122571065/analytics,how are you going to speak for me bitch its exactly what i voted for and much more million of us voted for donald j trump and we would vote for him again in you got run out of washington and you have been crying ever since just go complain to your illegal employees,going speak bitch exactly voted much million u voted donald j trump would vote got run washington cry ever since go complain illegal employee,Neutral
https://x.com/Zero113Zero,https://pbs.twimg.com/profile_images/1873389538141241344/FWIhKoOO_normal.jpg,ZeroZero113,@Zero113Zero,·,Mar 27,"When the military strategic operation is complete, that is when we will leave Iran well, we damn well know they will not be able to reopen their new and they’re capability of making a bomb that can kill many of millions of people that’s when we’ll be done and not until then oh",96,3,,https://x.com/Zero113Zero/status/2037559452270780837,https://x.com/Zero113Zero/status/2037559452270780837/analytics,when the military strategic operation is complete that is when we will leave iran well we damn well know they will not be able to reopen their new and theyre capability of making a bomb that can kill many of millions of people thats when well be done and not until then oh,military strategic operation complete leave iran well damn well know able reopen new theyre capability making bomb kill many million people thats well done oh,Positive
https://x.com/MaryEBarrentine,https://pbs.twimg.com/profile_images/1093971061278789632/Bsavx7xX_normal.jpg,Mary Barrentine,@MaryEBarrentine,·,Mar 28,"I'm not sure what happened to you, but you've certainly lost touch with what must actually actually want. You've let your animosity toward a man, Trump, twist all reasoning into a garbage dump on fire. Somehow you've also decided that Israel, the only democratic state and our",94,1,4,https://x.com/MaryEBarrentine/status/2037579475446010253,https://x.com/MaryEBarrentine/status/2037579475446010253/analytics,im not sure what happened to you but youve certainly lost touch with what must actually actually want youve let your animosity toward a man trump twist all reasoning into a garbage dump on fire somehow youve also decided that israel the only democratic state and our,im sure happened youve certainly lost touch must actually actually want youve let animosity toward man trump twist reasoning garbage dump fire somehow youve also decided israel democratic state,Neutral
https://x.com/KMGInvestigates,https://pbs.twimg.com/profile_images/2023786122690674688/gTx2WFUD_normal.jpg,KMG Investigates,@KMGInvestigates,·,Mar 27,I voted for it. Speak for yourself traitor green,35,1,,https://x.com/KMGInvestigates/status/2037542811612922363,https://x.com/KMGInvestigates/status/2037542811612922363/analytics,i voted for it speak for yourself traitor green,voted speak traitor green,Negative
https://x.com/OGopinionsrule,https://pbs.twimg.com/profile_images/1998915291846422530/oY0GjKbh_normal.jpg,Boomer,@OGopinionsrule,·,Mar 29,"Shut up, Butch....
Did you get turned down when you came on to Donald Trump???

It seems likely considering your sudden disloyalty to him...???",4,,,https://x.com/OGopinionsrule/status/2037989727216050659,https://x.com/OGopinionsrule/status/2037989727216050659/analytics,shut up butch did you get turned down when you came on to donald trump it seems likely considering your sudden disloyalty to him,shut butch get turned came donald trump seems likely considering sudden disloyalty,Neutral
https://x.com/suhaichemistry,https://pbs.twimg.com/profile_images/1968901758400507904/8oLJAK5S_normal.jpg,Ar-Rahmaan,@suhaichemistry,·,Mar 27,The tax dollars of American people used for the security of promised land and chosen people,97,1,4,https://x.com/suhaichemistry/status/2037537014464348460,https://x.com/suhaichemistry/status/2037537014464348460/analytics,the tax dollars of american people used for the security of promised land and chosen people,tax dollar american people used security promised land chosen people,Neutral
https://x.com/GBBTomorrow,https://pbs.twimg.com/profile_images/1766339227418267648/jDevXD3n_normal.jpg,The Librarian,@GBBTomorrow,·,Mar 28,It's not a war......armed conflict sure.....but there has not been a declaration.,14,,,https://x.com/GBBTomorrow/status/2037672734818537942,https://x.com/GBBTomorrow/status/2037672734818537942/analytics,its not a wararmed conflict surebut there has not been a declaration,wararmed conflict surebut declaration,Neutral
https://x.com/JoePhamily,https://pbs.twimg.com/profile_images/1812324149714468864/dXCeRvzp_normal.jpg,ILoveClimateChange,@JoePhamily,·,Mar 28,Do you know how it would look without the Petro dollar? Look retard I'm just going to mute tiny brains like you. I've got generations coming. America first . Israel sometimes for a reason.,19,1,,https://x.com/JoePhamily/status/2037787978521583945,https://x.com/JoePhamily/status/2037787978521583945/analytics,do you know how it would look without the petro dollar look retard im just going to mute tiny brains like you ive got generations coming america first israel sometimes for a reason,know would look without petro dollar look retard im going mute tiny brain like ive got generation coming america first israel sometimes reason,Neutral
https://x.com/MAG40444,https://pbs.twimg.com/profile_images/1933638285533822976/cAyk2DPA_normal.jpg,Dave J,@MAG40444,·,Mar 28,The American people are glad that all of the people in this image are DEAD. Get over it.,101,1,5,https://x.com/MAG40444/status/2037647895969591707,https://x.com/MAG40444/status/2037647895969591707/analytics,the american people are glad that all of the people in this image are dead get over it,american people glad people image dead get,Negative
https://x.com/ForTexasHoujami,https://pbs.twimg.com/profile_images/1897446801608695808/HKM8gqsq_normal.jpg,Naoufal Houjami,@ForTexasHoujami,·,Mar 27,"You don't want the missiles sent by terrorist shiite of Iran to have a nuclear Head

Because Democrats Obama & Biden $ billions given to Iran terrorist regime.
We must finish the job in Iran

Sit down marjorie, 
you never served in a war, neither understand our National security",145,4,12,https://x.com/ForTexasHoujami/status/2037539714413002830,https://x.com/ForTexasHoujami/status/2037539714413002830/analytics,you dont want the missiles sent by terrorist shiite of iran to have a nuclear head because democrats obama biden billions given to iran terrorist regime we must finish the job in iran sit down marjorie you never served in a war neither understand our national security,dont want missile sent terrorist shiite iran nuclear head democrat obama biden billion given iran terrorist regime must finish job iran sit marjorie never served war neither understand national security,Neutral
https://x.com/RAllenser,https://pbs.twimg.com/profile_images/1739141934503849984/922yhgbh_normal.jpg,Rich Allenser,@RAllenser,·,Mar 28,"Every past president since Bill Clinton, has declared that Iran couldn’t be permitted to develop nuclear weapons. Not one acted to prevent it. Every president since Ronald Reagan has condemned Iran’s role in terrorism in killing Americans. Not one acted to stop it.",35,1,4,https://x.com/RAllenser/status/2037632769925263787,https://x.com/RAllenser/status/2037632769925263787/analytics,every past president since bill clinton has declared that iran couldnt be permitted to develop nuclear weapons not one acted to prevent it every president since ronald reagan has condemned irans role in terrorism in killing americans not one acted to stop it,every past president since bill clinton declared iran couldnt permitted develop nuclear weapon one acted prevent every president since ronald reagan condemned iran role terrorism killing american one acted stop,Negative
https://x.com/I_am_F3,https://pbs.twimg.com/profile_images/1637157930465128450/P01sN241_normal.jpg,IamF³ (Faith Family Flag),@I_am_F3,·,Mar 28,"MTG as a former admirer, how many times have you called for no nukes in iran? now that you caught the democrackitius it's the islam over Israel? 

i",23,1,,https://x.com/I_am_F3/status/2037705284093608395,https://x.com/I_am_F3/status/2037705284093608395/analytics,mtg as a former admirer how many times have you called for no nukes in iran now that you caught the democrackitius its the islam over israel i,mtg former admirer many time called nuke iran caught democrackitius islam israel,Neutral
https://x.com/LucilleMel27318,https://pbs.twimg.com/profile_images/2001366669239660546/gk7MnDjX_normal.jpg,Lucille Mellema,@LucilleMel27318,·,Mar 27,You sad lost soul IRAN started in 47 years ago we are finishing it with or without Israel,36,3,,https://x.com/LucilleMel27318/status/2037536604198191489,https://x.com/LucilleMel27318/status/2037536604198191489/analytics,you sad lost soul iran started in years ago we are finishing it with or without israel,sad lost soul iran started year ago finishing without israel,Negative
https://x.com/PrestonPepper70,https://pbs.twimg.com/profile_images/1620203866548748288/LYanPJzS_normal.jpg,GP,@PrestonPepper70,·,Mar 27,"How much were you paid to be a trader to your nation?

You won’t like the America you’re helping to destroy.",29,2,,https://x.com/PrestonPepper70/status/2037553943287582984,https://x.com/PrestonPepper70/status/2037553943287582984/analytics,how much were you paid to be a trader to your nation you wont like the america youre helping to destroy,much paid trader nation wont like america youre helping destroy,Neutral
https://x.com/mvd6919,https://pbs.twimg.com/profile_images/1812410723676426241/QCVT-4Xp_normal.jpg,Sanguine1969,@mvd6919,·,Mar 28,"Sure Marge.  Iran boasted they already have enough refined uranium for 11 weapons, and another surprise, Iran has missiles capable of reaching as far as Diego Garcia and all the little capitols of Europe.  I wonder why the Iranians violated every agreement they made and lied",46,,,https://x.com/mvd6919/status/2037719358307537012,https://x.com/mvd6919/status/2037719358307537012/analytics,sure marge iran boasted they already have enough refined uranium for weapons and another surprise iran has missiles capable of reaching as far as diego garcia and all the little capitols of europe i wonder why the iranians violated every agreement they made and lied,sure marge iran boasted already enough refined uranium weapon another surprise iran missile capable reaching far diego garcia little capitol europe wonder iranian violated every agreement made lied,Neutral
https://x.com/Kiehle4Congress,https://pbs.twimg.com/profile_images/1994142126276296705/XOZ7vDcc_normal.jpg,Erik Kiehle For Congress,@Kiehle4Congress,·,Mar 28,"The forces are already there. 

Pivot to the real enemy, Israel.",82,,,https://x.com/Kiehle4Congress/status/2037712064248975497,https://x.com/Kiehle4Congress/status/2037712064248975497/analytics,the forces are already there pivot to the real enemy israel,force already pivot real enemy israel,Neutral
https://x.com/TexasJohnFW,https://pbs.twimg.com/profile_images/2008984079341948928/WsDIsptp_normal.jpg,Texas_John,@TexasJohnFW,·,Mar 27,Yeah we actually did vote to keep America safe which means from these animals also. They're in our country already you dope so gotta take out their leaders.  Ya might want to put your big girl pants on for what's really coming down the pike soon in America.,82,1,4,https://x.com/TexasJohnFW/status/2037542838385201552,https://x.com/TexasJohnFW/status/2037542838385201552/analytics,yeah we actually did vote to keep america safe which means from these animals also theyre in our country already you dope so gotta take out their leaders ya might want to put your big girl pants on for whats really coming down the pike soon in america,yeah actually vote keep america safe mean animal also theyre country already dope gotta take leader ya might want put big girl pant whats really coming pike soon america,Positive
https://x.com/Rick007W,https://pbs.twimg.com/profile_images/1961796904938803200/69FOjsJX_normal.jpg,Rick,@Rick007W,·,Mar 28,"Terrorist don’t care what you think, they will blow you up if they could, America is insuring you they won’t have the power to do so…a Thank You is appropriate, that’s what you should say to our brave soldiers…we can’t wait to do something if we get bombed while waiting…",19,1,,https://x.com/Rick007W/status/2037631815603618015,https://x.com/Rick007W/status/2037631815603618015/analytics,terrorist dont care what you think they will blow you up if they could america is insuring you they wont have the power to do soa thank you is appropriate thats what you should say to our brave soldierswe cant wait to do something if we get bombed while waiting,terrorist dont care think blow could america insuring wont power soa thank appropriate thats say brave soldierswe cant wait something get bombed waiting,Neutral
https://x.com/Rod_Hastings,https://pbs.twimg.com/profile_images/1641913185350418432/8FvVp_8G_normal.jpg,Rod Hastings,@Rod_Hastings,·,Mar 27,"Voted for it! Many friends and fellow service member are dead or mutilated by Iranian supplied munitions and IRGC agents in Iraq and elsewhere they sponsor terrorism. Sit this one out, you once again are wrong.",81,1,1,https://x.com/Rod_Hastings/status/2037550570886570327,https://x.com/Rod_Hastings/status/2037550570886570327/analytics,voted for it many friends and fellow service member are dead or mutilated by iranian supplied munitions and irgc agents in iraq and elsewhere they sponsor terrorism sit this one out you once again are wrong,voted many friend fellow service member dead mutilated iranian supplied munition irgc agent iraq elsewhere sponsor terrorism sit one wrong,Negative
https://x.com/RBishop957203,https://pbs.twimg.com/profile_images/1762250877232939008/Tvuxu810_normal.jpg,Pro Deo et Ecclesia,@RBishop957203,·,Mar 27,"You are an idiot! Iran has killed over 1100 service members over the years, they need to answer for that, cunt!",92,3,1,https://x.com/RBishop957203/status/2037538198503526470,https://x.com/RBishop957203/status/2037538198503526470/analytics,you are an idiot iran has killed over service members over the years they need to answer for that cunt,idiot iran killed service member year need answer cunt,Negative
https://x.com/MaxineR2911,https://pbs.twimg.com/profile_images/1435142340050505730/Dd51EV-i_normal.jpg,Maxine R.,@MaxineR2911,·,Mar 27,"You don’t speak for us, the American people and claim baseless statements just to remain relevant.",58,2,4,https://x.com/MaxineR2911/status/2037550809693684062,https://x.com/MaxineR2911/status/2037550809693684062/analytics,you dont speak for us the american people and claim baseless statements just to remain relevant,dont speak u american people claim baseless statement remain relevant,Negative
https://x.com/moodyblue40s,https://pbs.twimg.com/profile_images/1715477220259487744/rWSKBnzb_normal.jpg,Alicia Justice is still hopeful,@moodyblue40s,·,Mar 28,"What are you doing and why are you doing it? You left congress in the middle of your term no less. We the people voted for the ONLY person who is on our side and if he thinks, as many citizens do, that this is necessary, then it's necessary. EVEN if his standing in the way is",66,,,https://x.com/moodyblue40s/status/2037694434834280931,https://x.com/moodyblue40s/status/2037694434834280931/analytics,what are you doing and why are you doing it you left congress in the middle of your term no less we the people voted for the only person who is on our side and if he thinks as many citizens do that this is necessary then its necessary even if his standing in the way is,left congress middle term less people voted person side think many citizen necessary necessary even standing way,Positive
https://x.com/NoLiesNoExcuses,https://pbs.twimg.com/profile_images/2005753486026379264/cWRUyFDx_normal.jpg,JustVal,@NoLiesNoExcuses,·,Mar 27,You don’t speak for the American people.  Speak for yourself and only yourself.,28,2,,https://x.com/NoLiesNoExcuses/status/2037554669644648740,https://x.com/NoLiesNoExcuses/status/2037554669644648740/analytics,you dont speak for the american people speak for yourself and only yourself,dont speak american people speak,Neutral
https://x.com/JoeyZR1,https://pbs.twimg.com/profile_images/1837629570540773376/-wxjj5pf_normal.jpg,Joey ZR1,@JoeyZR1,·,Mar 28,If Iran deployed nuclear weapons your take would change!!  You know damn well  you know the threat   And yes I voted for,43,2,,https://x.com/JoeyZR1/status/2037604740679270815,https://x.com/JoeyZR1/status/2037604740679270815/analytics,if iran deployed nuclear weapons your take would change you know damn well you know the threat and yes i voted for,iran deployed nuclear weapon take would change know damn well know threat yes voted,Neutral
https://x.com/radioclash70,https://pbs.twimg.com/profile_images/1886980107249606656/XIVmTWTk_normal.jpg,Yakuruna,@radioclash70,·,Mar 27,The USA is ending the regime you dummy,20,1,,https://x.com/radioclash70/status/2037544425702715737,https://x.com/radioclash70/status/2037544425702715737/analytics,the usa is ending the regime you dummy,usa ending regime dummy,Neutral
https://x.com/5PointBaptist,https://pbs.twimg.com/profile_images/2036813677719179265/sRbAP_U5_normal.jpg,Chris,@5PointBaptist,·,Mar 28,"Yeah, let's end it before the objective is complete. You're dumber than cat vomit.",15,,,https://x.com/5PointBaptist/status/2037666037798502410,https://x.com/5PointBaptist/status/2037666037798502410/analytics,yeah lets end it before the objective is complete youre dumber than cat vomit,yeah let end objective complete youre dumber cat vomit,Neutral
https://x.com/CannoliPete,https://pbs.twimg.com/profile_images/1692018599379230720/8W6Lj2hh_normal.jpg,CannoliPete,@CannoliPete,·,Mar 27,"This chick does not magically have the world figured out. She's either an egotistical ass who thinks her opinion is the only right opinion, or there's an ulterior motive.",30,1,,https://x.com/CannoliPete/status/2037558463124160907,https://x.com/CannoliPete/status/2037558463124160907/analytics,this chick does not magically have the world figured out shes either an egotistical ass who thinks her opinion is the only right opinion or theres an ulterior motive,chick magically world figured shes either egotistical as think opinion right opinion there ulterior motive,Negative
https://x.com/r_aunt2512,https://pbs.twimg.com/profile_images/1815934391580868608/LqzluBgk_normal.jpg,AuntLizR,@r_aunt2512,·,Mar 28,"Yes we voted to make America safe!! That comes in many forms!

We didn't vote for you! 

You're a traitor and quitter!",29,1,2,https://x.com/r_aunt2512/status/2037728193633718433,https://x.com/r_aunt2512/status/2037728193633718433/analytics,yes we voted to make america safe that comes in many forms we didnt vote for you youre a traitor and quitter,yes voted make america safe come many form didnt vote youre traitor quitter,Positive
https://x.com/mike_thee_pike,https://pbs.twimg.com/profile_images/1892032868601188352/Wx3N2syg_normal.jpg,Mike-the-Pike,@mike_thee_pike,·,Mar 27,"Wrong, Marg. The Islamic regime killed over 30,000 of its own civilians, plus thousands of Americans in its 47 years of Iranian occupation. Let that sink in. That is who you are defending. They need to be destroyed and Trump is the only president during this time with the guts to",93,1,6,https://x.com/mike_thee_pike/status/2037543296977739882,https://x.com/mike_thee_pike/status/2037543296977739882/analytics,wrong marg the islamic regime killed over of its own civilians plus thousands of americans in its years of iranian occupation let that sink in that is who you are defending they need to be destroyed and trump is the only president during this time with the guts to,wrong marg islamic regime killed civilian plus thousand american year iranian occupation let sink defending need destroyed trump president time gut,Negative
https://x.com/srod409,https://pbs.twimg.com/profile_images/1368960147305988099/Wh0xi0JM_normal.jpg,D. B. Cooper,@srod409,·,Mar 28,"I’m old enough to remember Iran storming our embassy, and taking our personnel hostage for 444 days. Then killing 250 Marines in Beirut. Then killing/maiming thousands of our troops in Iraq. Not counting the numerous terrorists acts in the last 47 years. President Trump is the",78,3,,https://x.com/srod409/status/2037731932855759330,https://x.com/srod409/status/2037731932855759330/analytics,im old enough to remember iran storming our embassy and taking our personnel hostage for days then killing marines in beirut then killingmaiming thousands of our troops in iraq not counting the numerous terrorists acts in the last years president trump is the,im old enough remember iran storming embassy taking personnel hostage day killing marine beirut killingmaiming thousand troop iraq counting numerous terrorist act last year president trump,Neutral
https://x.com/kaminner121,https://pbs.twimg.com/profile_images/2024817578888015872/3oExOxAg_normal.jpg,Kat Minner,@kaminner121,·,Mar 28,"Seriously, how much money are you being paid?",9,,,https://x.com/kaminner121/status/2037862527216845243,https://x.com/kaminner121/status/2037862527216845243/analytics,seriously how much money are you being paid,seriously much money paid,Positive
https://x.com/Keck553,https://pbs.twimg.com/profile_images/2033372762220457984/0mOuI__W_normal.jpg,Eric Rocketman,@Keck553,·,Mar 27,"We didn’t elect you to conduct foreign policy 

STFU, quitter",72,2,9,https://x.com/Keck553/status/2037546732930900401,https://x.com/Keck553/status/2037546732930900401/analytics,we didnt elect you to conduct foreign policy stfu quitter,didnt elect conduct foreign policy stfu quitter,Positive
https://x.com/TAWDubAZ,https://pbs.twimg.com/profile_images/1904992186770526208/38dQ5FzP_normal.jpg,TDubAz,@TAWDubAZ,·,Mar 27,"It's been ALL of ten minutes into completely wiping out the #1 state sponsor of terror... and here you are, not seeing anything beyond your own clickism lust!",78,1,9,https://x.com/TAWDubAZ/status/2037536569616408721,https://x.com/TAWDubAZ/status/2037536569616408721/analytics,its been all of ten minutes into completely wiping out the state sponsor of terror and here you are not seeing anything beyond your own clickism lust,ten minute completely wiping state sponsor terror seeing anything beyond clickism lust,Positive
https://x.com/SJMac8546,https://pbs.twimg.com/profile_images/1664604671091122176/0-AyTgNx_normal.jpg,SJ Mac,@SJMac8546,·,Mar 27,"The left was correct about you when they thought you were a complete moron. 

Of course they like you now because you're working to help elect them",68,2,9,https://x.com/SJMac8546/status/2037549470208913417,https://x.com/SJMac8546/status/2037549470208913417/analytics,the left was correct about you when they thought you were a complete moron of course they like you now because youre working to help elect them,left correct thought complete moron course like youre working help elect,Positive
https://x.com/TMinchiata,https://pbs.twimg.com/profile_images/1905087870735613952/quV48xNO_normal.jpg,Tanto Minchiata,@TMinchiata,·,Mar 28,"Iran was already shooting missiles at Israel. The war was already going on. What you are really saying is don't fight back. Hard pass, Temu Daisy Duke.",48,3,,https://x.com/TMinchiata/status/2037564755649712485,https://x.com/TMinchiata/status/2037564755649712485/analytics,iran was already shooting missiles at israel the war was already going on what you are really saying is dont fight back hard pass temu daisy duke,iran already shooting missile israel war already going really saying dont fight back hard pas temu daisy duke,Neutral
https://x.com/HunterAllen4,https://pbs.twimg.com/profile_images/1829508095438925824/68zmBUbu_normal.jpg,Hunter Allen,@HunterAllen4,·,Mar 27,"Agreed 

But boots on ground today and extended the 2 day war again 

Soooo",307,1,,https://x.com/HunterAllen4/status/2037533323170402578,https://x.com/HunterAllen4/status/2037533323170402578/analytics,agreed but boots on ground today and extended the day war again soooo,agreed boot ground today extended day war soooo,Neutral
https://x.com/Ehsanism,https://pbs.twimg.com/profile_images/2016947383993524224/XeAhfKCw_normal.jpg,Ehsan 𓄂☼,@Ehsanism,·,Mar 27,She's obviously a moron. Do NOT end it before total collapse of the regime!,253,12,,https://x.com/Ehsanism/status/2037554601176465456,https://x.com/Ehsanism/status/2037554601176465456/analytics,shes obviously a moron do not end it before total collapse of the regime,shes obviously moron end total collapse regime,Positive
https://x.com/VN1VN77,https://pbs.twimg.com/profile_images/1885158811574353920/WEBXtMn0_normal.jpg,Victor777,@VN1VN77,·,Mar 28,Who told you that?,57,1,9,https://x.com/VN1VN77/status/2037619186482962735,https://x.com/VN1VN77/status/2037619186482962735/analytics,who told you that,told,Neutral
https://x.com/proteinwisdom,https://pbs.twimg.com/profile_images/453973689793396737/UP7wukhS_normal.jpeg,Mulder’s Long Fight for Account Reinstatement,@proteinwisdom,·,Mar 27,"“Win the war in Iran.”

There. Fixed it for you, gym slut.",619,2,3,https://x.com/proteinwisdom/status/2037536053863821760,https://x.com/proteinwisdom/status/2037536053863821760/analytics,win the war in iran there fixed it for you gym slut,win war iran fixed gym slut,Negative
https://x.com/kingkhone4real,https://pbs.twimg.com/profile_images/2017237919044345856/VUF7LmAm_normal.jpg,Khone,@kingkhone4real,·,Mar 27,"Make Israel Great Again, MIGA",92,4,,https://x.com/kingkhone4real/status/2037548028135923900,https://x.com/kingkhone4real/status/2037548028135923900/analytics,make israel great again miga,make israel great miga,Neutral
https://x.com/Calim1701,https://pbs.twimg.com/profile_images/1347701350172266498/5p3zctph_normal.jpg,Susan Dietz,@Calim1701,·,Mar 28,"I voted for a safe America. When a country tells you they have missiles that can hit NYC, then you need to see if they do. If that means bombing them out of existence, that works for me.",14,2,,https://x.com/Calim1701/status/2037607340686586156,https://x.com/Calim1701/status/2037607340686586156/analytics,i voted for a safe america when a country tells you they have missiles that can hit nyc then you need to see if they do if that means bombing them out of existence that works for me,voted safe america country tell missile hit nyc need see mean bombing existence work,Neutral
https://x.com/RayFenton321,https://abs.twimg.com/sticky/default_profile_images/default_profile_normal.png,Ralph Desimone,@RayFenton321,·,Mar 28,"You are missing the fact that the current Iran regime has been at war with the USA for 47 years, has killed thousands, and was making progress on their ability to kill many millions.
It would have been the worst kind of dereliction of duty for any president to not act to protect",85,3,,https://x.com/RayFenton321/status/2037582674857214321,https://x.com/RayFenton321/status/2037582674857214321/analytics,you are missing the fact that the current iran regime has been at war with the usa for years has killed thousands and was making progress on their ability to kill many millions it would have been the worst kind of dereliction of duty for any president to not act to protect,missing fact current iran regime war usa year killed thousand making progress ability kill many million would worst kind dereliction duty president act protect,Negative
https://x.com/Rahmanalipk,https://pbs.twimg.com/profile_images/2021862818719707136/-KkW1c0d_normal.jpg,Rahman Ali,@Rahmanalipk,·,Mar 27,The wrong path chosen. End the Iran war now for humanity’s sake.,53,3,,https://x.com/Rahmanalipk/status/2037539337525706909,https://x.com/Rahmanalipk/status/2037539337525706909/analytics,the wrong path chosen end the iran war now for humanitys sake,wrong path chosen end iran war humanity sake,Neutral
https://x.com/JLimebrook,https://pbs.twimg.com/profile_images/1641949543679000578/rcEsyrAO_normal.jpg,Tyrone Slothrop,@JLimebrook,·,Mar 28,"You're not really against the war, you're just against fighting alongside Israel.  I used to like you, but you're a disgusting bigot.",31,1,1,https://x.com/JLimebrook/status/2037581133672829419,https://x.com/JLimebrook/status/2037581133672829419/analytics,youre not really against the war youre just against fighting alongside israel i used to like you but youre a disgusting bigot,youre really war youre fighting alongside israel used like youre disgusting bigot,Positive
https://x.com/omarfade_,https://pbs.twimg.com/profile_images/1935310475975127040/gAs1Pjko_normal.jpg,Omar | Fade,@omarfade_,·,Mar 27,Started a war nobody voted for and now everyone is paying the price for it,33,3,,https://x.com/omarfade_/status/2037541855446126986,https://x.com/omarfade_/status/2037541855446126986/analytics,started a war nobody voted for and now everyone is paying the price for it,started war nobody voted everyone paying price,Neutral
https://x.com/ChuckVarnum247,https://pbs.twimg.com/profile_images/1585881704148848640/NsouNCjN_normal.jpg,Chuck Varnum,@ChuckVarnum247,·,Mar 27,From MAGA supporter to Mullah supporter. You’ve outdone yourself.,24,2,,https://x.com/ChuckVarnum247/status/2037543697840279943,https://x.com/ChuckVarnum247/status/2037543697840279943/analytics,from maga supporter to mullah supporter youve outdone yourself,maga supporter mullah supporter youve outdone,Neutral
https://x.com/peacemaker_joe,https://pbs.twimg.com/profile_images/1938406138447331328/OnBY3RPO_normal.jpg,JC,@peacemaker_joe,·,Mar 27,Margie……you were conned by a coward hopefully he has shown u his true colors.  Thank you for showing us yours!,114,1,3,https://x.com/peacemaker_joe/status/2037547779887604164,https://x.com/peacemaker_joe/status/2037547779887604164/analytics,margieyou were conned by a coward hopefully he has shown u his true colors thank you for showing us yours,margieyou conned coward hopefully shown true color thank showing u,Positive
https://x.com/MRJbloodmage,https://pbs.twimg.com/profile_images/1958457676389838848/m3N79LUK_normal.jpg,Mohamad Jafarof,@MRJbloodmage,·,Mar 27,"Lady you’re delusional af!! Sit down this one. 
Have you ever lived in Iran??? Have you? Its not a war. Its rescue mission. 
Please if you don’t what you’re talking about, just stop talking and ruining everything. 
You obviously don’t care about humanity or Iran or Americans.",52,2,,https://x.com/MRJbloodmage/status/2037547687843930599,https://x.com/MRJbloodmage/status/2037547687843930599/analytics,lady youre delusional af sit down this one have you ever lived in iran have you its not a war its rescue mission please if you dont what youre talking about just stop talking and ruining everything you obviously dont care about humanity or iran or americans,lady youre delusional af sit one ever lived iran war rescue mission please dont youre talking stop talking ruining everything obviously dont care humanity iran american,Positive
https://x.com/iamparadise01,https://pbs.twimg.com/profile_images/2034390635789045763/BonhqQMK_normal.jpg,DrakeDailyHQ,@iamparadise01,·,Mar 27,Why are you complaining here? Go to the White House,23,1,,https://x.com/iamparadise01/status/2037544373064257572,https://x.com/iamparadise01/status/2037544373064257572/analytics,why are you complaining here go to the white house,complaining go white house,Negative
https://x.com/CindyLM1969,https://pbs.twimg.com/profile_images/1941939048399941632/bboZVEtL_normal.jpg,CLM,@CindyLM1969,·,Mar 27,You need to read the room. Nobody listens to you and nobody wants your opinion,106,13,,https://x.com/CindyLM1969/status/2037553950707077402,https://x.com/CindyLM1969/status/2037553950707077402/analytics,you need to read the room nobody listens to you and nobody wants your opinion,need read room nobody listens nobody want opinion,Negative
https://x.com/jlschuth,https://pbs.twimg.com/profile_images/1867863988588941312/fTTdYuD-_normal.jpg,Jeff & Rio,@jlschuth,·,Mar 27,"Idiot!  Where in the Hell have you been for the past 47 years!
Were you born under a rock and stayed there??
Or…are you simply a lying POS?",54,1,4,https://x.com/jlschuth/status/2037539060579750215,https://x.com/jlschuth/status/2037539060579750215/analytics,idiot where in the hell have you been for the past years were you born under a rock and stayed there orare you simply a lying pos,idiot hell past year born rock stayed orare simply lying po,Neutral
https://x.com/dyyrStraits,https://pbs.twimg.com/profile_images/1527450182660435968/e9FHaDYW_normal.jpg,dyyrStraits,@dyyrStraits,·,Mar 27,I guess you'll stand behind any cause as long as it's not Trump. TDS has infected you.,40,2,4,https://x.com/dyyrStraits/status/2037547755259003014,https://x.com/dyyrStraits/status/2037547755259003014/analytics,i guess youll stand behind any cause as long as its not trump tds has infected you,guess youll stand behind long trump tds infected,Neutral
https://x.com/WomenAreFedUp,https://pbs.twimg.com/profile_images/1907423636962590720/_pYEcyyg_normal.jpg,Center Lefty,@WomenAreFedUp,·,Mar 28,"And it’s costing taxpayers billions per day!

We can’t afford healthcare, groceries, gas, rent/mortgages, clothing, utilities, or car payments. Yet Trump spends billions on an illegal war. It’s infuriating!",12,,,https://x.com/WomenAreFedUp/status/2037881749611389333,https://x.com/WomenAreFedUp/status/2037881749611389333/analytics,and its costing taxpayers billions per day we cant afford healthcare groceries gas rentmortgages clothing utilities or car payments yet trump spends billions on an illegal war its infuriating,costing taxpayer billion per day cant afford healthcare grocery gas rentmortgages clothing utility car payment yet trump spends billion illegal war infuriating,Neutral
https://x.com/Brutal_Realist_,https://pbs.twimg.com/profile_images/1967799759713763328/u_CfyW4F_normal.jpg,Brutal Realist,@Brutal_Realist_,·,Mar 27,"Wars are easy to start in boardrooms and impossible to explain at funerals.
The people who voted for change didn't vote for this.
That gap between mandate and action is where trust goes to die.",111,3,,https://x.com/Brutal_Realist_/status/2037539353908703417,https://x.com/Brutal_Realist_/status/2037539353908703417/analytics,wars are easy to start in boardrooms and impossible to explain at funerals the people who voted for change didnt vote for this that gap between mandate and action is where trust goes to die,war easy start boardroom impossible explain funeral people voted change didnt vote gap mandate action trust go die,Neutral
https://x.com/MonaMartin59,https://pbs.twimg.com/profile_images/1864645649079193600/LIU2UhT7_normal.jpg,GatorGurl,@MonaMartin59,·,Mar 27,We voted for Trump to do what is necessary to taking the trash out…go retire loud mouth,27,1,,https://x.com/MonaMartin59/status/2037544867807584710,https://x.com/MonaMartin59/status/2037544867807584710/analytics,we voted for trump to do what is necessary to taking the trash outgo retire loud mouth,voted trump necessary taking trash outgo retire loud mouth,Positive
https://x.com/Muzegirl,https://pbs.twimg.com/profile_images/1855255488322998273/JDQzjlAz_normal.jpg,Muzegirl,@Muzegirl,·,Mar 27,"Situations arise and results in changes to the plan, genius. 

Like there was a time I never saw you as a turn coat quitter.",41,1,,https://x.com/Muzegirl/status/2037543142879121899,https://x.com/Muzegirl/status/2037543142879121899/analytics,situations arise and results in changes to the plan genius like there was a time i never saw you as a turn coat quitter,situation arise result change plan genius like time never saw turn coat quitter,Negative
https://x.com/OBrey_1,https://pbs.twimg.com/profile_images/1991261830077886464/IeJ50gGP_normal.jpg,O’Brey,@OBrey_1,·,Mar 27,"You know how we know you’ve been turned?
Because no war with Iran was one thing, but doubling down and claiming the U.S. started it is without a doubt an indication.",55,2,,https://x.com/OBrey_1/status/2037546932793401536,https://x.com/OBrey_1/status/2037546932793401536/analytics,you know how we know youve been turned because no war with iran was one thing but doubling down and claiming the us started it is without a doubt an indication,know know youve turned war iran one thing doubling claiming u started without doubt indication,Positive
https://x.com/sahu42750,https://pbs.twimg.com/profile_images/2026329411377905664/pJqzGZ-J_normal.jpg,Shiwad Ganesh,@sahu42750,·,Mar 27,"will continuing this conflict restore long-term stability and security, or will prolonged energy shocks, rising inflation in emerging economies, and civilian casualties push the international community toward urgent de-escalation?",89,3,,https://x.com/sahu42750/status/2037540695406436796,https://x.com/sahu42750/status/2037540695406436796/analytics,will continuing this conflict restore longterm stability and security or will prolonged energy shocks rising inflation in emerging economies and civilian casualties push the international community toward urgent deescalation,continuing conflict restore longterm stability security prolonged energy shock rising inflation emerging economy civilian casualty push international community toward urgent deescalation,Negative
https://x.com/TheDirtyAlpaca,https://pbs.twimg.com/profile_images/1460826051064569863/Yr-AypHv_normal.jpg,TheDirtyAlpaca,@TheDirtyAlpaca,·,Mar 27,Holy shit...stfu. you talk more now than when you were in office. Seem to have alot to say for someone who quit representing the people.,59,7,,https://x.com/TheDirtyAlpaca/status/2037534486661906902,https://x.com/TheDirtyAlpaca/status/2037534486661906902/analytics,holy shitstfu you talk more now than when you were in office seem to have alot to say for someone who quit representing the people,holy shitstfu talk office seem alot say someone quit representing people,Neutral
https://x.com/StevenJ95733546,https://pbs.twimg.com/profile_images/1686872129763975168/XZO7ExKo_normal.jpg,Uri the zionist car guy,@StevenJ95733546,·,Mar 28,"The American people voted to let Trump decide what they needed. The United States is a representative democracy, not a direct democracy.",29,1,,https://x.com/StevenJ95733546/status/2037614382268489841,https://x.com/StevenJ95733546/status/2037614382268489841/analytics,the american people voted to let trump decide what they needed the __united_states__ __united_states__ is a representative democracy not a direct democracy,american people voted let trump decide needed united_states united_states representative democracy direct democracy,Neutral
https://x.com/darrin_lofton,https://pbs.twimg.com/profile_images/2028740105096351744/31c0edJC_normal.jpg,Darrin Lofton,@darrin_lofton,·,Mar 27,The Ayatollah appreciates your unwavering support,45,2,,https://x.com/darrin_lofton/status/2037547009054503029,https://x.com/darrin_lofton/status/2037547009054503029/analytics,the ayatollah appreciates your unwavering support,ayatollah appreciates unwavering support,Positive
https://x.com/2_tts,https://pbs.twimg.com/profile_images/1039988603450011648/60Ohj1J7_normal.jpg,Tom T 2.0,@2_tts,·,Mar 27,Because Iran wasn't handled 4 presidents ago is the reason we are in this gigantic mess now.,185,2,22,https://x.com/2_tts/status/2037536347708412211,https://x.com/2_tts/status/2037536347708412211/analytics,because iran wasnt handled presidents ago is the reason we are in this gigantic mess now,iran wasnt handled president ago reason gigantic mess,Neutral
https://x.com/elexsiscaliskan,https://pbs.twimg.com/profile_images/1942343088086867970/E4PY8h5L_normal.jpg,Elexsis Caliskan,@elexsiscaliskan,·,Mar 27,Modern woman: watching Jewish western Hollywood with literally no education on history. Confused!,35,3,,https://x.com/elexsiscaliskan/status/2037539377539338307,https://x.com/elexsiscaliskan/status/2037539377539338307/analytics,modern woman watching jewish western hollywood with literally no education on history confused,modern woman watching jewish western hollywood literally education history confused,Neutral
https://x.com/TimRRich,https://pbs.twimg.com/profile_images/1586004864454238208/Wor-j3DB_normal.jpg,Tim R,@TimRRich,·,Mar 27,I voted for it. Fck off. You don't speak for me and millions of others that back our POTUS.,39,4,,https://x.com/TimRRich/status/2037542388218888521,https://x.com/TimRRich/status/2037542388218888521/analytics,i voted for it fck off you dont speak for me and millions of others that back our potus,voted fck dont speak million others back potus,Neutral
https://x.com/Rokeniswatching,https://pbs.twimg.com/profile_images/1879570499921190912/DvOzqY8D_normal.jpg,Roken,@Rokeniswatching,·,Mar 28,"You just refuse to understand that Iran started this war.

When you cannot get even basic facts correct, you have NOTHING to say.",31,2,,https://x.com/Rokeniswatching/status/2037564039354867753,https://x.com/Rokeniswatching/status/2037564039354867753/analytics,you just refuse to understand that iran started this war when you cannot get even basic facts correct you have nothing to say,refuse understand iran started war cannot get even basic fact correct nothing say,Neutral
https://x.com/Irsheyzs2,https://pbs.twimg.com/profile_images/2030060345327505409/fbwgY4sC_normal.jpg,DJ,@Irsheyzs2,·,Mar 27,Key word in your title FORMER therefore please do everyone a solid and…,81,4,15,https://x.com/Irsheyzs2/status/2037540603576131990,https://x.com/Irsheyzs2/status/2037540603576131990/analytics,key word in your title former therefore please do everyone a solid and,key word title former therefore please everyone solid,Positive
https://x.com/AncientGamer_GG,https://pbs.twimg.com/profile_images/1967075790501318656/AA39jX0G_normal.jpg,Ancient Gamer,@AncientGamer_GG,·,Mar 28,it's EXACTLY what we voted for... now try be less of an attention whore,21,2,,https://x.com/AncientGamer_GG/status/2037562669272817825,https://x.com/AncientGamer_GG/status/2037562669272817825/analytics,its exactly what we voted for now try be less of an attention whore,exactly voted try less attention whore,Negative
https://x.com/JSuperswan,https://pbs.twimg.com/profile_images/1937427051994103808/FO3RFsch_normal.jpg,S W A N,@JSuperswan,·,Mar 27,"An unconstitutional war, fueled by a false golden age of pride, is pushing America toward decline.",65,6,,https://x.com/JSuperswan/status/2037534703289327736,https://x.com/JSuperswan/status/2037534703289327736/analytics,an unconstitutional war fueled by a false golden age of pride is pushing america toward decline,unconstitutional war fueled false golden age pride pushing america toward decline,Negative
https://x.com/ObiWanKEKobi,https://pbs.twimg.com/profile_images/1151697335145115649/4Ajxhqeb_normal.jpg,Obi,@ObiWanKEKobi,·,Mar 27,"What MTG and the other antiwar alt-reich are actually thinking:  If Iran is defeated, then who will nuke the evil Jews.",29,2,,https://x.com/ObiWanKEKobi/status/2037554424827031902,https://x.com/ObiWanKEKobi/status/2037554424827031902/analytics,what mtg and the other antiwar altreich are actually thinking if iran is defeated then who will nuke the evil jews,mtg antiwar altreich actually thinking iran defeated nuke evil jew,Negative
https://x.com/Wealth_Counter,https://pbs.twimg.com/profile_images/2034531787670769664/IUHWI2i6_normal.png,WealthCounter,@Wealth_Counter,·,Mar 27,Civilian lives should remain the central concern in any geopolitical conflict but every modern war quickly becomes bigger than the original decision makers imagined...Lets Pray !,124,3,,https://x.com/Wealth_Counter/status/2037540104974319852,https://x.com/Wealth_Counter/status/2037540104974319852/analytics,civilian lives should remain the central concern in any geopolitical conflict but every modern war quickly becomes bigger than the original decision makers imaginedlets pray,civilian life remain central concern geopolitical conflict every modern war quickly becomes bigger original decision maker imaginedlets pray,Neutral
https://x.com/shuckey1,https://pbs.twimg.com/profile_images/1609030196220362754/D_-GZVHa_normal.jpg,ShuckeyT,@shuckey1,·,Mar 28,This should have been done long ago.,30,3,,https://x.com/shuckey1/status/2037734119447187906,https://x.com/shuckey1/status/2037734119447187906/analytics,this should have been done long ago,done long ago,Neutral
https://x.com/ScruffMcGruff11,https://pbs.twimg.com/profile_images/2015997132080087040/XayfsSdR_normal.jpg,Trump Train. All Aboard!!,@ScruffMcGruff11,·,Mar 28,"Shut the hell up you has been. More like a never was been. We voted for Trumps judgement not yours. Defeating the most dangerous terrorist organization on the planet is going to be a win and everyone will be silent when we tell you Trump was right, again.",61,3,,https://x.com/ScruffMcGruff11/status/2037588516159299969,https://x.com/ScruffMcGruff11/status/2037588516159299969/analytics,shut the hell up you has been more like a never was been we voted for trumps judgement not yours defeating the most dangerous terrorist organization on the planet is going to be a win and everyone will be silent when we tell you trump was right again,shut hell like never voted trump judgement defeating dangerous terrorist organization planet going win everyone silent tell trump right,Negative
https://x.com/JohnPLynch0316,https://pbs.twimg.com/profile_images/1891446490066776064/9wwPMfcu_normal.jpg,John Lynch,@JohnPLynch0316,·,Mar 27,47 years of threats was enough. We are getting rid of the threat. They killed 3500 service members with IED's and maimed over 25k. It was overdue.,54,4,,https://x.com/JohnPLynch0316/status/2037541129713799677,https://x.com/JohnPLynch0316/status/2037541129713799677/analytics,years of threats was enough we are getting rid of the threat they killed service members with ieds and maimed over k it was overdue,year threat enough getting rid threat killed service member ied maimed k overdue,Negative
https://x.com/ralph_now,https://pbs.twimg.com/profile_images/2019002482991538176/O4no12aU_normal.jpg,Ralph Now,@ralph_now,·,Mar 28,"Doom mongering defeatism. That's all this is. 
It's already over and the US won.",4,1,,https://x.com/ralph_now/status/2037864419678429416,https://x.com/ralph_now/status/2037864419678429416/analytics,doom mongering defeatism thats all this is its already over and the __united_states__ won,doom mongering defeatism thats already united_states,Negative
https://x.com/DebraMMason1,https://pbs.twimg.com/profile_images/1347876988984422400/xBMVekOq_normal.jpg,Ultra MAGA Deplorable Deb,@DebraMMason1,·,Mar 28,"I stand with President Trump! I trust him more than any other politician, especially quitters.",92,9,,https://x.com/DebraMMason1/status/2037635813408690595,https://x.com/DebraMMason1/status/2037635813408690595/analytics,i stand with president trump i trust him more than any other politician especially quitters,stand president trump trust politician especially quitter,Neutral
https://x.com/NiebuhrDawn,https://pbs.twimg.com/profile_images/1988110970007212032/3w7y6BAU_normal.jpg,Dawn Niebuhr,@NiebuhrDawn,·,Mar 28,"One of the penalties for refusing to participate in politics is that you end up being governed by your inferiors."" - Plato

FYI - You’re one of the nincompoops.",22,3,,https://x.com/NiebuhrDawn/status/2037599578598367590,https://x.com/NiebuhrDawn/status/2037599578598367590/analytics,one of the penalties for refusing to participate in politics is that you end up being governed by your inferiors plato fyi youre one of the nincompoops,one penalty refusing participate politics end governed inferior plato information youre one nincompoop,Negative
https://x.com/LindaG_RN,https://pbs.twimg.com/profile_images/1814016736666292225/BIv_FGni_normal.jpg,LindaRN,@LindaG_RN,·,Mar 28,You don’t speak for me you ignorant loser.  It was time Iran got taken down.  I’ve lived my whole life with their nuclear threats.,32,1,,https://x.com/LindaG_RN/status/2037692284654023113,https://x.com/LindaG_RN/status/2037692284654023113/analytics,you dont speak for me you ignorant loser it was time iran got taken down ive lived my whole life with their nuclear threats,dont speak ignorant loser time iran got taken ive lived whole life nuclear threat,Negative
https://x.com/Bobb_Dobbs,https://pbs.twimg.com/profile_images/1741881447307247616/pbLG1FRY_normal.png,Bobb Dobbs,@Bobb_Dobbs,·,Mar 27,What about the 30000 Iranians killed by the IRGC?,283,5,,https://x.com/Bobb_Dobbs/status/2037535799944622444,https://x.com/Bobb_Dobbs/status/2037535799944622444/analytics,what about the iranians killed by the irgc,iranian killed irgc,Negative
https://x.com/_Kris10_76,https://pbs.twimg.com/profile_images/1860226600987688960/yg6E5NXt_normal.jpg,Kris10,@_Kris10_76,·,Mar 28,It should be a requirement to know our country’s history to ever be a member of congress.,22,,,https://x.com/_Kris10_76/status/2037668765287301385,https://x.com/_Kris10_76/status/2037668765287301385/analytics,it should be a requirement to know our countrys history to ever be a member of congress,requirement know country history ever member congress,Neutral
https://x.com/DrHassdenteufel,https://pbs.twimg.com/profile_images/1861980948830498816/9eVxGSXp_normal.jpg,"Herr Doktor Haßdenteufel, nicht Frau Jackson",@DrHassdenteufel,·,Mar 28,"It’s up to Iran when it ends now.

And I am SO here for them taking the G7 down many, many pegs.",37,2,,https://x.com/DrHassdenteufel/status/2037579342486618335,https://x.com/DrHassdenteufel/status/2037579342486618335/analytics,its up to iran when it ends now and i am so here for them taking the g down many many pegs,iran end taking g many many peg,Neutral
https://x.com/TigerTim62,https://pbs.twimg.com/profile_images/1949192276527210496/KWFDp5Ux_normal.jpg,TigerTim62,@TigerTim62,·,Mar 27,"Freedom’s a bitch, isn’t it? Thank God you weren’t in congress during WW II.",47,3,,https://x.com/TigerTim62/status/2037541888547315919,https://x.com/TigerTim62/status/2037541888547315919/analytics,freedoms a bitch isnt it thank god you werent in congress during ww ii,freedom bitch isnt thank god werent congress ww ii,Negative
https://x.com/JosephGelman,https://pbs.twimg.com/profile_images/1479952498513391618/uikDKw5K_normal.jpg,Joseph Gelman,@JosephGelman,·,Mar 28,"It’s exactly what I voted for, and well as over 90% of MAGA by every poll done on the matter.",16,1,,https://x.com/JosephGelman/status/2037715624407748947,https://x.com/JosephGelman/status/2037715624407748947/analytics,its exactly what i voted for and well as over of maga by every poll done on the matter,exactly voted well maga every poll done matter,Positive
https://x.com/thecryptoboyeth,https://pbs.twimg.com/profile_images/1876323623989874688/ARj2PaEW_normal.jpg,domainsale.eth,@thecryptoboyeth,·,Mar 28,"This is such a great and sensible take, I thought this was a Marjorie green parody account. Wow!",65,1,1,https://x.com/thecryptoboyeth/status/2037656773071433877,https://x.com/thecryptoboyeth/status/2037656773071433877/analytics,this is such a great and sensible take i thought this was a marjorie green parody account wow,great sensible take thought marjorie green parody account wow,Neutral
https://x.com/whynotstartt,https://pbs.twimg.com/profile_images/2033843365968486400/jizXW3QO_normal.jpg,whynotstart,@whynotstartt,·,Mar 27,"Ending wars sounds simple… until you realize neither side thinks it’s losing.
That’s why conflicts drag on, and why the cost keeps rising for everyone else.",240,1,,https://x.com/whynotstartt/status/2037536222403338750,https://x.com/whynotstartt/status/2037536222403338750/analytics,ending wars sounds simple until you realize neither side thinks its losing thats why conflicts drag on and why the cost keeps rising for everyone else,ending war sound simple realize neither side think losing thats conflict drag cost keep rising everyone else,Neutral
https://x.com/the_bullywug,https://pbs.twimg.com/profile_images/1829977073282158592/msdiQ8hx_normal.jpg,Chris Zero,@the_bullywug,·,Mar 27,A strong America no longer hobbled by managed decline and self-imposed weakness is what I voted for. Ending the threat of Iran is long overdue.,91,7,,https://x.com/the_bullywug/status/2037535306073706992,https://x.com/the_bullywug/status/2037535306073706992/analytics,a strong america no longer hobbled by managed decline and selfimposed weakness is what i voted for ending the threat of iran is long overdue,strong america longer hobbled managed decline selfimposed weakness voted ending threat iran long overdue,Neutral
https://x.com/nightjuice,https://pbs.twimg.com/profile_images/1779254223210762240/kLtpEG1x_normal.jpg,Night,@nightjuice,·,Mar 27,American people voted for you and you quit on them so stop talking.,145,11,,https://x.com/nightjuice/status/2037535779358957998,https://x.com/nightjuice/status/2037535779358957998/analytics,american people voted for you and you quit on them so stop talking,american people voted quit stop talking,Neutral
https://x.com/BlueHorizon818,https://pbs.twimg.com/profile_images/1833970344513753088/AjGeMbH4_normal.jpg,Guy,@BlueHorizon818,·,Mar 28,The free world should take close note of everyone who made a desperate effort to save this barbaric regime. History will judge you all with extreme prejudice.,48,5,,https://x.com/BlueHorizon818/status/2037575534775820779,https://x.com/BlueHorizon818/status/2037575534775820779/analytics,the free world should take close note of everyone who made a desperate effort to save this barbaric regime history will judge you all with extreme prejudice,free world take close note everyone made desperate effort save barbaric regime history judge extreme prejudice,Neutral
https://x.com/Compass_Report,https://pbs.twimg.com/profile_images/2013582034585706496/DqnvikBk_normal.jpg,The Compass Report,@Compass_Report,·,Mar 27,"I completely agree with you.
From outside, it's clear this path serves no one, except those who profit from war. Innocent people are dying, and the world is being pulled into a conflict that wasn't voted for and isn't being honestly debated.",181,1,8,https://x.com/Compass_Report/status/2037542944660418810,https://x.com/Compass_Report/status/2037542944660418810/analytics,i completely agree with you from outside its clear this path serves no one except those who profit from war innocent people are dying and the world is being pulled into a conflict that wasnt voted for and isnt being honestly debated,completely agree outside clear path serf one except profit war innocent people dying world pulled conflict wasnt voted isnt honestly debated,Positive
https://x.com/STWxAi,https://pbs.twimg.com/profile_images/1938672814816665600/9z2hsmcG_normal.jpg,SaveTheWorld,@STWxAi,·,Mar 28,Iran and Russia and others want it to continue… keeps oil prices high,64,1,,https://x.com/STWxAi/status/2037602613122990551,https://x.com/STWxAi/status/2037602613122990551/analytics,iran and russia and others want it to continue keeps oil prices high,iran russia others want continue keep oil price high,Neutral
https://x.com/Teyana29,https://pbs.twimg.com/profile_images/2030000148940496896/Uj1-dgZB_normal.jpg,Teyana,@Teyana29,·,Mar 27,"We also didn't vote for a new ballroom, the Kennedy Center to be renamed or his signature on currency yet here we are",221,1,,https://x.com/Teyana29/status/2037538289683488883,https://x.com/Teyana29/status/2037538289683488883/analytics,we also didnt vote for a new ballroom the kennedy center to be renamed or his signature on currency yet here we are,also didnt vote new ballroom kennedy center renamed signature currency yet,Positive
https://x.com/GenZPatriotz,https://pbs.twimg.com/profile_images/2024525702607802368/0TAG5SdP_normal.jpg,𝑮𝒆𝒏𝒁𝑷𝒂𝒕𝒓𝒊𝒐𝒕,@GenZPatriotz,·,Mar 27,"They won’t end it, they want to finish the greater israel project.",523,1,1,https://x.com/GenZPatriotz/status/2037533229624750297,https://x.com/GenZPatriotz/status/2037533229624750297/analytics,they wont end it they want to finish the greater israel project,wont end want finish greater israel project,Positive
https://x.com/DravenDon,https://pbs.twimg.com/profile_images/1856718565199527936/nGAbmYX4_normal.jpg,Don Draven,@DravenDon,·,Mar 27,"I have yet to hear anyone from the Trump Administration or Congress declare ""War"". It is a ""Military Operation"".",228,3,,https://x.com/DravenDon/status/2037534393800011948,https://x.com/DravenDon/status/2037534393800011948/analytics,i have yet to hear anyone from the trump administration or congress declare war it is a military operation,yet hear anyone trump administration congress declare war military operation,Positive
https://x.com/bigsexy_tote,https://pbs.twimg.com/profile_images/1463333834565562377/3MmkTLeo_normal.jpg,"Colonel Paul Green, Ret.",@bigsexy_tote,·,Mar 27,"Unfortunately, the American people who are dual citizens wanted this war, as well as their other country of citizenship. And most of our government is indebted or blackmailed by them and their lobbyists.",52,2,,https://x.com/bigsexy_tote/status/2037535019292405919,https://x.com/bigsexy_tote/status/2037535019292405919/analytics,unfortunately the american people who are dual citizens wanted this war as well as their other country of citizenship and most of our government is indebted or blackmailed by them and their lobbyists,unfortunately american people dual citizen wanted war well country citizenship government indebted blackmailed lobbyist,Positive
https://x.com/CollinCusce,https://pbs.twimg.com/profile_images/2031844243262578688/H7jqI2Ur_normal.jpg,Collin Cusce,@CollinCusce,·,Mar 27,Why? Iran is doing good work in Israel. Just limp it in and breadcrumb Israel until they no longer exist.,130,5,,https://x.com/CollinCusce/status/2037533559192203648,https://x.com/CollinCusce/status/2037533559192203648/analytics,why iran is doing good work in israel just limp it in and breadcrumb israel until they no longer exist,iran good work israel limp breadcrumb israel longer exist,Positive
https://x.com/DonSatina,https://pbs.twimg.com/profile_images/1883161832958894080/u3EkhTLf_normal.jpg,Don Satina,@DonSatina,·,Mar 27,"Please go away, quitter. We did vote for this - making sure that Iran never gets a nuclear weapon was one of President Trump's Campaign promises.",136,3,20,https://x.com/DonSatina/status/2037534953806725559,https://x.com/DonSatina/status/2037534953806725559/analytics,please go away quitter we did vote for this making sure that iran never gets a nuclear weapon was one of president trumps campaign promises,please go away quitter vote making sure iran never get nuclear weapon one president trump campaign promise,Neutral
https://x.com/suthrnsass71,https://pbs.twimg.com/profile_images/1578079093496897536/6-8WtQDW_normal.jpg,Queen of Charts,@suthrnsass71,·,Mar 28,Shut up Piggy!,10,2,1,https://x.com/suthrnsass71/status/2037618762057204101,https://x.com/suthrnsass71/status/2037618762057204101/analytics,shut up piggy,shut piggy,Neutral
https://x.com/PNDLTN13,https://pbs.twimg.com/profile_images/2008267588552585219/p5orVoE2_normal.png,Thaddeus Miller,@PNDLTN13,·,Mar 28,Go away you treasonous back stabbing piece of crap.,15,1,1,https://x.com/PNDLTN13/status/2037636207543504965,https://x.com/PNDLTN13/status/2037636207543504965/analytics,go away you treasonous back stabbing piece of crap,go away treasonous back stabbing piece crap,Neutral
https://x.com/JudyHousto77751,https://pbs.twimg.com/profile_images/2015288876810575872/ZxLyOE0Y_normal.jpg,JnurseH,@JudyHousto77751,·,Mar 27,You're an irrelevant loser.,19,1,,https://x.com/JudyHousto77751/status/2037556492816015589,https://x.com/JudyHousto77751/status/2037556492816015589/analytics,youre an irrelevant loser,youre irrelevant loser,Negative
https://x.com/OpentheJFKfiles,https://pbs.twimg.com/profile_images/1972831726507270144/cHKo3AIM_normal.jpg,Republicus,@OpentheJFKfiles,·,Mar 27,Parody account,Quote,GIF,1,https://x.com/OpentheJFKfiles/status/2037533654000275946,https://help.x.com/rules-and-policies/authenticity,parody account,parody account,Neutral
https://x.com/MammaH8r,https://pbs.twimg.com/profile_images/1807858306599604227/bW78z1f-_normal.jpg,MammaH8,@MammaH8r,·,Mar 28,Do you ever shut up?!?  We all wished you’d go away since the day you appeared. You are full of shit and just have higher ambitions.  Trump read you right.,9,1,4,https://x.com/MammaH8r/status/2037563124702945507,https://x.com/MammaH8r/status/2037563124702945507/analytics,do you ever shut up we all wished youd go away since the day you appeared you are full of shit and just have higher ambitions trump read you right,ever shut wished youd go away since day appeared full shit higher ambition trump read right,Neutral
https://x.com/Baloney_and,https://pbs.twimg.com/profile_images/2018018860109111296/NVTkp30A_normal.jpg,baloney_and_cheese,@Baloney_and,·,Mar 27,Got another,33,2,,https://x.com/Baloney_and/status/2037539531277185319,https://x.com/Baloney_and/status/2037539531277185319/analytics,got another,got another,Positive
https://x.com/MSeabers,https://pbs.twimg.com/profile_images/1519072160744095744/gDDzEBP9_normal.jpg,mike seabers,@MSeabers,·,Mar 28,Go away please.,5,1,2,https://x.com/MSeabers/status/2037627206797512879,https://x.com/MSeabers/status/2037627206797512879/analytics,go away please,go away please,Neutral
https://x.com/BooBooNyc,https://pbs.twimg.com/profile_images/1607483820068016128/8fMXqVlA_normal.jpg,Sarah,@BooBooNyc,·,Mar 27,Just fuck off.  You’re completely useless and definitely getting paid by a foreign country.,16,1,,https://x.com/BooBooNyc/status/2037558441284145552,https://x.com/BooBooNyc/status/2037558441284145552/analytics,just fuck off youre completely useless and definitely getting paid by a foreign country,fuck youre completely useless definitely getting paid foreign country,Neutral
https://x.com/XusernameLW610,https://pbs.twimg.com/profile_images/1730449468095422464/faDvINuP_normal.jpg,Lost Wookiee,@XusernameLW610,·,Mar 28,Don’t you have a cauldron to attend to?,7,,,https://x.com/XusernameLW610/status/2037884794952990884,https://x.com/XusernameLW610/status/2037884794952990884/analytics,dont you have a cauldron to attend to,dont cauldron attend,Neutral
https://x.com/KayT_Phelps,https://pbs.twimg.com/profile_images/1898379998131572736/GiTqSKEL_normal.jpg,Tina,@KayT_Phelps,·,Mar 28,It's Iran's fault dumbass,11,1,,https://x.com/KayT_Phelps/status/2037750530483568790,https://x.com/KayT_Phelps/status/2037750530483568790/analytics,its irans fault dumbass,iran fault dumbass,Negative
https://x.com/troy_sr58481,https://pbs.twimg.com/profile_images/1976435247399997440/LhNq14GY_normal.jpg,TexasTroy,@troy_sr58481,·,Mar 28,None of your business anymore. You got rich and looked for a way out. Go away,5,1,2,https://x.com/troy_sr58481/status/2037617554030489667,https://x.com/troy_sr58481/status/2037617554030489667/analytics,none of your business anymore you got rich and looked for a way out go away,none business anymore got rich looked way go away,Neutral
https://x.com/LiberalsSuck420,https://pbs.twimg.com/profile_images/2036985588814143488/R0q6xvlY_normal.jpg,CJ,@LiberalsSuck420,·,Mar 28,We don’t care for what you think. You aren’t the president.,8,1,,https://x.com/LiberalsSuck420/status/2037772927387513189,https://x.com/LiberalsSuck420/status/2037772927387513189/analytics,we dont care for what you think you arent the president,dont care think arent president,Neutral
https://x.com/PatriotT15803,https://pbs.twimg.com/profile_images/1852367044471058432/nwABv5c6_normal.jpg,Patriot Disappointed No Accountability,@PatriotT15803,·,Mar 28,MANY INNOCENT PEOPLE?,10,1,2,https://x.com/PatriotT15803/status/2037632149759598958,https://x.com/PatriotT15803/status/2037632149759598958/analytics,many innocent people,many innocent people,Positive
https://x.com/JeffPipelayerxl,https://pbs.twimg.com/profile_images/378800000499638718/75b7291ebd2d842c6d037b63e0abe38e_normal.jpeg,Jeff Jarrett,@JeffPipelayerxl,·,Mar 27,Democrat op,20,3,,https://x.com/JeffPipelayerxl/status/2037554749457744307,https://x.com/JeffPipelayerxl/status/2037554749457744307/analytics,democrat op,democrat op,Neutral
https://x.com/AddisonOklahoma,https://pbs.twimg.com/profile_images/2031858098756009984/07nW9ozn_normal.jpg,Addison Holmes,@AddisonOklahoma,·,Mar 28,Why did you quit though? Seems like a weak thing to do,4,,,https://x.com/AddisonOklahoma/status/2037690138872991777,https://x.com/AddisonOklahoma/status/2037690138872991777/analytics,why did you quit though seems like a weak thing to do,quit though seems like weak thing,Negative
https://x.com/Irsheyzs2,https://pbs.twimg.com/profile_images/2030060345327505409/fbwgY4sC_normal.jpg,DJ,@Irsheyzs2,·,Mar 27,Let’s take a look at just a innocent people who DIED ON YOUR WATCH and don’t forget YOUR newest victim SHERIDAN GORMAN,13,1,,https://x.com/Irsheyzs2/status/2037540991385624802,https://x.com/Irsheyzs2/status/2037540991385624802/analytics,lets take a look at just a innocent people who died on your watch and dont forget your newest victim sheridan gorman,let take look innocent people died watch dont forget newest victim sheridan gorman,Positive
https://x.com/RandomDeplorab1,https://pbs.twimg.com/profile_images/1930793350468116480/wDQ92odl_normal.jpg,Road Warrior (Bimmer),@RandomDeplorab1,·,Mar 28,Why didn't you travel to Cuba with your communist Code Pink friends?,8,1,2,https://x.com/RandomDeplorab1/status/2037617488276381898,https://x.com/RandomDeplorab1/status/2037617488276381898/analytics,why didnt you travel to cuba with your communist code pink friends,didnt travel cuba communist code pink friend,Neutral
https://x.com/JSaussaman,https://pbs.twimg.com/profile_images/1917334937495093249/OxmntfFp_normal.jpg,The Real Saussboss,@JSaussaman,·,Mar 27,Don’t you have “construction business” to run? You quit no one gives a FUCK what quitters have to say.,3,1,,https://x.com/JSaussaman/status/2037553619759702352,https://x.com/JSaussaman/status/2037553619759702352/analytics,dont you have construction business to run you quit no one gives a fuck what quitters have to say,dont construction business run quit one give fuck quitter say,Neutral
https://x.com/LisaFord59,https://pbs.twimg.com/profile_images/1887148428419084288/9mQE2Var_normal.jpg,lisa ford,@LisaFord59,·,Mar 28,Please go away. Quietly.,5,1,1,https://x.com/LisaFord59/status/2037667105387028509,https://x.com/LisaFord59/status/2037667105387028509/analytics,please go away quietly,please go away quietly,Negative
https://x.com/Lord_Mark8,https://pbs.twimg.com/profile_images/1604564156648230912/1MQFV8Cw_normal.jpg,Lord Mark,@Lord_Mark8,·,Mar 28,"Shut up retard, getting rid of the Iranian terrorists is something that should have been done decades ago.",20,1,2,https://x.com/Lord_Mark8/status/2037608330319827163,https://x.com/Lord_Mark8/status/2037608330319827163/analytics,shut up retard getting rid of the iranian terrorists is something that should have been done decades ago,shut retard getting rid iranian terrorist something done decade ago,Neutral
https://x.com/EW14879353,https://pbs.twimg.com/profile_images/1658612013860364288/ALrV7zlV_normal.jpg,EW,@EW14879353,·,Mar 27,Blah blah blah. Can’t stand not being in the limelight? Get back to the gym and remember that you walked out on your constituents after making millions in congress. Please go away.,11,2,,https://x.com/EW14879353/status/2037558992172400697,https://x.com/EW14879353/status/2037558992172400697/analytics,blah blah blah cant stand not being in the limelight get back to the gym and remember that you walked out on your constituents after making millions in congress please go away,blah blah blah cant stand limelight get back gym remember walked constituent making million congress please go away,Neutral
https://x.com/JackHughesUSA,https://pbs.twimg.com/profile_images/2029741002454597632/0hcL61Lu_normal.jpg,PuckToTheChompers,@JackHughesUSA,·,Mar 28,You quit on America. Sit this one out.,5,,,https://x.com/JackHughesUSA/status/2037800770779906343,https://x.com/JackHughesUSA/status/2037800770779906343/analytics,you quit on america sit this one out,quit america sit one,Neutral
https://x.com/SeniorChief5858,https://pbs.twimg.com/profile_images/1585994132526440448/KjZf09gd_normal.jpg,Senior Chief,@SeniorChief5858,·,Mar 27,"When regime change comes, we will end it..   sit your ass down",97,4,5,https://x.com/SeniorChief5858/status/2037533257428803946,https://x.com/SeniorChief5858/status/2037533257428803946/analytics,when regime change comes we will end it sit your ass down,regime change come end sit as,Neutral
https://x.com/FractopJohn,https://pbs.twimg.com/profile_images/1758173117086908416/xucyz12x_normal.jpg,John,@FractopJohn,·,Mar 28,You are part of the pysop to divide us.,7,1,1,https://x.com/FractopJohn/status/2037675281029509270,https://x.com/FractopJohn/status/2037675281029509270/analytics,you are part of the pysop to divide us,part pysop divide u,Negative
https://x.com/jeffb741987,https://pbs.twimg.com/profile_images/2023101541285339136/39AlIgJf_normal.jpg,jeff,@jeffb741987,·,Mar 27,America wants voter id and its in the senate right now. Go get it for Americans,11,2,,https://x.com/jeffb741987/status/2037540232988590528,https://x.com/jeffb741987/status/2037540232988590528/analytics,america wants voter id and its in the senate right now go get it for americans,america want voter id senate right go get american,Neutral
https://x.com/JMP2556,https://pbs.twimg.com/profile_images/1595546234382589958/n4wsKdEG_normal.jpg,JMP,@JMP2556,·,Mar 29,"How in the world did you get by in life with a .5 IQ, MTG?",2,,,https://x.com/JMP2556/status/2037925983701860478,https://x.com/JMP2556/status/2037925983701860478/analytics,how in the world did you get by in life with a iq mtg,world get life iq mtg,Neutral
https://x.com/JosephA33721820,https://pbs.twimg.com/profile_images/1534240783573950464/pJBceVs9_normal.jpg,Joseph Alexander,@JosephA33721820,·,Mar 28,Anti Jewish Political Has Been???,4,,,https://x.com/JosephA33721820/status/2037688547931574670,https://x.com/JosephA33721820/status/2037688547931574670/analytics,anti jewish political has been,anti jewish political,Negative
https://x.com/GerryWalsh1313,https://pbs.twimg.com/profile_images/1714349867747708928/BSX36nkl_normal.png,Gerry W,@GerryWalsh1313,·,Mar 27,GFUS!,5,2,,https://x.com/GerryWalsh1313/status/2037557401864315025,https://x.com/GerryWalsh1313/status/2037557401864315025/analytics,gfus,gfus,Neutral
https://x.com/Jetnetschlenk,https://pbs.twimg.com/profile_images/1854227847860076562/87ioiiSg_normal.jpg,Jeanette V Schlenker,@Jetnetschlenk,·,Mar 28,OMG! Shut your irrelevant pie hole! PULEEEZE!,3,,,https://x.com/Jetnetschlenk/status/2037704948549402683,https://x.com/Jetnetschlenk/status/2037704948549402683/analytics,omg shut your irrelevant pie hole puleeeze,oh god shut irrelevant pie hole puleeeze,Negative
https://x.com/funsizedspud,https://pbs.twimg.com/profile_images/1799232320307941376/2FBjuDSz_normal.jpg,45TrumpsAll,@funsizedspud,·,Mar 27,Fuck off traitor,33,4,,https://x.com/funsizedspud/status/2037537739999183331,https://x.com/funsizedspud/status/2037537739999183331/analytics,fuck off traitor,fuck traitor,Neutral
https://x.com/DougMoffettJazz,https://pbs.twimg.com/profile_images/1741770905557270528/hZHFBuXI_normal.jpg,The Jazzer® - The Governor of Guitar®,@DougMoffettJazz,·,Mar 28,"WIN the war in Iran fast, and then it will be over.",29,1,1,https://x.com/DougMoffettJazz/status/2037619271023661392,https://x.com/DougMoffettJazz/status/2037619271023661392/analytics,win the war in iran fast and then it will be over,win war iran fast,Neutral
https://x.com/gordn24,https://pbs.twimg.com/profile_images/2019145674034401281/kcJCflUc_normal.jpg,Shera Maga Patriot,@gordn24,·,Mar 27,You turned and run with your tail between your legs so STFU!,14,1,2,https://x.com/gordn24/status/2037539149196960242,https://x.com/gordn24/status/2037539149196960242/analytics,you turned and run with your tail between your legs so stfu,turned run tail leg stfu,Neutral
https://x.com/EvilDick6476,https://pbs.twimg.com/profile_images/1966110622929526784/Eg8Fk6Ob_normal.jpg,EvilDick,@EvilDick6476,·,Mar 28,You are a weasel,11,2,,https://x.com/EvilDick6476/status/2037562284474511705,https://x.com/EvilDick6476/status/2037562284474511705/analytics,you are a weasel,weasel,Neutral
https://x.com/Glennstradomus,https://pbs.twimg.com/profile_images/1470789082867507206/HtpMD-ew_normal.png,Glenn Myers,@Glennstradomus,·,Mar 28,Stfu,4,1,,https://x.com/Glennstradomus/status/2037598809539137632,https://x.com/Glennstradomus/status/2037598809539137632/analytics,stfu,stfu,Neutral
https://x.com/LJT1212,https://pbs.twimg.com/profile_images/1821259276112875520/UBiHiaXj_normal.jpg,chicago,@LJT1212,·,Mar 28,Says the woman who cashed out and quit!,13,1,3,https://x.com/LJT1212/status/2037609006340907490,https://x.com/LJT1212/status/2037609006340907490/analytics,says the woman who cashed out and quit,say woman cashed quit,Neutral
https://x.com/rinobusterwins,https://pbs.twimg.com/profile_images/1655202941387644928/8-JYPdIO_normal.jpg,Batman,@rinobusterwins,·,Mar 28,END IRAN HAVING NUKES BITCH,13,,,https://x.com/rinobusterwins/status/2037889120320532989,https://x.com/rinobusterwins/status/2037889120320532989/analytics,end iran having nukes bitch,end iran nuke bitch,Negative
https://x.com/GermanoVernon,https://pbs.twimg.com/profile_images/1726624988294180865/bvQH9aBn_normal.jpg,v4,@GermanoVernon,·,Mar 28,Hey former congresswoman can you please stfu,10,1,2,https://x.com/GermanoVernon/status/2037682664543490194,https://x.com/GermanoVernon/status/2037682664543490194/analytics,hey former congresswoman can you please stfu,hey former congresswoman please stfu,Negative
https://x.com/KaCurrie_45,https://pbs.twimg.com/profile_images/1607403957797933056/F0PKILGR_normal.jpg,KellyCurrie45,@KaCurrie_45,·,Mar 28,Hey Marge,145,2,10,https://x.com/KaCurrie_45/status/2037673004273225782,https://x.com/KaCurrie_45/status/2037673004273225782/analytics,hey marge,hey marge,Neutral
https://x.com/brixelr53,https://pbs.twimg.com/profile_images/1845236163558375426/ydloZFvv_normal.jpg,LB,@brixelr53,·,Mar 28,Actually YOU are not what the American people voted for. Get lost,8,1,,https://x.com/brixelr53/status/2037798508393275659,https://x.com/brixelr53/status/2037798508393275659/analytics,actually you are not what the american people voted for get lost,actually american people voted get lost,Neutral
https://x.com/moopy40,https://pbs.twimg.com/profile_images/1992161930480349184/hMXDiTW8_normal.jpg,Moopy,@moopy40,·,Mar 28,Fuck off,8,3,,https://x.com/moopy40/status/2037598009278537911,https://x.com/moopy40/status/2037598009278537911/analytics,fuck off,fuck,Neutral
https://x.com/mahto_deepak91,https://pbs.twimg.com/profile_images/2024095258737565696/96R1h9BK_normal.jpg,Deepak_ mahto_04,@mahto_deepak91,·,Mar 27,"The U.S. should not be at war in Iran. It’s causing unnecessary death, hurting innocent people, and does not reflect what Americans want.",18,1,,https://x.com/mahto_deepak91/status/2037545921240813919,https://x.com/mahto_deepak91/status/2037545921240813919/analytics,the us should not be at war in iran its causing unnecessary death hurting innocent people and does not reflect what americans want,u war iran causing unnecessary death hurting innocent people reflect american want,Neutral
https://x.com/RealOldTimer,https://pbs.twimg.com/profile_images/1997770362000490496/Ov1UJmY2_normal.jpg,Jimbo,@RealOldTimer,·,Mar 28,"Grifter, be gone.",5,1,,https://x.com/RealOldTimer/status/2037564947773735198,https://x.com/RealOldTimer/status/2037564947773735198/analytics,grifter be gone,grifter gone,Neutral
https://x.com/kap_s19,https://pbs.twimg.com/profile_images/1889790862609022976/GB6FyeM-_normal.jpg,SAKap,@kap_s19,·,Mar 28,Can’t believe she hasn’t gotten an msnow contract yet.,5,,,https://x.com/kap_s19/status/2037711406196215870,https://x.com/kap_s19/status/2037711406196215870/analytics,cant believe she hasnt gotten an msnow contract yet,cant believe hasnt gotten msnow contract yet,Positive
https://x.com/CRussellgo,https://pbs.twimg.com/profile_images/1694503498451468288/VR3ifYDm_normal.jpg,Dr. Russell,@CRussellgo,·,Mar 28,You will never be a leader…,11,1,,https://x.com/CRussellgo/status/2037754822284255550,https://x.com/CRussellgo/status/2037754822284255550/analytics,you will never be a leader,never leader,Negative
https://x.com/anopoli13,https://pbs.twimg.com/profile_images/1833587548381188096/CkLvLzDm_normal.jpg,Joe Cool,@anopoli13,·,Mar 28,Shut up housewife. You were kicked out of Congress you loser. Go wash some dishes or do some laundry.,8,2,,https://x.com/anopoli13/status/2037600296004690248,https://x.com/anopoli13/status/2037600296004690248/analytics,shut up housewife you were kicked out of congress you loser go wash some dishes or do some laundry,shut housewife kicked congress loser go wash dish laundry,Negative
https://x.com/PhonseWilson,https://pbs.twimg.com/profile_images/2008505484815339520/SIcEx-0Y_normal.jpg,Phonseheart,@PhonseWilson,·,Mar 27,That little brain bouncing around in that big head.,21,4,,https://x.com/PhonseWilson/status/2037559164927381965,https://x.com/PhonseWilson/status/2037559164927381965/analytics,that little brain bouncing around in that big head,little brain bouncing around big head,Neutral
https://x.com/Florida3Lover,https://pbs.twimg.com/profile_images/1889549934476795906/n3Epp6CC_normal.jpg,Florida Lover,@Florida3Lover,·,Mar 27,You have lost most of us Marjorie.   The non stop attacks from you just seem like a scorned woman.   End the nasty woman routine it is not becoming,17,1,,https://x.com/Florida3Lover/status/2037549275559624907,https://x.com/Florida3Lover/status/2037549275559624907/analytics,you have lost most of us marjorie the non stop attacks from you just seem like a scorned woman end the nasty woman routine it is not becoming,lost u marjorie non stop attack seem like scorned woman end nasty woman routine becoming,Negative
https://x.com/PhilLangager,https://pbs.twimg.com/profile_images/1854256001173921792/8gLiA47p_normal.jpg,Phil L,@PhilLangager,·,Mar 29,JUST GO AWAY ALREADY!,1,,,https://x.com/PhilLangager/status/2037924037540937938,https://x.com/PhilLangager/status/2037924037540937938/analytics,just go away already,go away already,Neutral
https://x.com/mflambert,https://pbs.twimg.com/profile_images/1587447666/me_with_fish_4_normal.jpg,Mike - MarketTradersTV,@mflambert,·,Mar 27,"killing innocent people

shut THE FUCK UP BITCH

the US is the best at reducing collateral damage and its simply not a thing you need to opening your shit hole mouth about",29,1,,https://x.com/mflambert/status/2037535146593702253,https://x.com/mflambert/status/2037535146593702253/analytics,killing innocent people shut the fuck up bitch the __united_states__ is the best at reducing collateral damage and its simply not a thing you need to opening your shit hole mouth about,killing innocent people shut fuck bitch united_states best reducing collateral damage simply thing need opening shit hole mouth,Neutral
https://x.com/XRPODL1,https://pbs.twimg.com/profile_images/1182120235912060929/BsoXNcsx_normal.jpg,XRP@ODL,@XRPODL1,·,Mar 27,traitor.,12,3,,https://x.com/XRPODL1/status/2037555062906503564,https://x.com/XRPODL1/status/2037555062906503564/analytics,traitor,traitor,Neutral
https://x.com/EndLiberalism,https://pbs.twimg.com/profile_images/1912198208903602176/FElVaeyo_normal.jpg,Salty Tyer / Join the NRA,@EndLiberalism,·,Mar 27,Stfu ho,6,1,,https://x.com/EndLiberalism/status/2037559215040954652,https://x.com/EndLiberalism/status/2037559215040954652/analytics,stfu ho,stfu ho,Neutral
https://x.com/kush_kadakia,https://pbs.twimg.com/profile_images/1603887994859143168/R_QeDXlJ_normal.jpg,Kush,@kush_kadakia,·,Mar 27,fuck up bitch,6,1,,https://x.com/kush_kadakia/status/2037558477367783870,https://x.com/kush_kadakia/status/2037558477367783870/analytics,fuck up bitch,fuck bitch,Negative
https://x.com/GoodnerThe,https://pbs.twimg.com/profile_images/1848454386160226304/NHRFk_PW_normal.jpg,TheRhetorician,@GoodnerThe,·,Mar 29,"You sound really, really stupid. Go away.",1,,,https://x.com/GoodnerThe/status/2037939641362354677,https://x.com/GoodnerThe/status/2037939641362354677/analytics,you sound really really stupid go away,sound really really stupid go away,Positive
https://x.com/PoskeyStephen,https://pbs.twimg.com/profile_images/1808144032851214336/TYZQUfQl_normal.jpg,Skeptical,@PoskeyStephen,·,Mar 28,"Innocent, no one is innocent, NO ONE!",12,3,,https://x.com/PoskeyStephen/status/2037744477582840215,https://x.com/PoskeyStephen/status/2037744477582840215/analytics,innocent no one is innocent no one,innocent one innocent one,Positive
https://x.com/MtrejoG41242242,https://pbs.twimg.com/profile_images/2028305247970746368/w57vzRW__normal.jpg,MtrejoP,@MtrejoG41242242,·,Mar 27,Stfu lady go do some charity work or something if you wanted to make a difference you should have stay in,7,2,,https://x.com/MtrejoG41242242/status/2037538096124666063,https://x.com/MtrejoG41242242/status/2037538096124666063/analytics,stfu lady go do some charity work or something if you wanted to make a difference you should have stay in,stfu lady go charity work something wanted make difference stay,Positive
https://x.com/realmwb77,https://pbs.twimg.com/profile_images/2033925230700404736/Scjc8vfa_normal.jpg,The American Scotsman Mike,@realmwb77,·,Mar 28,Shut up Marge.,10,,,https://x.com/realmwb77/status/2037719317437878635,https://x.com/realmwb77/status/2037719317437878635/analytics,shut up marge,shut marge,Neutral
https://x.com/FroshBoy6,https://pbs.twimg.com/profile_images/1517973079959519233/1Qam0-Db_normal.jpg,Frosh Boy,@FroshBoy6,·,Mar 28,Be humble you’re just a formal,5,2,,https://x.com/FroshBoy6/status/2037564493769605457,https://x.com/FroshBoy6/status/2037564493769605457/analytics,be humble youre just a formal,humble youre formal,Negative
https://x.com/wonNonlyfrench,https://pbs.twimg.com/profile_images/1965416435682803712/hSdmBLZ7_normal.jpg,Dan French,@wonNonlyfrench,·,Mar 27,Today is Friday and Madge is still a quitter.,12,2,,https://x.com/wonNonlyfrench/status/2037537303715864820,https://x.com/wonNonlyfrench/status/2037537303715864820/analytics,today is friday and madge is still a quitter,today friday madge still quitter,Neutral
https://x.com/madeyoulook76,https://pbs.twimg.com/profile_images/1637283265701638148/Lgfn9K7__normal.jpg,Mama Bear 1976,@madeyoulook76,·,Mar 28,"Never voted for you, you don’t represent anyone now….youre a babbling idiot",7,2,,https://x.com/madeyoulook76/status/2037563007052480839,https://x.com/madeyoulook76/status/2037563007052480839/analytics,never voted for you you dont represent anyone nowyoure a babbling idiot,never voted dont represent anyone nowyoure babbling idiot,Negative
https://x.com/Fred_202,https://pbs.twimg.com/profile_images/1283564607060299776/QyRIN8zE_normal.jpg,AF Vet,@Fred_202,·,Mar 28,"You successfully demonstrated politicians have no values, you'll morph into whatever and whomever serves you best.  Stop interviewing for lib networks just go to ms now or cnn",12,1,,https://x.com/Fred_202/status/2037608510456823919,https://x.com/Fred_202/status/2037608510456823919/analytics,you successfully demonstrated politicians have no values youll morph into whatever and whomever serves you best stop interviewing for lib networks just go to ms now or cnn,successfully demonstrated politician value youll morph whatever whomever serf best stop interviewing lib network go m cnn,Positive
https://x.com/FVanderhoof,https://pbs.twimg.com/profile_images/1638563454964432896/fF9sfZ0t_normal.jpg,Francesca V,@FVanderhoof,·,Mar 28,You’re still irrelevant.,22,1,,https://x.com/FVanderhoof/status/2037887939212980407,https://x.com/FVanderhoof/status/2037887939212980407/analytics,youre still irrelevant,youre still irrelevant,Negative
https://x.com/Trumpyla,https://pbs.twimg.com/profile_images/1967302995420270592/6htm97Wc_normal.jpg,Giedrius Trump,@Trumpyla,·,Mar 28,"My dear representative, one must approach such matters with the cold clarity of history rather than the heat of sentiment. To demand an abrupt end to this conflict, as if it were a mere domestic inconvenience, betrays not only a misreading of events, but a certain impatience with",16,1,1,https://x.com/Trumpyla/status/2037611758840635540,https://x.com/Trumpyla/status/2037611758840635540/analytics,my dear representative one must approach such matters with the cold clarity of history rather than the heat of sentiment to demand an abrupt end to this conflict as if it were a mere domestic inconvenience betrays not only a misreading of events but a certain impatience with,dear representative one must approach matter cold clarity history rather heat sentiment demand abrupt end conflict mere domestic inconvenience betrays misreading event certain impatience,Negative
https://x.com/Sticky815,https://pbs.twimg.com/profile_images/1981028675484004354/3P49xHgy_normal.jpg,Tre5,@Sticky815,·,Mar 28,What to you tell a woman with 2 black eyes?,9,2,,https://x.com/Sticky815/status/2037734094235144425,https://x.com/Sticky815/status/2037734094235144425/analytics,what to you tell a woman with black eyes,tell woman black eye,Negative
https://x.com/Larrloyd,https://pbs.twimg.com/profile_images/1050749113908760577/HnGw7fJg_normal.jpg,Larry Lloyd,@Larrloyd,·,Mar 28,"Blah, blah. Just more spiteful rhetoric.  Nothing new to see here.",5,,,https://x.com/Larrloyd/status/2037892007385813315,https://x.com/Larrloyd/status/2037892007385813315/analytics,blah blah just more spiteful rhetoric nothing new to see here,blah blah spiteful rhetoric nothing new see,Neutral
https://x.com/FreeAsCanBeOG,https://pbs.twimg.com/profile_images/2027611263728291841/eURpj8qg_normal.jpg,Free.as.can.be,@FreeAsCanBeOG,·,Mar 27,Former congresswoman,50,4,,https://x.com/FreeAsCanBeOG/status/2037539684814131305,https://x.com/FreeAsCanBeOG/status/2037539684814131305/analytics,former congresswoman,former congresswoman,Negative
https://x.com/Dr41n1t,https://pbs.twimg.com/profile_images/1878966996852752384/x1beREqz_normal.jpg,Drain it!,@Dr41n1t,·,Mar 27,"It is so good to see ""Former"" in your name.",13,1,3,https://x.com/Dr41n1t/status/2037537132756037915,https://x.com/Dr41n1t/status/2037537132756037915/analytics,it is so good to see former in your name,good see former name,Positive
https://x.com/SinisterSilver2,https://pbs.twimg.com/profile_images/1857912617399881728/v7iBx_gx_normal.jpg,Sinister Silverado,@SinisterSilver2,·,Mar 29,End Iran,5,,,https://x.com/SinisterSilver2/status/2038267805653491805,https://x.com/SinisterSilver2/status/2038267805653491805/analytics,end iran,end iran,Neutral
https://x.com/Abdurazok,https://pbs.twimg.com/profile_images/1142846295977185280/T1J3z0sC_normal.png,Abdurazok Abdulloev,@Abdurazok,·,Mar 28,"Sorry, it is not no more possible",4,,,https://x.com/Abdurazok/status/2037670169518936493,https://x.com/Abdurazok/status/2037670169518936493/analytics,sorry it is not no more possible,sorry possible,Positive
https://x.com/Valdosterini,https://pbs.twimg.com/profile_images/1981545233163624448/oKd1iZiL_normal.jpg,Valdosta,@Valdosterini,·,Mar 29,NO WAY are we walking away from it now!,9,1,,https://x.com/Valdosterini/status/2038074107841966308,https://x.com/Valdosterini/status/2038074107841966308/analytics,no way are we walking away from it now,way walking away,Neutral
https://x.com/SBaranov7,https://pbs.twimg.com/profile_images/711023965658091521/rq1PBAAI_normal.jpg,Sergey Baranov,@SBaranov7,·,Mar 27,"Shut up, and go to pray to Allah.",27,1,3,https://x.com/SBaranov7/status/2037559740671168706,https://x.com/SBaranov7/status/2037559740671168706/analytics,shut up and go to pray to allah,shut go pray allah,Neutral
https://x.com/SLAMDUNKLIBS,https://pbs.twimg.com/profile_images/1556259443305840640/urYyvB4H_normal.jpg,Donald,@SLAMDUNKLIBS,·,Mar 27,"Nobody cares what you think traitor trash. I just like to watch you continue to make a fool of yourself. Fade away Greene.

Bye bye….",14,1,,https://x.com/SLAMDUNKLIBS/status/2037542328450142701,https://x.com/SLAMDUNKLIBS/status/2037542328450142701/analytics,nobody cares what you think traitor trash i just like to watch you continue to make a fool of yourself fade away greene bye bye,nobody care think traitor trash like watch continue make fool fade away greene bye bye,Neutral
https://x.com/XWorldTravelers,https://pbs.twimg.com/profile_images/1938105659557371904/ssqwTRLs_normal.jpg,Anonymous Traveler,@XWorldTravelers,·,Mar 27,Go fuck yourself!,13,1,,https://x.com/XWorldTravelers/status/2037538806178386298,https://x.com/XWorldTravelers/status/2037538806178386298/analytics,go fuck yourself,go fuck,Neutral
https://x.com/Mdharp5050,https://pbs.twimg.com/profile_images/1700311089202831360/d0uIlyjN_normal.png,Micky Harper,@Mdharp5050,·,Mar 27,Hush!,7,3,,https://x.com/Mdharp5050/status/2037544484997669346,https://x.com/Mdharp5050/status/2037544484997669346/analytics,hush,hush,Neutral
https://x.com/tobe_duru,https://pbs.twimg.com/profile_images/2007733412228923393/z5fEI_2v_normal.jpg,Tobe Duru,@tobe_duru,·,Mar 28,it's about time we prioritize peace over conflict,3,,,https://x.com/tobe_duru/status/2037692486701785098,https://x.com/tobe_duru/status/2037692486701785098/analytics,its about time we prioritize peace over conflict,time prioritize peace conflict,Neutral
https://x.com/TMcTravesty,https://pbs.twimg.com/profile_images/1732464289485590528/07FFpeDT_normal.jpg,Travis McTravesty,@TMcTravesty,·,Mar 27,"Yawn. So, anyway, what kind of phreaky stuff was the guy you cheated on your husband with into? 

There's no way it was just straight vanilla sex.",16,4,,https://x.com/TMcTravesty/status/2037537827114606828,https://x.com/TMcTravesty/status/2037537827114606828/analytics,yawn so anyway what kind of phreaky stuff was the guy you cheated on your husband with into theres no way it was just straight vanilla sex,yawn anyway kind phreaky stuff guy cheated husband there way straight vanilla sex,Neutral
https://x.com/dan_themandan,https://pbs.twimg.com/profile_images/1734713569709625345/N0lCvwmS_normal.jpg,Mr. John Daniels,@dan_themandan,·,Mar 27,"STFU and go fix your husband a sandwich. You totally confirm why women have no business being anywhere near the levers of power. You’re weak, emotional and incompetent.",15,2,,https://x.com/dan_themandan/status/2037557101619208357,https://x.com/dan_themandan/status/2037557101619208357/analytics,stfu and go fix your husband a sandwich you totally confirm why women have no business being anywhere near the levers of power youre weak emotional and incompetent,stfu go fix husband sandwich totally confirm woman business anywhere near lever power youre weak emotional incompetent,Neutral
https://x.com/jazbinkc2,https://pbs.twimg.com/profile_images/1519013326218575872/PzYuYAlO_normal.jpg,JazBInTX,@jazbinkc2,·,Mar 27,Clearly you're deficient in the history of the region.,4,1,,https://x.com/jazbinkc2/status/2037552776943702136,https://x.com/jazbinkc2/status/2037552776943702136/analytics,clearly youre deficient in the history of the region,clearly youre deficient history region,Negative
https://x.com/jgpike1,https://pbs.twimg.com/profile_images/1551308166717136898/Vxuq4qjw_normal.jpg,jgpike,@jgpike1,·,Mar 28,Piss off MTG. You are an abject disappointment.,8,,,https://x.com/jgpike1/status/2037697777451286878,https://x.com/jgpike1/status/2037697777451286878/analytics,piss off mtg you are an abject disappointment,piss mtg abject disappointment,Negative
https://x.com/Dawgsfan67,https://pbs.twimg.com/profile_images/1856427033590374400/qGfAKT5x_normal.jpg,ATL Natty,@Dawgsfan67,·,Mar 28,400<4000 killed protesters,7,2,,https://x.com/Dawgsfan67/status/2037561336004034743,https://x.com/Dawgsfan67/status/2037561336004034743/analytics,killed protesters,killed protester,Negative
https://x.com/Edifyingneedful,https://pbs.twimg.com/profile_images/1875577228248952832/tjZ1mDU4_normal.jpg,Bob Blazek,@Edifyingneedful,·,Mar 28,Ending the epicenter of terrorism across the globe is priceless...,6,1,3,https://x.com/Edifyingneedful/status/2037606669018947807,https://x.com/Edifyingneedful/status/2037606669018947807/analytics,ending the epicenter of terrorism across the globe is priceless,ending epicenter terrorism across globe priceless,Neutral
https://x.com/BigSlyJonezSC,https://pbs.twimg.com/profile_images/2026405893986762753/cAApYlAm_normal.jpg,NSWOPS,@BigSlyJonezSC,·,Mar 27,We don’t listen to anything the quitter who was just in government to enrich herself has to say.,22,2,,https://x.com/BigSlyJonezSC/status/2037550745029923135,https://x.com/BigSlyJonezSC/status/2037550745029923135/analytics,we dont listen to anything the quitter who was just in government to enrich herself has to say,dont listen anything quitter government enrich say,Neutral
https://x.com/marty_haworth,https://pbs.twimg.com/profile_images/1956875350677602304/7NsXWSfG_normal.jpg,Marty Haworth,@marty_haworth,·,Mar 28,...wrong...I did vote for exactly this...,3,2,,https://x.com/marty_haworth/status/2037567874534109316,https://x.com/marty_haworth/status/2037567874534109316/analytics,wrongi did vote for exactly this,wrongi vote exactly,Positive
https://x.com/bitsnmyblood,https://pbs.twimg.com/profile_images/2016236517384192001/JwjSgyB6_normal.jpg,Christian Gentry,@bitsnmyblood,·,Mar 27,Are you retarded?,7,2,,https://x.com/bitsnmyblood/status/2037556883477975464,https://x.com/bitsnmyblood/status/2037556883477975464/analytics,are you retarded,retarded,Neutral
https://x.com/DannyAvila951,https://pbs.twimg.com/profile_images/1602553988481634305/_3H4nsbF_normal.jpg,Danny,@DannyAvila951,·,Mar 27,Lol large Marge trying to run for president,11,2,,https://x.com/DannyAvila951/status/2037559123261411585,https://x.com/DannyAvila951/status/2037559123261411585/analytics,lol large marge trying to run for president,laugh loud large marge trying run president,Positive
https://x.com/nygsuck651,https://pbs.twimg.com/profile_images/1624401824160645122/j0PnMHad_normal.jpg,Michael Amarosa,@nygsuck651,·,Mar 27,Stfu traitor,5,3,,https://x.com/nygsuck651/status/2037553844117188894,https://x.com/nygsuck651/status/2037553844117188894/analytics,stfu traitor,stfu traitor,Neutral
https://x.com/NoNotADemocrat,https://pbs.twimg.com/profile_images/1637533578618601476/Mdy_c4VH_normal.jpg,Not a Democrat,@NoNotADemocrat,·,Mar 27,End the RINOS’ careers in DC forever!,8,2,,https://x.com/NoNotADemocrat/status/2037541525467308345,https://x.com/NoNotADemocrat/status/2037541525467308345/analytics,end the rinos careers in dc forever,end rinos career dc forever,Neutral
https://x.com/daramolarf,https://pbs.twimg.com/profile_images/1833159849955180545/66WJ-XrM_normal.jpg,Daramola RF,@daramolarf,·,Mar 27,But in my own opinion the Israel could have just done it alone they have the capability,8,1,,https://x.com/daramolarf/status/2037538801036255554,https://x.com/daramolarf/status/2037538801036255554/analytics,but in my own opinion the israel could have just done it alone they have the capability,opinion israel could done alone capability,Neutral
https://x.com/SongRemains1976,https://pbs.twimg.com/profile_images/2037749289741594624/Z0EMRZ_R_normal.jpg,Heather Feather,@SongRemains1976,·,Mar 28,Please sit down and shut your pie hole Marjorie.,9,1,,https://x.com/SongRemains1976/status/2037577876720255198,https://x.com/SongRemains1976/status/2037577876720255198/analytics,please sit down and shut your pie hole marjorie,please sit shut pie hole marjorie,Positive
https://x.com/TaylorTay66279,https://pbs.twimg.com/profile_images/1827656045105238016/emJ7oeo-_normal.png,Stephen Taylor,@TaylorTay66279,·,Mar 28,You listen to the echo of your bucket clunge too much!,4,2,,https://x.com/TaylorTay66279/status/2037618980265791871,https://x.com/TaylorTay66279/status/2037618980265791871/analytics,you listen to the echo of your bucket clunge too much,listen echo bucket clunge much,Neutral
https://x.com/pvohra320,https://pbs.twimg.com/profile_images/1589251356937920513/uM_oqM3A_normal.jpg,Nobody,@pvohra320,·,Mar 27,SHUTUP.  You are old news lady..,5,,,https://x.com/pvohra320/status/2037556342521794891,https://x.com/pvohra320/status/2037556342521794891/analytics,shutup you are old news lady,shutup old news lady,Positive
https://x.com/stevie_denny,https://pbs.twimg.com/profile_images/1597710307777921024/YiWgo4as_normal.jpg,Stevie Denny,@stevie_denny,·,Mar 27,"Just shut up. You had your chance. Now go away. A title of ""former"" anything means nothing. You couldn't cut it. Just take your grifting money and ride off into the sunset.",9,1,,https://x.com/stevie_denny/status/2037536697567842513,https://x.com/stevie_denny/status/2037536697567842513/analytics,just shut up you had your chance now go away a title of former anything means nothing you couldnt cut it just take your grifting money and ride off into the sunset,shut chance go away title former anything mean nothing couldnt cut take grifting money ride sunset,Neutral
https://x.com/angirishgrl,https://pbs.twimg.com/profile_images/1533214889866678273/mqpnMGe3_normal.png,Angela Flowers,@angirishgrl,·,Mar 27,NO ONE CARES WHAT YOU THINK!!!,8,1,,https://x.com/angirishgrl/status/2037549519072604627,https://x.com/angirishgrl/status/2037549519072604627/analytics,no one cares what you think,one care think,Neutral
https://x.com/8ironmike,https://pbs.twimg.com/profile_images/1996443453484310529/EmDfsCcc_normal.jpg,michael kellam,@8ironmike,·,Mar 28,"It’s not, it never was a war.",9,1,,https://x.com/8ironmike/status/2037603956524761094,https://x.com/8ironmike/status/2037603956524761094/analytics,its not it never was a war,never war,Negative
https://x.com/Praetorian987b,https://pbs.twimg.com/profile_images/1886393990381215745/2VRqK9F9_normal.jpg,Nobody,@Praetorian987b,·,Mar 27,Little Mz irrelevant still flapping her lips,10,1,,https://x.com/Praetorian987b/status/2037535260087660800,https://x.com/Praetorian987b/status/2037535260087660800/analytics,little mz irrelevant still flapping her lips,little mz irrelevant still flapping lip,Negative
https://x.com/TrumpsChampion,https://pbs.twimg.com/profile_images/1623818709608308742/kEXQf8Pb_normal.jpg,USMCGUNZ,@TrumpsChampion,·,Mar 27,I voted to destroy my enemies. The dead isnt a threat.,56,1,7,https://x.com/TrumpsChampion/status/2037557263288746394,https://x.com/TrumpsChampion/status/2037557263288746394/analytics,i voted to destroy my enemies the dead isnt a threat,voted destroy enemy dead isnt threat,Negative
https://x.com/HelenM17813215,https://pbs.twimg.com/profile_images/1607914232988815361/REtf6Qpn_normal.jpg,Helen M,@HelenM17813215,·,Mar 28,I love seeing the word former in front of your name,8,,,https://x.com/HelenM17813215/status/2037695208033325539,https://x.com/HelenM17813215/status/2037695208033325539/analytics,i love seeing the word former in front of your name,love seeing word former front name,Positive
https://x.com/chronicparent,https://pbs.twimg.com/profile_images/1692165263330816000/-UioItND_normal.jpg,Watsername,@chronicparent,·,Mar 27,Shut up,13,1,,https://x.com/chronicparent/status/2037551818721411357,https://x.com/chronicparent/status/2037551818721411357/analytics,shut up,shut,Neutral
https://x.com/Sanne863,https://pbs.twimg.com/profile_images/1613957273876926464/QBBRG5aj_normal.jpg,Sanne Esque,@Sanne863,·,Mar 27,No guts,4,1,,https://x.com/Sanne863/status/2037555916321526112,https://x.com/Sanne863/status/2037555916321526112/analytics,no guts,gut,Neutral
https://x.com/dlmanch,https://pbs.twimg.com/profile_images/1879358047950090240/KCxrVYJY_normal.jpg,Right Wise Owl,@dlmanch,·,Mar 28,Tehran Taylor Greene,21,,,https://x.com/dlmanch/status/2037718739529916797,https://x.com/dlmanch/status/2037718739529916797/analytics,tehran taylor greene,tehran taylor greene,Neutral
https://x.com/souperfan2012,https://pbs.twimg.com/profile_images/1348405225640632323/VYwIn2FP_normal.jpg,Gary Campbell,@souperfan2012,·,Mar 28,This President won’t be surrendering to weakness.,14,2,,https://x.com/souperfan2012/status/2037749546650919036,https://x.com/souperfan2012/status/2037749546650919036/analytics,this president wont be surrendering to weakness,president wont surrendering weakness,Negative
https://x.com/wrathaway88,https://pbs.twimg.com/profile_images/1150175569344118792/1VSFy3rU_normal.jpg,Clyde,@wrathaway88,·,Mar 27,Paid rino propagandist mtg ..,7,1,,https://x.com/wrathaway88/status/2037538932808654996,https://x.com/wrathaway88/status/2037538932808654996/analytics,paid rino propagandist mtg,paid rino propagandist mtg,Neutral
https://x.com/Capnkeefer,https://pbs.twimg.com/profile_images/1688304603085852672/Cz4DPqcK_normal.jpg,Keith Shrum,@Capnkeefer,·,Mar 28,Why don’t you just be quiet and stay out of sight MTG.,13,2,,https://x.com/Capnkeefer/status/2037561585095303299,https://x.com/Capnkeefer/status/2037561585095303299/analytics,why dont you just be quiet and stay out of sight mtg,dont quiet stay sight mtg,Negative
https://x.com/klm9899,https://pbs.twimg.com/profile_images/1973644000570564608/1o9lwOYZ_normal.jpg,Kevin,@klm9899,·,Mar 28,Put a clamp on it comrade.,8,1,2,https://x.com/klm9899/status/2037674793181368609,https://x.com/klm9899/status/2037674793181368609/analytics,put a clamp on it comrade,put clamp comrade,Neutral
https://x.com/HappyGi09234773,https://pbs.twimg.com/profile_images/1159859141197754369/SMxbEmDK_normal.jpg,Happy Gilmore,@HappyGi09234773,·,Mar 27,What happened to you,27,5,,https://x.com/HappyGi09234773/status/2037533517110726941,https://x.com/HappyGi09234773/status/2037533517110726941/analytics,what happened to you,happened,Neutral
https://x.com/RossmanWan51488,https://pbs.twimg.com/profile_images/1777053608514654208/GwaQx36L_normal.jpg,Wanda Rossman,@RossmanWan51488,·,Mar 27,Shut up already,13,1,,https://x.com/RossmanWan51488/status/2037537801206468816,https://x.com/RossmanWan51488/status/2037537801206468816/analytics,shut up already,shut already,Positive
https://x.com/SamyUsa92,https://pbs.twimg.com/profile_images/2037881788534591488/rT0ZCK2r_normal.jpg,SamyUSA92,@SamyUsa92,·,Mar 27,The entire government is compromised. That’s why blackmailing exists.,132,6,,https://x.com/SamyUsa92/status/2037536755247694231,https://x.com/SamyUsa92/status/2037536755247694231/analytics,the entire government is compromised thats why blackmailing exists,entire government compromised thats blackmailing exists,Neutral
https://x.com/TriticoTim,https://pbs.twimg.com/profile_images/1679817705711345664/Us8YD0Js_normal.jpg,Tim Tritico,@TriticoTim,·,Mar 28,Stfu biotch!,2,1,,https://x.com/TriticoTim/status/2037615239219290574,https://x.com/TriticoTim/status/2037615239219290574/analytics,stfu biotch,stfu biotch,Neutral
https://x.com/kramerfinn7,https://pbs.twimg.com/profile_images/1960693561109749762/FrZAq6Fu_normal.jpg,Finn and Dolly,@kramerfinn7,·,Mar 28,I only trust Trump,12,1,,https://x.com/kramerfinn7/status/2037914525299589133,https://x.com/kramerfinn7/status/2037914525299589133/analytics,i only trust trump,trust trump,Neutral
https://x.com/AISpaceIdeas,https://pbs.twimg.com/profile_images/1851350973765337088/YgTq5Jpf_normal.jpg,AI Space Ideas,@AISpaceIdeas,·,Mar 27,Oh okay I’m sure Trump is right on it lmao,10,1,,https://x.com/AISpaceIdeas/status/2037541960702099814,https://x.com/AISpaceIdeas/status/2037541960702099814/analytics,oh okay im sure trump is right on it lmao,oh okay im sure trump right lmao,Negative
https://x.com/AyimBoldreian,https://pbs.twimg.com/profile_images/1518769460131377152/J-Au4_Hv_normal.jpg,Ayim_Boldreian,@AyimBoldreian,·,Mar 28,Go away,6,,,https://x.com/AyimBoldreian/status/2037709199400935811,https://x.com/AyimBoldreian/status/2037709199400935811/analytics,go away,go away,Neutral
https://x.com/varn_brian,https://pbs.twimg.com/profile_images/1600599701933461522/W80Z3jHO_normal.jpg,Brian Varn,@varn_brian,·,Mar 27,"Go home, quitter.",5,1,,https://x.com/varn_brian/status/2037547755602895290,https://x.com/varn_brian/status/2037547755602895290/analytics,go home quitter,go home quitter,Neutral
https://x.com/Dalethemale01,https://pbs.twimg.com/profile_images/1666187711970148353/ad8fFMV0_normal.jpg,teleman,@Dalethemale01,·,Mar 28,Quiet piggy,5,1,,https://x.com/Dalethemale01/status/2037639911734661566,https://x.com/Dalethemale01/status/2037639911734661566/analytics,quiet piggy,quiet piggy,Negative
https://x.com/Scottythth,https://pbs.twimg.com/profile_images/1988294545596162048/WQ55Md3A_normal.jpg,SCOTTYTHTH,@Scottythth,·,Mar 27,Please go away!,8,2,,https://x.com/Scottythth/status/2037535623951634512,https://x.com/Scottythth/status/2037535623951634512/analytics,please go away,please go away,Neutral
https://x.com/FeistyFS079,https://pbs.twimg.com/profile_images/1875310839755886592/HO-dWwP9_normal.jpg,Stephen Miller,@FeistyFS079,·,Mar 28,STFU FORMER congressperson.,7,1,,https://x.com/FeistyFS079/status/2037658566274732292,https://x.com/FeistyFS079/status/2037658566274732292/analytics,stfu former congressperson,stfu former congressperson,Negative
https://x.com/JohnnyMFBravo66,https://pbs.twimg.com/profile_images/1908679395/image_normal.jpg,JohnnyB,@JohnnyMFBravo66,·,Mar 28,We should have bombed Iran back to the stone age years ago,14,,,https://x.com/JohnnyMFBravo66/status/2037888253957747099,https://x.com/JohnnyMFBravo66/status/2037888253957747099/analytics,we should have bombed iran back to the stone age years ago,bombed iran back stone age year ago,Neutral
https://x.com/AngelB51165,https://pbs.twimg.com/profile_images/2025585243156017152/lWP1J28Z_normal.jpg,Angela Bragg,@AngelB51165,·,Mar 27,Blah blah blah,5,2,,https://x.com/AngelB51165/status/2037557781851414606,https://x.com/AngelB51165/status/2037557781851414606/analytics,blah blah blah,blah blah blah,Neutral
https://x.com/janjrgsxr1000,https://pbs.twimg.com/profile_images/1897988969398157312/-pCgoPMN_normal.jpg,Jack Jr,@janjrgsxr1000,·,Mar 27,"Yes, end Iran.",16,1,,https://x.com/janjrgsxr1000/status/2037534126044057938,https://x.com/janjrgsxr1000/status/2037534126044057938/analytics,yes end iran,yes end iran,Positive
https://x.com/Ravi21259,https://pbs.twimg.com/profile_images/1977506381487083520/OnkLZWCG_normal.jpg,Ravi,@Ravi21259,·,Mar 27,There is no real known reason to start the war,10,2,,https://x.com/Ravi21259/status/2037541515321659469,https://x.com/Ravi21259/status/2037541515321659469/analytics,there is no real known reason to start the war,real known reason start war,Neutral
